trial_id,seed,tests_run,bug_found,claimed_confidence,true_pass_rate,threshold,target_confidence,threshold_actually_met,termination_reason,elapsed_micros,outcome
0,0,100,false,0.994375,1,0.95,0.9,true,confidence,2634,TP
1,7919,100,false,0.994375,1,0.95,0.9,true,confidence,795,TP
2,15838,100,false,0.994375,1,0.95,0.9,true,confidence,423,TP
3,23757,100,false,0.994375,1,0.95,0.9,true,confidence,312,TP
4,31676,100,false,0.994375,1,0.95,0.9,true,confidence,283,TP
5,39595,100,false,0.994375,1,0.95,0.9,true,confidence,392,TP
6,47514,100,false,0.994375,1,0.95,0.9,true,confidence,617,TP
7,55433,100,false,0.994375,1,0.95,0.9,true,confidence,335,TP
8,63352,100,false,0.994375,1,0.95,0.9,true,confidence,314,TP
9,71271,100,false,0.994375,1,0.95,0.9,true,confidence,320,TP
10,79190,100,false,0.994375,1,0.95,0.9,true,confidence,235,TP
11,87109,100,false,0.994375,1,0.95,0.9,true,confidence,441,TP
12,95028,100,false,0.994375,1,0.95,0.9,true,confidence,169,TP
13,102947,100,false,0.994375,1,0.95,0.9,true,confidence,177,TP
14,110866,100,false,0.994375,1,0.95,0.9,true,confidence,148,TP
15,118785,100,false,0.994375,1,0.95,0.9,true,confidence,155,TP
16,126704,100,false,0.994375,1,0.95,0.9,true,confidence,180,TP
17,134623,100,false,0.994375,1,0.95,0.9,true,confidence,203,TP
18,142542,100,false,0.994375,1,0.95,0.9,true,confidence,184,TP
19,150461,100,false,0.994375,1,0.95,0.9,true,confidence,255,TP
20,158380,100,false,0.994375,1,0.95,0.9,true,confidence,213,TP
21,166299,100,false,0.994375,1,0.95,0.9,true,confidence,293,TP
22,174218,100,false,0.994375,1,0.95,0.9,true,confidence,176,TP
23,182137,100,false,0.994375,1,0.95,0.9,true,confidence,147,TP
24,190056,100,false,0.994375,1,0.95,0.9,true,confidence,132,TP
25,197975,100,false,0.994375,1,0.95,0.9,true,confidence,131,TP
26,205894,100,false,0.994375,1,0.95,0.9,true,confidence,139,TP
27,213813,100,false,0.994375,1,0.95,0.9,true,confidence,138,TP
28,221732,100,false,0.994375,1,0.95,0.9,true,confidence,141,TP
29,229651,100,false,0.994375,1,0.95,0.9,true,confidence,133,TP
30,237570,100,false,0.994375,1,0.95,0.9,true,confidence,143,TP
31,245489,100,false,0.994375,1,0.95,0.9,true,confidence,134,TP
32,253408,100,false,0.994375,1,0.95,0.9,true,confidence,255,TP
33,261327,100,false,0.994375,1,0.95,0.9,true,confidence,130,TP
34,269246,100,false,0.994375,1,0.95,0.9,true,confidence,126,TP
35,277165,100,false,0.994375,1,0.95,0.9,true,confidence,129,TP
36,285084,100,false,0.994375,1,0.95,0.9,true,confidence,129,TP
37,293003,100,false,0.994375,1,0.95,0.9,true,confidence,126,TP
38,300922,100,false,0.994375,1,0.95,0.9,true,confidence,125,TP
39,308841,100,false,0.994375,1,0.95,0.9,true,confidence,132,TP
40,316760,100,false,0.994375,1,0.95,0.9,true,confidence,143,TP
41,324679,100,false,0.994375,1,0.95,0.9,true,confidence,140,TP
42,332598,100,false,0.994375,1,0.95,0.9,true,confidence,124,TP
43,340517,100,false,0.994375,1,0.95,0.9,true,confidence,229,TP
44,348436,100,false,0.994375,1,0.95,0.9,true,confidence,137,TP
45,356355,100,false,0.994375,1,0.95,0.9,true,confidence,129,TP
46,364274,100,false,0.994375,1,0.95,0.9,true,confidence,137,TP
47,372193,100,false,0.994375,1,0.95,0.9,true,confidence,123,TP
48,380112,100,false,0.994375,1,0.95,0.9,true,confidence,122,TP
49,388031,100,false,0.994375,1,0.95,0.9,true,confidence,123,TP
50,395950,100,false,0.994375,1,0.95,0.95,true,confidence,122,TP
51,403869,100,false,0.994375,1,0.95,0.95,true,confidence,123,TP
52,411788,100,false,0.994375,1,0.95,0.95,true,confidence,126,TP
53,419707,100,false,0.994375,1,0.95,0.95,true,confidence,126,TP
54,427626,100,false,0.994375,1,0.95,0.95,true,confidence,239,TP
55,435545,100,false,0.994375,1,0.95,0.95,true,confidence,131,TP
56,443464,100,false,0.994375,1,0.95,0.95,true,confidence,131,TP
57,451383,100,false,0.994375,1,0.95,0.95,true,confidence,128,TP
58,459302,100,false,0.994375,1,0.95,0.95,true,confidence,127,TP
59,467221,100,false,0.994375,1,0.95,0.95,true,confidence,129,TP
60,475140,100,false,0.994375,1,0.95,0.95,true,confidence,127,TP
61,483059,100,false,0.994375,1,0.95,0.95,true,confidence,131,TP
62,490978,100,false,0.994375,1,0.95,0.95,true,confidence,126,TP
63,498897,100,false,0.994375,1,0.95,0.95,true,confidence,138,TP
64,506816,100,false,0.994375,1,0.95,0.95,true,confidence,134,TP
65,514735,100,false,0.994375,1,0.95,0.95,true,confidence,233,TP
66,522654,100,false,0.994375,1,0.95,0.95,true,confidence,126,TP
67,530573,100,false,0.994375,1,0.95,0.95,true,confidence,126,TP
68,538492,100,false,0.994375,1,0.95,0.95,true,confidence,125,TP
69,546411,100,false,0.994375,1,0.95,0.95,true,confidence,124,TP
70,554330,100,false,0.994375,1,0.95,0.95,true,confidence,124,TP
71,562249,100,false,0.994375,1,0.95,0.95,true,confidence,125,TP
72,570168,100,false,0.994375,1,0.95,0.95,true,confidence,124,TP
73,578087,100,false,0.994375,1,0.95,0.95,true,confidence,134,TP
74,586006,100,false,0.994375,1,0.95,0.95,true,confidence,132,TP
75,593925,100,false,0.994375,1,0.95,0.95,true,confidence,191,TP
76,601844,100,false,0.994375,1,0.95,0.95,true,confidence,281,TP
77,609763,100,false,0.994375,1,0.95,0.95,true,confidence,125,TP
78,617682,100,false,0.994375,1,0.95,0.95,true,confidence,113,TP
79,625601,100,false,0.994375,1,0.95,0.95,true,confidence,112,TP
80,633520,100,false,0.994375,1,0.95,0.95,true,confidence,115,TP
81,641439,100,false,0.994375,1,0.95,0.95,true,confidence,114,TP
82,649358,100,false,0.994375,1,0.95,0.95,true,confidence,125,TP
83,657277,100,false,0.994375,1,0.95,0.95,true,confidence,116,TP
84,665196,100,false,0.994375,1,0.95,0.95,true,confidence,147,TP
85,673115,100,false,0.994375,1,0.95,0.95,true,confidence,125,TP
86,681034,100,false,0.994375,1,0.95,0.95,true,confidence,127,TP
87,688953,100,false,0.994375,1,0.95,0.95,true,confidence,129,TP
88,696872,100,false,0.994375,1,0.95,0.95,true,confidence,231,TP
89,704791,100,false,0.994375,1,0.95,0.95,true,confidence,121,TP
90,712710,100,false,0.994375,1,0.95,0.95,true,confidence,114,TP
91,720629,100,false,0.994375,1,0.95,0.95,true,confidence,115,TP
92,728548,100,false,0.994375,1,0.95,0.95,true,confidence,123,TP
93,736467,100,false,0.994375,1,0.95,0.95,true,confidence,113,TP
94,744386,100,false,0.994375,1,0.95,0.95,true,confidence,113,TP
95,752305,100,false,0.994375,1,0.95,0.95,true,confidence,111,TP
96,760224,100,false,0.994375,1,0.95,0.95,true,confidence,106,TP
97,768143,100,false,0.994375,1,0.95,0.95,true,confidence,109,TP
98,776062,100,false,0.994375,1,0.95,0.95,true,confidence,109,TP
99,783981,100,false,0.994375,1,0.95,0.95,true,confidence,109,TP
100,791900,100,false,0.994375,1,0.95,0.99,true,confidence,273,TP
101,799819,100,false,0.994375,1,0.95,0.99,true,confidence,121,TP
102,807738,100,false,0.994375,1,0.95,0.99,true,confidence,115,TP
103,815657,100,false,0.994375,1,0.95,0.99,true,confidence,106,TP
104,823576,100,false,0.994375,1,0.95,0.99,true,confidence,106,TP
105,831495,100,false,0.994375,1,0.95,0.99,true,confidence,107,TP
106,839414,100,false,0.994375,1,0.95,0.99,true,confidence,106,TP
107,847333,100,false,0.994375,1,0.95,0.99,true,confidence,139,TP
108,855252,100,false,0.994375,1,0.95,0.99,true,confidence,103,TP
109,863171,100,false,0.994375,1,0.95,0.99,true,confidence,103,TP
110,871090,100,false,0.994375,1,0.95,0.99,true,confidence,102,TP
111,879009,100,false,0.994375,1,0.95,0.99,true,confidence,102,TP
112,886928,100,false,0.994375,1,0.95,0.99,true,confidence,219,TP
113,894847,100,false,0.994375,1,0.95,0.99,true,confidence,120,TP
114,902766,100,false,0.994375,1,0.95,0.99,true,confidence,112,TP
115,910685,100,false,0.994375,1,0.95,0.99,true,confidence,104,TP
116,918604,100,false,0.994375,1,0.95,0.99,true,confidence,103,TP
117,926523,100,false,0.994375,1,0.95,0.99,true,confidence,103,TP
118,934442,100,false,0.994375,1,0.95,0.99,true,confidence,102,TP
119,942361,100,false,0.994375,1,0.95,0.99,true,confidence,102,TP
120,950280,100,false,0.994375,1,0.95,0.99,true,confidence,102,TP
121,958199,100,false,0.994375,1,0.95,0.99,true,confidence,141,TP
122,966118,100,false,0.994375,1,0.95,0.99,true,confidence,110,TP
123,974037,100,false,0.994375,1,0.95,0.99,true,confidence,105,TP
124,981956,100,false,0.994375,1,0.95,0.99,true,confidence,105,TP
125,989875,100,false,0.994375,1,0.95,0.99,true,confidence,234,TP
126,997794,100,false,0.994375,1,0.95,0.99,true,confidence,125,TP
127,1005713,100,false,0.994375,1,0.95,0.99,true,confidence,128,TP
128,1013632,100,false,0.994375,1,0.95,0.99,true,confidence,106,TP
129,1021551,100,false,0.994375,1,0.95,0.99,true,confidence,105,TP
130,1029470,100,false,0.994375,1,0.95,0.99,true,confidence,103,TP
131,1037389,100,false,0.994375,1,0.95,0.99,true,confidence,103,TP
132,1045308,100,false,0.994375,1,0.95,0.99,true,confidence,107,TP
133,1053227,100,false,0.994375,1,0.95,0.99,true,confidence,104,TP
134,1061146,100,false,0.994375,1,0.95,0.99,true,confidence,106,TP
135,1069065,100,false,0.994375,1,0.95,0.99,true,confidence,118,TP
136,1076984,100,false,0.994375,1,0.95,0.99,true,confidence,123,TP
137,1084903,100,false,0.994375,1,0.95,0.99,true,confidence,103,TP
138,1092822,100,false,0.994375,1,0.95,0.99,true,confidence,228,TP
139,1100741,100,false,0.994375,1,0.95,0.99,true,confidence,111,TP
140,1108660,100,false,0.994375,1,0.95,0.99,true,confidence,108,TP
141,1116579,100,false,0.994375,1,0.95,0.99,true,confidence,109,TP
142,1124498,100,false,0.994375,1,0.95,0.99,true,confidence,105,TP
143,1132417,100,false,0.994375,1,0.95,0.99,true,confidence,106,TP
144,1140336,100,false,0.994375,1,0.95,0.99,true,confidence,105,TP
145,1148255,100,false,0.994375,1,0.95,0.99,true,confidence,108,TP
146,1156174,100,false,0.994375,1,0.95,0.99,true,confidence,110,TP
147,1164093,100,false,0.994375,1,0.95,0.99,true,confidence,108,TP
148,1172012,100,false,0.994375,1,0.95,0.99,true,confidence,108,TP
149,1179931,100,false,0.994375,1,0.95,0.99,true,confidence,103,TP
150,1187850,100,false,0.994375,0.999,0.95,0.9,true,confidence,251,TP
151,1195769,100,false,0.994375,0.999,0.95,0.9,true,confidence,154,TP
152,1203688,44,true,0.665043,0.999,0.95,0.9,true,bugFound,327,FN
153,1211607,100,false,0.994375,0.999,0.95,0.9,true,confidence,203,TP
154,1219526,100,false,0.994375,0.999,0.95,0.9,true,confidence,155,TP
155,1227445,100,false,0.994375,0.999,0.95,0.9,true,confidence,154,TP
156,1235364,100,false,0.994375,0.999,0.95,0.9,true,confidence,151,TP
157,1243283,100,false,0.994375,0.999,0.95,0.9,true,confidence,149,TP
158,1251202,100,false,0.994375,0.999,0.95,0.9,true,confidence,152,TP
159,1259121,100,false,0.994375,0.999,0.95,0.9,true,confidence,149,TP
160,1267040,47,true,0.699355,0.999,0.95,0.9,true,bugFound,122,FN
161,1274959,100,false,0.994375,0.999,0.95,0.9,true,confidence,139,TP
162,1282878,100,false,0.994375,0.999,0.95,0.9,true,confidence,141,TP
163,1290797,100,false,0.994375,0.999,0.95,0.9,true,confidence,269,TP
164,1298716,1,true,0.002500,0.999,0.95,0.9,true,bugFound,59,FN
165,1306635,100,false,0.994375,0.999,0.95,0.9,true,confidence,147,TP
166,1314554,100,false,0.994375,0.999,0.95,0.9,true,confidence,107,TP
167,1322473,100,false,0.994375,0.999,0.95,0.9,true,confidence,115,TP
168,1330392,100,false,0.994375,0.999,0.95,0.9,true,confidence,103,TP
169,1338311,100,false,0.994375,0.999,0.95,0.9,true,confidence,128,TP
170,1346230,100,false,0.994375,0.999,0.95,0.9,true,confidence,137,TP
171,1354149,100,false,0.994375,0.999,0.95,0.9,true,confidence,111,TP
172,1362068,100,false,0.994375,0.999,0.95,0.9,true,confidence,109,TP
173,1369987,100,false,0.994375,0.999,0.95,0.9,true,confidence,104,TP
174,1377906,100,false,0.994375,0.999,0.95,0.9,true,confidence,102,TP
175,1385825,100,false,0.994375,0.999,0.95,0.9,true,confidence,215,TP
176,1393744,25,true,0.375873,0.999,0.95,0.9,true,bugFound,58,FN
177,1401663,100,false,0.994375,0.999,0.95,0.9,true,confidence,104,TP
178,1409582,100,false,0.994375,0.999,0.95,0.9,true,confidence,101,TP
179,1417501,100,false,0.994375,0.999,0.95,0.9,true,confidence,101,TP
180,1425420,100,false,0.994375,0.999,0.95,0.9,true,confidence,124,TP
181,1433339,100,false,0.994375,0.999,0.95,0.9,true,confidence,110,TP
182,1441258,100,false,0.994375,0.999,0.95,0.9,true,confidence,104,TP
183,1449177,100,false,0.994375,0.999,0.95,0.9,true,confidence,110,TP
184,1457096,100,false,0.994375,0.999,0.95,0.9,true,confidence,108,TP
185,1465015,100,false,0.994375,0.999,0.95,0.9,true,confidence,108,TP
186,1472934,100,false,0.994375,0.999,0.95,0.9,true,confidence,100,TP
187,1480853,100,false,0.994375,0.999,0.95,0.9,true,confidence,189,TP
188,1488772,100,false,0.994375,0.999,0.95,0.9,true,confidence,103,TP
189,1496691,100,false,0.994375,0.999,0.95,0.9,true,confidence,99,TP
190,1504610,100,false,0.994375,0.999,0.95,0.9,true,confidence,100,TP
191,1512529,100,false,0.994375,0.999,0.95,0.9,true,confidence,99,TP
192,1520448,100,false,0.994375,0.999,0.95,0.9,true,confidence,102,TP
193,1528367,100,false,0.994375,0.999,0.95,0.9,true,confidence,99,TP
194,1536286,100,false,0.994375,0.999,0.95,0.9,true,confidence,100,TP
195,1544205,100,false,0.994375,0.999,0.95,0.9,true,confidence,99,TP
196,1552124,100,false,0.994375,0.999,0.95,0.9,true,confidence,101,TP
197,1560043,8,true,0.071211,0.999,0.95,0.9,true,bugFound,47,FN
198,1567962,100,false,0.994375,0.999,0.95,0.9,true,confidence,103,TP
199,1575881,100,false,0.994375,0.999,0.95,0.9,true,confidence,238,TP
200,1583800,100,false,0.994375,0.999,0.95,0.95,true,confidence,101,TP
201,1591719,100,false,0.994375,0.999,0.95,0.95,true,confidence,100,TP
202,1599638,100,false,0.994375,0.999,0.95,0.95,true,confidence,109,TP
203,1607557,100,false,0.994375,0.999,0.95,0.95,true,confidence,101,TP
204,1615476,100,false,0.994375,0.999,0.95,0.95,true,confidence,97,TP
205,1623395,100,false,0.994375,0.999,0.95,0.95,true,confidence,97,TP
206,1631314,100,false,0.994375,0.999,0.95,0.95,true,confidence,98,TP
207,1639233,100,false,0.994375,0.999,0.95,0.95,true,confidence,98,TP
208,1647152,100,false,0.994375,0.999,0.95,0.95,true,confidence,105,TP
209,1655071,45,true,0.676819,0.999,0.95,0.95,true,bugFound,70,FN
210,1662990,100,false,0.994375,0.999,0.95,0.95,true,confidence,110,TP
211,1670909,87,true,0.938297,0.999,0.95,0.95,true,bugFound,191,FN
212,1678828,100,false,0.994375,0.999,0.95,0.95,true,confidence,98,TP
213,1686747,100,false,0.994375,0.999,0.95,0.95,true,confidence,119,TP
214,1694666,100,false,0.994375,0.999,0.95,0.95,true,confidence,104,TP
215,1702585,100,false,0.994375,0.999,0.95,0.95,true,confidence,97,TP
216,1710504,100,false,0.994375,0.999,0.95,0.95,true,confidence,97,TP
217,1718423,100,false,0.994375,0.999,0.95,0.95,true,confidence,96,TP
218,1726342,86,true,0.935656,0.999,0.95,0.95,true,bugFound,93,FN
219,1734261,100,false,0.994375,0.999,0.95,0.95,true,confidence,111,TP
220,1742180,100,false,0.994375,0.999,0.95,0.95,true,confidence,99,TP
221,1750099,100,false,0.994375,0.999,0.95,0.95,true,confidence,100,TP
222,1758018,100,false,0.994375,0.999,0.95,0.95,true,confidence,96,TP
223,1765937,100,false,0.994375,0.999,0.95,0.95,true,confidence,191,TP
224,1773856,100,false,0.994375,0.999,0.95,0.95,true,confidence,97,TP
225,1781775,100,false,0.994375,0.999,0.95,0.95,true,confidence,98,TP
226,1789694,52,true,0.750006,0.999,0.95,0.95,true,bugFound,76,FN
227,1797613,100,false,0.994375,0.999,0.95,0.95,true,confidence,100,TP
228,1805532,100,false,0.994375,0.999,0.95,0.95,true,confidence,101,TP
229,1813451,100,false,0.994375,0.999,0.95,0.95,true,confidence,99,TP
230,1821370,100,false,0.994375,0.999,0.95,0.95,true,confidence,96,TP
231,1829289,100,false,0.994375,0.999,0.95,0.95,true,confidence,96,TP
232,1837208,100,false,0.994375,0.999,0.95,0.95,true,confidence,96,TP
233,1845127,27,true,0.411691,0.999,0.95,0.95,true,bugFound,64,FN
234,1853046,100,false,0.994375,0.999,0.95,0.95,true,confidence,101,TP
235,1860965,100,false,0.994375,0.999,0.95,0.95,true,confidence,114,TP
236,1868884,100,false,0.994375,0.999,0.95,0.95,true,confidence,222,TP
237,1876803,100,false,0.994375,0.999,0.95,0.95,true,confidence,111,TP
238,1884722,100,false,0.994375,0.999,0.95,0.95,true,confidence,101,TP
239,1892641,100,false,0.994375,0.999,0.95,0.95,true,confidence,100,TP
240,1900560,100,false,0.994375,0.999,0.95,0.95,true,confidence,100,TP
241,1908479,100,false,0.994375,0.999,0.95,0.95,true,confidence,101,TP
242,1916398,100,false,0.994375,0.999,0.95,0.95,true,confidence,105,TP
243,1924317,100,false,0.994375,0.999,0.95,0.95,true,confidence,123,TP
244,1932236,100,false,0.994375,0.999,0.95,0.95,true,confidence,118,TP
245,1940155,100,false,0.994375,0.999,0.95,0.95,true,confidence,103,TP
246,1948074,100,false,0.994375,0.999,0.95,0.95,true,confidence,104,TP
247,1955993,100,false,0.994375,0.999,0.95,0.95,true,confidence,121,TP
248,1963912,37,true,0.572813,0.999,0.95,0.95,true,bugFound,77,FN
249,1971831,100,false,0.994375,0.999,0.95,0.95,true,confidence,243,TP
250,1979750,44,true,0.665043,0.999,0.95,0.99,true,bugFound,74,FN
251,1987669,83,true,0.927077,0.999,0.95,0.99,true,bugFound,85,FN
252,1995588,100,false,0.994375,0.999,0.95,0.99,true,confidence,96,TP
253,2003507,100,false,0.994375,0.999,0.95,0.99,true,confidence,95,TP
254,2011426,100,false,0.994375,0.999,0.95,0.99,true,confidence,96,TP
255,2019345,100,false,0.994375,0.999,0.95,0.99,true,confidence,128,TP
256,2027264,100,false,0.994375,0.999,0.95,0.99,true,confidence,109,TP
257,2035183,100,false,0.994375,0.999,0.95,0.99,true,confidence,96,TP
258,2043102,100,false,0.994375,0.999,0.95,0.99,true,confidence,103,TP
259,2051021,100,false,0.994375,0.999,0.95,0.99,true,confidence,97,TP
260,2058940,100,false,0.994375,0.999,0.95,0.99,true,confidence,105,TP
261,2066859,100,false,0.994375,0.999,0.95,0.99,true,confidence,108,TP
262,2074778,100,false,0.994375,0.999,0.95,0.99,true,confidence,178,TP
263,2082697,100,false,0.994375,0.999,0.95,0.99,true,confidence,117,TP
264,2090616,100,false,0.994375,0.999,0.95,0.99,true,confidence,100,TP
265,2098535,100,false,0.994375,0.999,0.95,0.99,true,confidence,95,TP
266,2106454,100,false,0.994375,0.999,0.95,0.99,true,confidence,94,TP
267,2114373,100,false,0.994375,0.999,0.95,0.99,true,confidence,95,TP
268,2122292,100,false,0.994375,0.999,0.95,0.99,true,confidence,101,TP
269,2130211,100,false,0.994375,0.999,0.95,0.99,true,confidence,104,TP
270,2138130,100,false,0.994375,0.999,0.95,0.99,true,confidence,95,TP
271,2146049,100,false,0.994375,0.999,0.95,0.99,true,confidence,94,TP
272,2153968,100,false,0.994375,0.999,0.95,0.99,true,confidence,96,TP
273,2161887,100,false,0.994375,0.999,0.95,0.99,true,confidence,94,TP
274,2169806,100,false,0.994375,0.999,0.95,0.99,true,confidence,210,TP
275,2177725,15,true,0.189240,0.999,0.95,0.99,true,bugFound,40,FN
276,2185644,100,false,0.994375,0.999,0.95,0.99,true,confidence,92,TP
277,2193563,100,false,0.994375,0.999,0.95,0.99,true,confidence,92,TP
278,2201482,100,false,0.994375,0.999,0.95,0.99,true,confidence,91,TP
279,2209401,100,false,0.994375,0.999,0.95,0.99,true,confidence,94,TP
280,2217320,100,false,0.994375,0.999,0.95,0.99,true,confidence,94,TP
281,2225239,100,false,0.994375,0.999,0.95,0.99,true,confidence,91,TP
282,2233158,100,false,0.994375,0.999,0.95,0.99,true,confidence,91,TP
283,2241077,100,false,0.994375,0.999,0.95,0.99,true,confidence,91,TP
284,2248996,100,false,0.994375,0.999,0.95,0.99,true,confidence,91,TP
285,2256915,100,false,0.994375,0.999,0.95,0.99,true,confidence,95,TP
286,2264834,100,false,0.994375,0.999,0.95,0.99,true,confidence,94,TP
287,2272753,100,false,0.994375,0.999,0.95,0.99,true,confidence,92,TP
288,2280672,100,false,0.994375,0.999,0.95,0.99,true,confidence,173,TP
289,2288591,100,false,0.994375,0.999,0.95,0.99,true,confidence,92,TP
290,2296510,100,false,0.994375,0.999,0.95,0.99,true,confidence,91,TP
291,2304429,100,false,0.994375,0.999,0.95,0.99,true,confidence,91,TP
292,2312348,100,false,0.994375,0.999,0.95,0.99,true,confidence,91,TP
293,2320267,100,false,0.994375,0.999,0.95,0.99,true,confidence,94,TP
294,2328186,100,false,0.994375,0.999,0.95,0.99,true,confidence,92,TP
295,2336105,100,false,0.994375,0.999,0.95,0.99,true,confidence,91,TP
296,2344024,100,false,0.994375,0.999,0.95,0.99,true,confidence,91,TP
297,2351943,100,false,0.994375,0.999,0.95,0.99,true,confidence,92,TP
298,2359862,28,true,0.429215,0.999,0.95,0.99,true,bugFound,45,FN
299,2367781,15,true,0.189240,0.999,0.95,0.99,true,bugFound,38,FN
300,2375700,62,true,0.829530,0.99,0.95,0.9,true,bugFound,66,FN
301,2383619,100,false,0.994375,0.99,0.95,0.9,true,confidence,91,TP
302,2391538,21,true,0.301849,0.99,0.95,0.9,true,bugFound,39,FN
303,2399457,100,false,0.994375,0.99,0.95,0.9,true,confidence,152,TP
304,2407376,41,true,0.627636,0.99,0.95,0.9,true,bugFound,53,FN
305,2415295,11,true,0.118360,0.99,0.95,0.9,true,bugFound,32,FN
306,2423214,38,true,0.587052,0.99,0.95,0.9,true,bugFound,52,FN
307,2431133,100,false,0.994375,0.99,0.95,0.9,true,confidence,92,TP
308,2439052,28,true,0.429215,0.99,0.95,0.9,true,bugFound,43,FN
309,2446971,30,true,0.463403,0.99,0.95,0.9,true,bugFound,44,FN
310,2454890,100,false,0.994375,0.99,0.95,0.9,true,confidence,92,TP
311,2462809,100,false,0.994375,0.99,0.95,0.9,true,confidence,92,TP
312,2470728,21,true,0.301849,0.99,0.95,0.9,true,bugFound,46,FN
313,2478647,100,false,0.994375,0.99,0.95,0.9,true,confidence,102,TP
314,2486566,28,true,0.429215,0.99,0.95,0.9,true,bugFound,43,FN
315,2494485,100,false,0.994375,0.99,0.95,0.9,true,confidence,92,TP
316,2502404,100,false,0.994375,0.99,0.95,0.9,true,confidence,93,TP
317,2510323,100,false,0.994375,0.99,0.95,0.9,true,confidence,91,TP
318,2518242,100,false,0.994375,0.99,0.95,0.9,true,confidence,92,TP
319,2526161,100,false,0.994375,0.99,0.95,0.9,true,confidence,172,TP
320,2534080,21,true,0.301849,0.99,0.95,0.9,true,bugFound,39,FN
321,2541999,3,true,0.014019,0.99,0.95,0.9,true,bugFound,27,FN
322,2549918,12,true,0.135424,0.99,0.95,0.9,true,bugFound,39,FN
323,2557837,12,true,0.135424,0.99,0.95,0.9,true,bugFound,32,FN
324,2565756,10,true,0.101895,0.99,0.95,0.9,true,bugFound,31,FN
325,2573675,4,true,0.022593,0.99,0.95,0.9,true,bugFound,27,FN
326,2581594,7,true,0.057245,0.99,0.95,0.9,true,bugFound,29,FN
327,2589513,54,true,0.768113,0.99,0.95,0.9,true,bugFound,60,FN
328,2597432,100,false,0.994375,0.99,0.95,0.9,true,confidence,93,TP
329,2605351,100,false,0.994375,0.99,0.95,0.9,true,confidence,91,TP
330,2613270,20,true,0.283028,0.99,0.95,0.9,true,bugFound,38,FN
331,2621189,68,true,0.865520,0.99,0.95,0.9,true,bugFound,70,FN
332,2629108,54,true,0.768113,0.99,0.95,0.9,true,bugFound,61,FN
333,2637027,30,true,0.463403,0.99,0.95,0.9,true,bugFound,44,FN
334,2644946,31,true,0.480038,0.99,0.95,0.9,true,bugFound,45,FN
335,2652865,100,false,0.994375,0.99,0.95,0.9,true,confidence,96,TP
336,2660784,76,true,0.902673,0.99,0.95,0.9,true,bugFound,75,FN
337,2668703,100,false,0.994375,0.99,0.95,0.9,true,confidence,107,TP
338,2676622,28,true,0.429215,0.99,0.95,0.9,true,bugFound,124,FN
339,2684541,23,true,0.339183,0.99,0.95,0.9,true,bugFound,40,FN
340,2692460,79,true,0.913946,0.99,0.95,0.9,true,bugFound,78,FN
341,2700379,98,true,0.961295,0.99,0.95,0.9,true,bugFound,90,FN
342,2708298,31,true,0.480038,0.99,0.95,0.9,true,bugFound,45,FN
343,2716217,22,true,0.320580,0.99,0.95,0.9,true,bugFound,39,FN
344,2724136,59,true,0.808447,0.99,0.95,0.9,true,bugFound,64,FN
345,2732055,4,true,0.022593,0.99,0.95,0.9,true,bugFound,27,FN
346,2739974,100,false,0.994375,0.99,0.95,0.9,true,confidence,92,TP
347,2747893,100,false,0.994375,0.99,0.95,0.9,true,confidence,107,TP
348,2755812,100,false,0.994375,0.99,0.95,0.9,true,confidence,92,TP
349,2763731,22,true,0.320580,0.99,0.95,0.9,true,bugFound,39,FN
350,2771650,97,true,0.959603,0.99,0.95,0.95,true,bugFound,90,FN
351,2779569,15,true,0.189240,0.99,0.95,0.95,true,bugFound,34,FN
352,2787488,100,false,0.994375,0.99,0.95,0.95,true,confidence,96,TP
353,2795407,54,true,0.768113,0.99,0.95,0.95,true,bugFound,68,FN
354,2803326,100,false,0.994375,0.99,0.95,0.95,true,confidence,95,TP
355,2811245,1,true,0.002500,0.99,0.95,0.95,true,bugFound,103,FN
356,2819164,100,false,0.994375,0.99,0.95,0.95,true,confidence,92,TP
357,2827083,100,false,0.994375,0.99,0.95,0.95,true,confidence,91,TP
358,2835002,57,true,0.793126,0.99,0.95,0.95,true,bugFound,63,FN
359,2842921,28,true,0.429215,0.99,0.95,0.95,true,bugFound,43,FN
360,2850840,100,false,0.994375,0.99,0.95,0.95,true,confidence,94,TP
361,2858759,100,false,0.994375,0.99,0.95,0.95,true,confidence,91,TP
362,2866678,33,true,0.512331,0.99,0.95,0.95,true,bugFound,47,FN
363,2874597,16,true,0.207772,0.99,0.95,0.95,true,bugFound,35,FN
364,2882516,2,true,0.007250,0.99,0.95,0.95,true,bugFound,25,FN
365,2890435,100,false,0.994375,0.99,0.95,0.95,true,confidence,92,TP
366,2898354,100,false,0.994375,0.99,0.95,0.95,true,confidence,140,TP
367,2906273,5,true,0.032774,0.99,0.95,0.95,true,bugFound,52,FN
368,2914192,100,false,0.994375,0.99,0.95,0.95,true,confidence,104,TP
369,2922111,9,true,0.086138,0.99,0.95,0.95,true,bugFound,77,FN
370,2930030,100,false,0.994375,0.99,0.95,0.95,true,confidence,110,TP
371,2937949,52,true,0.750006,0.99,0.95,0.95,true,bugFound,67,FN
372,2945868,100,false,0.994375,0.99,0.95,0.95,true,confidence,223,TP
373,2953787,64,true,0.842399,0.99,0.95,0.95,true,bugFound,77,FN
374,2961706,77,true,0.906576,0.99,0.95,0.95,true,bugFound,78,FN
375,2969625,82,true,0.923984,0.99,0.95,0.95,true,bugFound,80,FN
376,2977544,53,true,0.759207,0.99,0.95,0.95,true,bugFound,63,FN
377,2985463,100,false,0.994375,0.99,0.95,0.95,true,confidence,94,TP
378,2993382,100,false,0.994375,0.99,0.95,0.95,true,confidence,97,TP
379,3001301,48,true,0.710124,0.99,0.95,0.95,true,bugFound,57,FN
380,3009220,42,true,0.640455,0.99,0.95,0.95,true,bugFound,55,FN
381,3017139,15,true,0.189240,0.99,0.95,0.95,true,bugFound,34,FN
382,3025058,100,false,0.994375,0.99,0.95,0.95,true,confidence,95,TP
383,3032977,100,false,0.994375,0.99,0.95,0.95,true,confidence,95,TP
384,3040896,4,true,0.022593,0.99,0.95,0.95,true,bugFound,27,FN
385,3048815,100,false,0.994375,0.99,0.95,0.95,true,confidence,96,TP
386,3056734,27,true,0.411691,0.99,0.95,0.95,true,bugFound,42,FN
387,3064653,41,true,0.627636,0.99,0.95,0.95,true,bugFound,55,FN
388,3072572,37,true,0.572813,0.99,0.95,0.95,true,bugFound,190,FN
389,3080491,100,false,0.994375,0.99,0.95,0.95,true,confidence,99,TP
390,3088410,33,true,0.512331,0.99,0.95,0.95,true,bugFound,52,FN
391,3096329,87,true,0.938297,0.99,0.95,0.95,true,bugFound,95,FN
392,3104248,46,true,0.688255,0.99,0.95,0.95,true,bugFound,64,FN
393,3112167,91,true,0.947864,0.99,0.95,0.95,true,bugFound,93,FN
394,3120086,9,true,0.086138,0.99,0.95,0.95,true,bugFound,37,FN
395,3128005,60,true,0.815721,0.99,0.95,0.95,true,bugFound,68,FN
396,3135924,90,true,0.945614,0.99,0.95,0.95,true,bugFound,95,FN
397,3143843,37,true,0.572813,0.99,0.95,0.95,true,bugFound,50,FN
398,3151762,90,true,0.945614,0.99,0.95,0.95,true,bugFound,92,FN
399,3159681,11,true,0.118360,0.99,0.95,0.95,true,bugFound,32,FN
400,3167600,23,true,0.339183,0.99,0.95,0.99,true,bugFound,43,FN
401,3175519,100,false,0.994375,0.99,0.95,0.99,true,confidence,99,TP
402,3183438,49,true,0.720568,0.99,0.95,0.99,true,bugFound,59,FN
403,3191357,25,true,0.375873,0.99,0.95,0.99,true,bugFound,41,FN
404,3199276,100,false,0.994375,0.99,0.95,0.99,true,confidence,137,TP
405,3207195,62,true,0.829530,0.99,0.95,0.99,true,bugFound,177,FN
406,3215114,78,true,0.910332,0.99,0.95,0.99,true,bugFound,83,FN
407,3223033,100,false,0.994375,0.99,0.95,0.99,true,confidence,96,TP
408,3230952,100,false,0.994375,0.99,0.95,0.99,true,confidence,99,TP
409,3238871,4,true,0.022593,0.99,0.95,0.99,true,bugFound,32,FN
410,3246790,97,true,0.959603,0.99,0.95,0.99,true,bugFound,173,FN
411,3254709,74,true,0.894405,0.99,0.95,0.99,true,bugFound,92,FN
412,3262628,94,true,0.954091,0.99,0.95,0.99,true,bugFound,105,FN
413,3270547,38,true,0.587052,0.99,0.95,0.99,true,bugFound,56,FN
414,3278466,65,true,0.848496,0.99,0.95,0.99,true,bugFound,68,FN
415,3286385,62,true,0.829530,0.99,0.95,0.99,true,bugFound,70,FN
416,3294304,100,false,0.994375,0.99,0.95,0.99,true,confidence,102,TP
417,3302223,46,true,0.688255,0.99,0.95,0.99,true,bugFound,68,FN
418,3310142,20,true,0.283028,0.99,0.95,0.99,true,bugFound,54,FN
419,3318061,100,false,0.994375,0.99,0.95,0.99,true,confidence,99,TP
420,3325980,100,false,0.994375,0.99,0.95,0.99,true,confidence,97,TP
421,3333899,19,true,0.264160,0.99,0.95,0.99,true,bugFound,149,FN
422,3341818,100,false,0.994375,0.99,0.95,0.99,true,confidence,95,TP
423,3349737,31,true,0.480038,0.99,0.95,0.99,true,bugFound,52,FN
424,3357656,100,false,0.994375,0.99,0.95,0.99,true,confidence,92,TP
425,3365575,1,true,0.002500,0.99,0.95,0.99,true,bugFound,25,FN
426,3373494,100,false,0.994375,0.99,0.95,0.99,true,confidence,96,TP
427,3381413,2,true,0.007250,0.99,0.95,0.99,true,bugFound,27,FN
428,3389332,6,true,0.044381,0.99,0.95,0.99,true,bugFound,28,FN
429,3397251,100,false,0.994375,0.99,0.95,0.99,true,confidence,95,TP
430,3405170,100,false,0.994375,0.99,0.95,0.99,true,confidence,102,TP
431,3413089,57,true,0.793126,0.99,0.95,0.99,true,bugFound,65,FN
432,3421008,42,true,0.640455,0.99,0.95,0.99,true,bugFound,54,FN
433,3428927,43,true,0.652923,0.99,0.95,0.99,true,bugFound,55,FN
434,3436846,45,true,0.676819,0.99,0.95,0.99,true,bugFound,65,FN
435,3444765,100,false,0.994375,0.99,0.95,0.99,true,confidence,100,TP
436,3452684,100,false,0.994375,0.99,0.95,0.99,true,confidence,135,TP
437,3460603,50,true,0.730693,0.99,0.95,0.99,true,bugFound,68,FN
438,3468522,96,true,0.957841,0.99,0.95,0.99,true,bugFound,212,FN
439,3476441,32,true,0.496350,0.99,0.95,0.99,true,bugFound,47,FN
440,3484360,42,true,0.640455,0.99,0.95,0.99,true,bugFound,55,FN
441,3492279,96,true,0.957841,0.99,0.95,0.99,true,bugFound,89,FN
442,3500198,8,true,0.071211,0.99,0.95,0.99,true,bugFound,29,FN
443,3508117,100,false,0.994375,0.99,0.95,0.99,true,confidence,95,TP
444,3516036,48,true,0.710124,0.99,0.95,0.99,true,bugFound,57,FN
445,3523955,28,true,0.429215,0.99,0.95,0.99,true,bugFound,43,FN
446,3531874,23,true,0.339183,0.99,0.95,0.99,true,bugFound,39,FN
447,3539793,8,true,0.071211,0.99,0.95,0.99,true,bugFound,29,FN
448,3547712,100,false,0.994375,0.99,0.95,0.99,true,confidence,93,TP
449,3555631,14,true,0.170953,0.99,0.95,0.99,true,bugFound,33,FN
450,3563550,31,true,0.480038,0.97,0.95,0.9,true,bugFound,45,FN
451,3571469,6,true,0.044381,0.97,0.95,0.9,true,bugFound,28,FN
452,3579388,9,true,0.086138,0.97,0.95,0.9,true,bugFound,30,FN
453,3587307,100,false,0.994375,0.97,0.95,0.9,true,confidence,92,TP
454,3595226,53,true,0.759207,0.97,0.95,0.9,true,bugFound,64,FN
455,3603145,7,true,0.057245,0.97,0.95,0.9,true,bugFound,29,FN
456,3611064,37,true,0.572813,0.97,0.95,0.9,true,bugFound,49,FN
457,3618983,100,false,0.994375,0.97,0.95,0.9,true,confidence,185,TP
458,3626902,8,true,0.071211,0.97,0.95,0.9,true,bugFound,30,FN
459,3634821,15,true,0.189240,0.97,0.95,0.9,true,bugFound,36,FN
460,3642740,16,true,0.207772,0.97,0.95,0.9,true,bugFound,34,FN
461,3650659,10,true,0.101895,0.97,0.95,0.9,true,bugFound,30,FN
462,3658578,82,true,0.923984,0.97,0.95,0.9,true,bugFound,79,FN
463,3666497,47,true,0.699355,0.97,0.95,0.9,true,bugFound,56,FN
464,3674416,54,true,0.768113,0.97,0.95,0.9,true,bugFound,60,FN
465,3682335,66,true,0.854378,0.97,0.95,0.9,true,bugFound,71,FN
466,3690254,42,true,0.640455,0.97,0.95,0.9,true,bugFound,53,FN
467,3698173,14,true,0.170953,0.97,0.95,0.9,true,bugFound,33,FN
468,3706092,27,true,0.411691,0.97,0.95,0.9,true,bugFound,42,FN
469,3714011,13,true,0.152986,0.97,0.95,0.9,true,bugFound,33,FN
470,3721930,5,true,0.032774,0.97,0.95,0.9,true,bugFound,27,FN
471,3729849,50,true,0.730693,0.97,0.95,0.9,true,bugFound,57,FN
472,3737768,100,false,0.994375,0.97,0.95,0.9,true,confidence,91,TP
473,3745687,20,true,0.283028,0.97,0.95,0.9,true,bugFound,37,FN
474,3753606,9,true,0.086138,0.97,0.95,0.9,true,bugFound,31,FN
475,3761525,36,true,0.558218,0.97,0.95,0.9,true,bugFound,48,FN
476,3769444,7,true,0.057245,0.97,0.95,0.9,true,bugFound,28,FN
477,3777363,3,true,0.014019,0.97,0.95,0.9,true,bugFound,25,FN
478,3785282,93,true,0.952099,0.97,0.95,0.9,true,bugFound,181,FN
479,3793201,21,true,0.301849,0.97,0.95,0.9,true,bugFound,42,FN
480,3801120,30,true,0.463403,0.97,0.95,0.9,true,bugFound,44,FN
481,3809039,7,true,0.057245,0.97,0.95,0.9,true,bugFound,29,FN
482,3816958,18,true,0.245293,0.97,0.95,0.9,true,bugFound,36,FN
483,3824877,35,true,0.543271,0.97,0.95,0.9,true,bugFound,87,FN
484,3832796,7,true,0.057245,0.97,0.95,0.9,true,bugFound,32,FN
485,3840715,2,true,0.007250,0.97,0.95,0.9,true,bugFound,26,FN
486,3848634,6,true,0.044381,0.97,0.95,0.9,true,bugFound,29,FN
487,3856553,16,true,0.207772,0.97,0.95,0.9,true,bugFound,34,FN
488,3864472,12,true,0.135424,0.97,0.95,0.9,true,bugFound,36,FN
489,3872391,11,true,0.118360,0.97,0.95,0.9,true,bugFound,39,FN
490,3880310,15,true,0.189240,0.97,0.95,0.9,true,bugFound,35,FN
491,3888229,56,true,0.785066,0.97,0.95,0.9,true,bugFound,67,FN
492,3896148,9,true,0.086138,0.97,0.95,0.9,true,bugFound,30,FN
493,3904067,13,true,0.152986,0.97,0.95,0.9,true,bugFound,32,FN
494,3911986,83,true,0.927077,0.97,0.95,0.9,true,bugFound,80,FN
495,3919905,62,true,0.829530,0.97,0.95,0.9,true,bugFound,66,FN
496,3927824,55,true,0.776730,0.97,0.95,0.9,true,bugFound,61,FN
497,3935743,37,true,0.572813,0.97,0.95,0.9,true,bugFound,51,FN
498,3943662,29,true,0.446458,0.97,0.95,0.9,true,bugFound,43,FN
499,3951581,13,true,0.152986,0.97,0.95,0.9,true,bugFound,32,FN
500,3959500,38,true,0.587052,0.97,0.95,0.95,true,bugFound,49,FN
501,3967419,13,true,0.152986,0.97,0.95,0.95,true,bugFound,128,FN
502,3975338,26,true,0.393904,0.97,0.95,0.95,true,bugFound,47,FN
503,3983257,14,true,0.170953,0.97,0.95,0.95,true,bugFound,44,FN
504,3991176,19,true,0.264160,0.97,0.95,0.95,true,bugFound,39,FN
505,3999095,100,false,0.994375,0.97,0.95,0.95,true,confidence,108,TP
506,4007014,53,true,0.759207,0.97,0.95,0.95,true,bugFound,65,FN
507,4014933,9,true,0.086138,0.97,0.95,0.95,true,bugFound,30,FN
508,4022852,16,true,0.207772,0.97,0.95,0.95,true,bugFound,36,FN
509,4030771,84,true,0.930050,0.97,0.95,0.95,true,bugFound,112,FN
510,4038690,39,true,0.600936,0.97,0.95,0.95,true,bugFound,262,FN
511,4046609,14,true,0.170953,0.97,0.95,0.95,true,bugFound,46,FN
512,4054528,2,true,0.007250,0.97,0.95,0.95,true,bugFound,30,FN
513,4062447,4,true,0.022593,0.97,0.95,0.95,true,bugFound,34,FN
514,4070366,25,true,0.375873,0.97,0.95,0.95,true,bugFound,47,FN
515,4078285,23,true,0.339183,0.97,0.95,0.95,true,bugFound,44,FN
516,4086204,10,true,0.101895,0.97,0.95,0.95,true,bugFound,32,FN
517,4094123,17,true,0.226477,0.97,0.95,0.95,true,bugFound,39,FN
518,4102042,48,true,0.710124,0.97,0.95,0.95,true,bugFound,62,FN
519,4109961,5,true,0.032774,0.97,0.95,0.95,true,bugFound,30,FN
520,4117880,22,true,0.320580,0.97,0.95,0.95,true,bugFound,40,FN
521,4125799,7,true,0.057245,0.97,0.95,0.95,true,bugFound,40,FN
522,4133718,48,true,0.710124,0.97,0.95,0.95,true,bugFound,61,FN
523,4141637,9,true,0.086138,0.97,0.95,0.95,true,bugFound,38,FN
524,4149556,60,true,0.815721,0.97,0.95,0.95,true,bugFound,201,FN
525,4157475,1,true,0.002500,0.97,0.95,0.95,true,bugFound,33,FN
526,4165394,40,true,0.614464,0.97,0.95,0.95,true,bugFound,55,FN
527,4173313,21,true,0.301849,0.97,0.95,0.95,true,bugFound,45,FN
528,4181232,44,true,0.665043,0.97,0.95,0.95,true,bugFound,62,FN
529,4189151,41,true,0.627636,0.97,0.95,0.95,true,bugFound,58,FN
530,4197070,63,true,0.836079,0.97,0.95,0.95,true,bugFound,108,FN
531,4204989,14,true,0.170953,0.97,0.95,0.95,true,bugFound,41,FN
532,4212908,71,true,0.880769,0.97,0.95,0.95,true,bugFound,79,FN
533,4220827,9,true,0.086138,0.97,0.95,0.95,true,bugFound,30,FN
534,4228746,45,true,0.676819,0.97,0.95,0.95,true,bugFound,63,FN
535,4236665,15,true,0.189240,0.97,0.95,0.95,true,bugFound,38,FN
536,4244584,92,true,0.950024,0.97,0.95,0.95,true,bugFound,86,FN
537,4252503,29,true,0.446458,0.97,0.95,0.95,true,bugFound,50,FN
538,4260422,3,true,0.014019,0.97,0.95,0.95,true,bugFound,25,FN
539,4268341,2,true,0.007250,0.97,0.95,0.95,true,bugFound,32,FN
540,4276260,28,true,0.429215,0.97,0.95,0.95,true,bugFound,49,FN
541,4284179,29,true,0.446458,0.97,0.95,0.95,true,bugFound,46,FN
542,4292098,4,true,0.022593,0.97,0.95,0.95,true,bugFound,26,FN
543,4300017,46,true,0.688255,0.97,0.95,0.95,true,bugFound,92,FN
544,4307936,34,true,0.527974,0.97,0.95,0.95,true,bugFound,59,FN
545,4315855,39,true,0.600936,0.97,0.95,0.95,true,bugFound,205,FN
546,4323774,1,true,0.002500,0.97,0.95,0.95,true,bugFound,29,FN
547,4331693,2,true,0.007250,0.97,0.95,0.95,true,bugFound,27,FN
548,4339612,3,true,0.014019,0.97,0.95,0.95,true,bugFound,27,FN
549,4347531,1,true,0.002500,0.97,0.95,0.95,true,bugFound,28,FN
550,4355450,33,true,0.512331,0.97,0.95,0.99,true,bugFound,50,FN
551,4363369,9,true,0.086138,0.97,0.95,0.99,true,bugFound,31,FN
552,4371288,19,true,0.264160,0.97,0.95,0.99,true,bugFound,37,FN
553,4379207,2,true,0.007250,0.97,0.95,0.99,true,bugFound,33,FN
554,4387126,3,true,0.014019,0.97,0.95,0.99,true,bugFound,36,FN
555,4395045,20,true,0.283028,0.97,0.95,0.99,true,bugFound,41,FN
556,4402964,7,true,0.057245,0.97,0.95,0.99,true,bugFound,29,FN
557,4410883,59,true,0.808447,0.97,0.95,0.99,true,bugFound,72,FN
558,4418802,14,true,0.170953,0.97,0.95,0.99,true,bugFound,34,FN
559,4426721,47,true,0.699355,0.97,0.95,0.99,true,bugFound,70,FN
560,4434640,46,true,0.688255,0.97,0.95,0.99,true,bugFound,61,FN
561,4442559,47,true,0.699355,0.97,0.95,0.99,true,bugFound,64,FN
562,4450478,25,true,0.375873,0.97,0.95,0.99,true,bugFound,41,FN
563,4458397,34,true,0.527974,0.97,0.95,0.99,true,bugFound,54,FN
564,4466316,20,true,0.283028,0.97,0.95,0.99,true,bugFound,43,FN
565,4474235,35,true,0.543271,0.97,0.95,0.99,true,bugFound,52,FN
566,4482154,89,true,0.943272,0.97,0.95,0.99,true,bugFound,87,FN
567,4490073,41,true,0.627636,0.97,0.95,0.99,true,bugFound,49,FN
568,4497992,1,true,0.002500,0.97,0.95,0.99,true,bugFound,136,FN
569,4505911,100,false,0.994375,0.97,0.95,0.99,true,confidence,99,TP
570,4513830,23,true,0.339183,0.97,0.95,0.99,true,bugFound,38,FN
571,4521749,32,true,0.496350,0.97,0.95,0.99,true,bugFound,46,FN
572,4529668,30,true,0.463403,0.97,0.95,0.99,true,bugFound,42,FN
573,4537587,33,true,0.512331,0.97,0.95,0.99,true,bugFound,48,FN
574,4545506,100,false,0.994375,0.97,0.95,0.99,true,confidence,95,TP
575,4553425,100,false,0.994375,0.97,0.95,0.99,true,confidence,92,TP
576,4561344,48,true,0.710124,0.97,0.95,0.99,true,bugFound,54,FN
577,4569263,13,true,0.152986,0.97,0.95,0.99,true,bugFound,34,FN
578,4577182,100,false,0.994375,0.97,0.95,0.99,true,confidence,90,TP
579,4585101,30,true,0.463403,0.97,0.95,0.99,true,bugFound,53,FN
580,4593020,15,true,0.189240,0.97,0.95,0.99,true,bugFound,32,FN
581,4600939,4,true,0.022593,0.97,0.95,0.99,true,bugFound,24,FN
582,4608858,13,true,0.152986,0.97,0.95,0.99,true,bugFound,30,FN
583,4616777,3,true,0.014019,0.97,0.95,0.99,true,bugFound,23,FN
584,4624696,99,true,0.962919,0.97,0.95,0.99,true,bugFound,90,FN
585,4632615,4,true,0.022593,0.97,0.95,0.99,true,bugFound,24,FN
586,4640534,38,true,0.587052,0.97,0.95,0.99,true,bugFound,47,FN
587,4648453,19,true,0.264160,0.97,0.95,0.99,true,bugFound,34,FN
588,4656372,100,false,0.994375,0.97,0.95,0.99,true,confidence,199,TP
589,4664291,1,true,0.002500,0.97,0.95,0.99,true,bugFound,23,FN
590,4672210,55,true,0.776730,0.97,0.95,0.99,true,bugFound,59,FN
591,4680129,17,true,0.226477,0.97,0.95,0.99,true,bugFound,34,FN
592,4688048,29,true,0.446458,0.97,0.95,0.99,true,bugFound,41,FN
593,4695967,27,true,0.411691,0.97,0.95,0.99,true,bugFound,40,FN
594,4703886,38,true,0.587052,0.97,0.95,0.99,true,bugFound,48,FN
595,4711805,100,false,0.994375,0.97,0.95,0.99,true,confidence,89,TP
596,4719724,6,true,0.044381,0.97,0.95,0.99,true,bugFound,26,FN
597,4727643,6,true,0.044381,0.97,0.95,0.99,true,bugFound,25,FN
598,4735562,12,true,0.135424,0.97,0.95,0.99,true,bugFound,30,FN
599,4743481,100,false,0.994375,0.97,0.95,0.99,true,confidence,89,TP
600,4751400,6,true,0.044381,0.96,0.95,0.9,true,bugFound,26,FN
601,4759319,19,true,0.264160,0.96,0.95,0.9,true,bugFound,42,FN
602,4767238,4,true,0.022593,0.96,0.95,0.9,true,bugFound,25,FN
603,4775157,46,true,0.688255,0.96,0.95,0.9,true,bugFound,60,FN
604,4783076,43,true,0.652923,0.96,0.95,0.9,true,bugFound,53,FN
605,4790995,17,true,0.226477,0.96,0.95,0.9,true,bugFound,33,FN
606,4798914,46,true,0.688255,0.96,0.95,0.9,true,bugFound,52,FN
607,4806833,14,true,0.170953,0.96,0.95,0.9,true,bugFound,31,FN
608,4814752,40,true,0.614464,0.96,0.95,0.9,true,bugFound,49,FN
609,4822671,11,true,0.118360,0.96,0.95,0.9,true,bugFound,103,FN
610,4830590,13,true,0.152986,0.96,0.95,0.9,true,bugFound,30,FN
611,4838509,19,true,0.264160,0.96,0.95,0.9,true,bugFound,34,FN
612,4846428,4,true,0.022593,0.96,0.95,0.9,true,bugFound,24,FN
613,4854347,24,true,0.357624,0.96,0.95,0.9,true,bugFound,37,FN
614,4862266,8,true,0.071211,0.96,0.95,0.9,true,bugFound,27,FN
615,4870185,18,true,0.245293,0.96,0.95,0.9,true,bugFound,33,FN
616,4878104,29,true,0.446458,0.96,0.95,0.9,true,bugFound,41,FN
617,4886023,100,false,0.994375,0.96,0.95,0.9,true,confidence,90,TP
618,4893942,63,true,0.836079,0.96,0.95,0.9,true,bugFound,64,FN
619,4901861,96,true,0.957841,0.96,0.95,0.9,true,bugFound,87,FN
620,4909780,39,true,0.600936,0.96,0.95,0.9,true,bugFound,47,FN
621,4917699,40,true,0.614464,0.96,0.95,0.9,true,bugFound,48,FN
622,4925618,41,true,0.627636,0.96,0.95,0.9,true,bugFound,49,FN
623,4933537,24,true,0.357624,0.96,0.95,0.9,true,bugFound,38,FN
624,4941456,9,true,0.086138,0.96,0.95,0.9,true,bugFound,27,FN
625,4949375,25,true,0.375873,0.96,0.95,0.9,true,bugFound,38,FN
626,4957294,50,true,0.730693,0.96,0.95,0.9,true,bugFound,56,FN
627,4965213,2,true,0.007250,0.96,0.95,0.9,true,bugFound,22,FN
628,4973132,21,true,0.301849,0.96,0.95,0.9,true,bugFound,36,FN
629,4981051,82,true,0.923984,0.96,0.95,0.9,true,bugFound,77,FN
630,4988970,9,true,0.086138,0.96,0.95,0.9,true,bugFound,141,FN
631,4996889,34,true,0.527974,0.96,0.95,0.9,true,bugFound,55,FN
632,5004808,3,true,0.014019,0.96,0.95,0.9,true,bugFound,29,FN
633,5012727,13,true,0.152986,0.96,0.95,0.9,true,bugFound,45,FN
634,5020646,18,true,0.245293,0.96,0.95,0.9,true,bugFound,57,FN
635,5028565,6,true,0.044381,0.96,0.95,0.9,true,bugFound,28,FN
636,5036484,100,false,0.994375,0.96,0.95,0.9,true,confidence,102,TP
637,5044403,81,true,0.920767,0.96,0.95,0.9,true,bugFound,78,FN
638,5052322,12,true,0.135424,0.96,0.95,0.9,true,bugFound,29,FN
639,5060241,2,true,0.007250,0.96,0.95,0.9,true,bugFound,22,FN
640,5068160,8,true,0.071211,0.96,0.95,0.9,true,bugFound,27,FN
641,5076079,15,true,0.189240,0.96,0.95,0.9,true,bugFound,31,FN
642,5083998,8,true,0.071211,0.96,0.95,0.9,true,bugFound,26,FN
643,5091917,31,true,0.480038,0.96,0.95,0.9,true,bugFound,42,FN
644,5099836,2,true,0.007250,0.96,0.95,0.9,true,bugFound,22,FN
645,5107755,6,true,0.044381,0.96,0.95,0.9,true,bugFound,25,FN
646,5115674,9,true,0.086138,0.96,0.95,0.9,true,bugFound,27,FN
647,5123593,11,true,0.118360,0.96,0.95,0.9,true,bugFound,28,FN
648,5131512,3,true,0.014019,0.96,0.95,0.9,true,bugFound,23,FN
649,5139431,73,true,0.890030,0.96,0.95,0.9,true,bugFound,72,FN
650,5147350,18,true,0.245293,0.96,0.95,0.95,true,bugFound,33,FN
651,5155269,60,true,0.815721,0.96,0.95,0.95,true,bugFound,62,FN
652,5163188,75,true,0.898617,0.96,0.95,0.95,true,bugFound,73,FN
653,5171107,22,true,0.320580,0.96,0.95,0.95,true,bugFound,126,FN
654,5179026,2,true,0.007250,0.96,0.95,0.95,true,bugFound,24,FN
655,5186945,10,true,0.101895,0.96,0.95,0.95,true,bugFound,28,FN
656,5194864,3,true,0.014019,0.96,0.95,0.95,true,bugFound,24,FN
657,5202783,4,true,0.022593,0.96,0.95,0.95,true,bugFound,34,FN
658,5210702,7,true,0.057245,0.96,0.95,0.95,true,bugFound,27,FN
659,5218621,18,true,0.245293,0.96,0.95,0.95,true,bugFound,33,FN
660,5226540,29,true,0.446458,0.96,0.95,0.95,true,bugFound,41,FN
661,5234459,8,true,0.071211,0.96,0.95,0.95,true,bugFound,37,FN
662,5242378,2,true,0.007250,0.96,0.95,0.95,true,bugFound,24,FN
663,5250297,1,true,0.002500,0.96,0.95,0.95,true,bugFound,23,FN
664,5258216,23,true,0.339183,0.96,0.95,0.95,true,bugFound,37,FN
665,5266135,10,true,0.101895,0.96,0.95,0.95,true,bugFound,28,FN
666,5274054,87,true,0.938297,0.96,0.95,0.95,true,bugFound,129,FN
667,5281973,10,true,0.101895,0.96,0.95,0.95,true,bugFound,29,FN
668,5289892,20,true,0.283028,0.96,0.95,0.95,true,bugFound,35,FN
669,5297811,13,true,0.152986,0.96,0.95,0.95,true,bugFound,30,FN
670,5305730,5,true,0.032774,0.96,0.95,0.95,true,bugFound,34,FN
671,5313649,17,true,0.226477,0.96,0.95,0.95,true,bugFound,33,FN
672,5321568,12,true,0.135424,0.96,0.95,0.95,true,bugFound,35,FN
673,5329487,8,true,0.071211,0.96,0.95,0.95,true,bugFound,26,FN
674,5337406,1,true,0.002500,0.96,0.95,0.95,true,bugFound,23,FN
675,5345325,56,true,0.785066,0.96,0.95,0.95,true,bugFound,59,FN
676,5353244,50,true,0.730693,0.96,0.95,0.95,true,bugFound,84,FN
677,5361163,96,true,0.957841,0.96,0.95,0.95,true,bugFound,221,FN
678,5369082,23,true,0.339183,0.96,0.95,0.95,true,bugFound,50,FN
679,5377001,2,true,0.007250,0.96,0.95,0.95,true,bugFound,27,FN
680,5384920,9,true,0.086138,0.96,0.95,0.95,true,bugFound,29,FN
681,5392839,11,true,0.118360,0.96,0.95,0.95,true,bugFound,29,FN
682,5400758,3,true,0.014019,0.96,0.95,0.95,true,bugFound,27,FN
683,5408677,89,true,0.943272,0.96,0.95,0.95,true,bugFound,91,FN
684,5416596,4,true,0.022593,0.96,0.95,0.95,true,bugFound,30,FN
685,5424515,15,true,0.189240,0.96,0.95,0.95,true,bugFound,32,FN
686,5432434,1,true,0.002500,0.96,0.95,0.95,true,bugFound,29,FN
687,5440353,26,true,0.393904,0.96,0.95,0.95,true,bugFound,51,FN
688,5448272,23,true,0.339183,0.96,0.95,0.95,true,bugFound,45,FN
689,5456191,28,true,0.429215,0.96,0.95,0.95,true,bugFound,43,FN
690,5464110,49,true,0.720568,0.96,0.95,0.95,true,bugFound,67,FN
691,5472029,42,true,0.640455,0.96,0.95,0.95,true,bugFound,53,FN
692,5479948,57,true,0.793126,0.96,0.95,0.95,true,bugFound,66,FN
693,5487867,18,true,0.245293,0.96,0.95,0.95,true,bugFound,35,FN
694,5495786,38,true,0.587052,0.96,0.95,0.95,true,bugFound,97,FN
695,5503705,10,true,0.101895,0.96,0.95,0.95,true,bugFound,42,FN
696,5511624,25,true,0.375873,0.96,0.95,0.95,true,bugFound,43,FN
697,5519543,7,true,0.057245,0.96,0.95,0.95,true,bugFound,34,FN
698,5527462,11,true,0.118360,0.96,0.95,0.95,true,bugFound,31,FN
699,5535381,10,true,0.101895,0.96,0.95,0.95,true,bugFound,33,FN
700,5543300,37,true,0.572813,0.96,0.95,0.99,true,bugFound,160,FN
701,5551219,3,true,0.014019,0.96,0.95,0.99,true,bugFound,31,FN
702,5559138,3,true,0.014019,0.96,0.95,0.99,true,bugFound,30,FN
703,5567057,31,true,0.480038,0.96,0.95,0.99,true,bugFound,43,FN
704,5574976,21,true,0.301849,0.96,0.95,0.99,true,bugFound,41,FN
705,5582895,7,true,0.057245,0.96,0.95,0.99,true,bugFound,30,FN
706,5590814,20,true,0.283028,0.96,0.95,0.99,true,bugFound,41,FN
707,5598733,12,true,0.135424,0.96,0.95,0.99,true,bugFound,30,FN
708,5606652,28,true,0.429215,0.96,0.95,0.99,true,bugFound,45,FN
709,5614571,1,true,0.002500,0.96,0.95,0.99,true,bugFound,29,FN
710,5622490,25,true,0.375873,0.96,0.95,0.99,true,bugFound,49,FN
711,5630409,91,true,0.947864,0.96,0.95,0.99,true,bugFound,122,FN
712,5638328,4,true,0.022593,0.96,0.95,0.99,true,bugFound,27,FN
713,5646247,4,true,0.022593,0.96,0.95,0.99,true,bugFound,27,FN
714,5654166,18,true,0.245293,0.96,0.95,0.99,true,bugFound,40,FN
715,5662085,4,true,0.022593,0.96,0.95,0.99,true,bugFound,31,FN
716,5670004,25,true,0.375873,0.96,0.95,0.99,true,bugFound,47,FN
717,5677923,5,true,0.032774,0.96,0.95,0.99,true,bugFound,30,FN
718,5685842,43,true,0.652923,0.96,0.95,0.99,true,bugFound,55,FN
719,5693761,29,true,0.446458,0.96,0.95,0.99,true,bugFound,44,FN
720,5701680,14,true,0.170953,0.96,0.95,0.99,true,bugFound,36,FN
721,5709599,26,true,0.393904,0.96,0.95,0.99,true,bugFound,45,FN
722,5717518,50,true,0.730693,0.96,0.95,0.99,true,bugFound,60,FN
723,5725437,3,true,0.014019,0.96,0.95,0.99,true,bugFound,28,FN
724,5733356,53,true,0.759207,0.96,0.95,0.99,true,bugFound,56,FN
725,5741275,7,true,0.057245,0.96,0.95,0.99,true,bugFound,98,FN
726,5749194,15,true,0.189240,0.96,0.95,0.99,true,bugFound,35,FN
727,5757113,14,true,0.170953,0.96,0.95,0.99,true,bugFound,30,FN
728,5765032,60,true,0.815721,0.96,0.95,0.99,true,bugFound,61,FN
729,5772951,39,true,0.600936,0.96,0.95,0.99,true,bugFound,47,FN
730,5780870,66,true,0.854378,0.96,0.95,0.99,true,bugFound,65,FN
731,5788789,36,true,0.558218,0.96,0.95,0.99,true,bugFound,45,FN
732,5796708,6,true,0.044381,0.96,0.95,0.99,true,bugFound,25,FN
733,5804627,41,true,0.627636,0.96,0.95,0.99,true,bugFound,48,FN
734,5812546,2,true,0.007250,0.96,0.95,0.99,true,bugFound,22,FN
735,5820465,9,true,0.086138,0.96,0.95,0.99,true,bugFound,27,FN
736,5828384,26,true,0.393904,0.96,0.95,0.99,true,bugFound,38,FN
737,5836303,20,true,0.283028,0.96,0.95,0.99,true,bugFound,34,FN
738,5844222,7,true,0.057245,0.96,0.95,0.99,true,bugFound,25,FN
739,5852141,4,true,0.022593,0.96,0.95,0.99,true,bugFound,23,FN
740,5860060,52,true,0.750006,0.96,0.95,0.99,true,bugFound,56,FN
741,5867979,8,true,0.071211,0.96,0.95,0.99,true,bugFound,26,FN
742,5875898,36,true,0.558218,0.96,0.95,0.99,true,bugFound,45,FN
743,5883817,16,true,0.207772,0.96,0.95,0.99,true,bugFound,33,FN
744,5891736,1,true,0.002500,0.96,0.95,0.99,true,bugFound,22,FN
745,5899655,15,true,0.189240,0.96,0.95,0.99,true,bugFound,33,FN
746,5907574,6,true,0.044381,0.96,0.95,0.99,true,bugFound,29,FN
747,5915493,8,true,0.071211,0.96,0.95,0.99,true,bugFound,28,FN
748,5923412,17,true,0.226477,0.96,0.95,0.99,true,bugFound,32,FN
749,5931331,17,true,0.226477,0.96,0.95,0.99,true,bugFound,124,FN
750,5939250,4,true,0.022593,0.94,0.95,0.9,false,bugFound,24,TN
751,5947169,4,true,0.022593,0.94,0.95,0.9,false,bugFound,25,TN
752,5955088,12,true,0.135424,0.94,0.95,0.9,false,bugFound,29,TN
753,5963007,5,true,0.032774,0.94,0.95,0.9,false,bugFound,25,TN
754,5970926,13,true,0.152986,0.94,0.95,0.9,false,bugFound,29,TN
755,5978845,3,true,0.014019,0.94,0.95,0.9,false,bugFound,23,TN
756,5986764,2,true,0.007250,0.94,0.95,0.9,false,bugFound,22,TN
757,5994683,6,true,0.044381,0.94,0.95,0.9,false,bugFound,25,TN
758,6002602,22,true,0.320580,0.94,0.95,0.9,false,bugFound,37,TN
759,6010521,26,true,0.393904,0.94,0.95,0.9,false,bugFound,40,TN
760,6018440,24,true,0.357624,0.94,0.95,0.9,false,bugFound,41,TN
761,6026359,5,true,0.032774,0.94,0.95,0.9,false,bugFound,25,TN
762,6034278,6,true,0.044381,0.94,0.95,0.9,false,bugFound,25,TN
763,6042197,6,true,0.044381,0.94,0.95,0.9,false,bugFound,25,TN
764,6050116,4,true,0.022593,0.94,0.95,0.9,false,bugFound,23,TN
765,6058035,23,true,0.339183,0.94,0.95,0.9,false,bugFound,36,TN
766,6065954,26,true,0.393904,0.94,0.95,0.9,false,bugFound,38,TN
767,6073873,6,true,0.044381,0.94,0.95,0.9,false,bugFound,25,TN
768,6081792,29,true,0.446458,0.94,0.95,0.9,false,bugFound,40,TN
769,6089711,2,true,0.007250,0.94,0.95,0.9,false,bugFound,22,TN
770,6097630,25,true,0.375873,0.94,0.95,0.9,false,bugFound,41,TN
771,6105549,8,true,0.071211,0.94,0.95,0.9,false,bugFound,26,TN
772,6113468,19,true,0.264160,0.94,0.95,0.9,false,bugFound,35,TN
773,6121387,1,true,0.002500,0.94,0.95,0.9,false,bugFound,21,TN
774,6129306,11,true,0.118360,0.94,0.95,0.9,false,bugFound,28,TN
775,6137225,6,true,0.044381,0.94,0.95,0.9,false,bugFound,25,TN
776,6145144,66,true,0.854378,0.94,0.95,0.9,false,bugFound,140,TN
777,6153063,26,true,0.393904,0.94,0.95,0.9,false,bugFound,39,TN
778,6160982,21,true,0.301849,0.94,0.95,0.9,false,bugFound,35,TN
779,6168901,10,true,0.101895,0.94,0.95,0.9,false,bugFound,27,TN
780,6176820,13,true,0.152986,0.94,0.95,0.9,false,bugFound,29,TN
781,6184739,18,true,0.245293,0.94,0.95,0.9,false,bugFound,33,TN
782,6192658,26,true,0.393904,0.94,0.95,0.9,false,bugFound,38,TN
783,6200577,9,true,0.086138,0.94,0.95,0.9,false,bugFound,27,TN
784,6208496,4,true,0.022593,0.94,0.95,0.9,false,bugFound,23,TN
785,6216415,3,true,0.014019,0.94,0.95,0.9,false,bugFound,22,TN
786,6224334,10,true,0.101895,0.94,0.95,0.9,false,bugFound,27,TN
787,6232253,96,true,0.957841,0.94,0.95,0.9,false,bugFound,86,TN
788,6240172,12,true,0.135424,0.94,0.95,0.9,false,bugFound,28,TN
789,6248091,13,true,0.152986,0.94,0.95,0.9,false,bugFound,29,TN
790,6256010,4,true,0.022593,0.94,0.95,0.9,false,bugFound,23,TN
791,6263929,2,true,0.007250,0.94,0.95,0.9,false,bugFound,22,TN
792,6271848,67,true,0.860051,0.94,0.95,0.9,false,bugFound,65,TN
793,6279767,4,true,0.022593,0.94,0.95,0.9,false,bugFound,23,TN
794,6287686,5,true,0.032774,0.94,0.95,0.9,false,bugFound,25,TN
795,6295605,4,true,0.022593,0.94,0.95,0.9,false,bugFound,24,TN
796,6303524,4,true,0.022593,0.94,0.95,0.9,false,bugFound,23,TN
797,6311443,25,true,0.375873,0.94,0.95,0.9,false,bugFound,37,TN
798,6319362,1,true,0.002500,0.94,0.95,0.9,false,bugFound,21,TN
799,6327281,4,true,0.022593,0.94,0.95,0.9,false,bugFound,23,TN
800,6335200,23,true,0.339183,0.94,0.95,0.95,false,bugFound,36,TN
801,6343119,22,true,0.320580,0.94,0.95,0.95,false,bugFound,116,TN
802,6351038,4,true,0.022593,0.94,0.95,0.95,false,bugFound,24,TN
803,6358957,6,true,0.044381,0.94,0.95,0.95,false,bugFound,24,TN
804,6366876,30,true,0.463403,0.94,0.95,0.95,false,bugFound,41,TN
805,6374795,1,true,0.002500,0.94,0.95,0.95,false,bugFound,21,TN
806,6382714,7,true,0.057245,0.94,0.95,0.95,false,bugFound,25,TN
807,6390633,26,true,0.393904,0.94,0.95,0.95,false,bugFound,43,TN
808,6398552,4,true,0.022593,0.94,0.95,0.95,false,bugFound,34,TN
809,6406471,1,true,0.002500,0.94,0.95,0.95,false,bugFound,23,TN
810,6414390,10,true,0.101895,0.94,0.95,0.95,false,bugFound,28,TN
811,6422309,13,true,0.152986,0.94,0.95,0.95,false,bugFound,30,TN
812,6430228,3,true,0.014019,0.94,0.95,0.95,false,bugFound,27,TN
813,6438147,2,true,0.007250,0.94,0.95,0.95,false,bugFound,27,TN
814,6446066,19,true,0.264160,0.94,0.95,0.95,false,bugFound,36,TN
815,6453985,70,true,0.875873,0.94,0.95,0.95,false,bugFound,83,TN
816,6461904,3,true,0.014019,0.94,0.95,0.95,false,bugFound,26,TN
817,6469823,4,true,0.022593,0.94,0.95,0.95,false,bugFound,33,TN
818,6477742,5,true,0.032774,0.94,0.95,0.95,false,bugFound,25,TN
819,6485661,11,true,0.118360,0.94,0.95,0.95,false,bugFound,29,TN
820,6493580,17,true,0.226477,0.94,0.95,0.95,false,bugFound,33,TN
821,6501499,11,true,0.118360,0.94,0.95,0.95,false,bugFound,29,TN
822,6509418,23,true,0.339183,0.94,0.95,0.95,false,bugFound,41,TN
823,6517337,27,true,0.411691,0.94,0.95,0.95,false,bugFound,40,TN
824,6525256,11,true,0.118360,0.94,0.95,0.95,false,bugFound,29,TN
825,6533175,5,true,0.032774,0.94,0.95,0.95,false,bugFound,25,TN
826,6541094,12,true,0.135424,0.94,0.95,0.95,false,bugFound,30,TN
827,6549013,72,true,0.885486,0.94,0.95,0.95,false,bugFound,165,TN
828,6556932,2,true,0.007250,0.94,0.95,0.95,false,bugFound,23,TN
829,6564851,9,true,0.086138,0.94,0.95,0.95,false,bugFound,28,TN
830,6572770,53,true,0.759207,0.94,0.95,0.95,false,bugFound,60,TN
831,6580689,4,true,0.022593,0.94,0.95,0.95,false,bugFound,24,TN
832,6588608,5,true,0.032774,0.94,0.95,0.95,false,bugFound,25,TN
833,6596527,17,true,0.226477,0.94,0.95,0.95,false,bugFound,34,TN
834,6604446,8,true,0.071211,0.94,0.95,0.95,false,bugFound,28,TN
835,6612365,13,true,0.152986,0.94,0.95,0.95,false,bugFound,31,TN
836,6620284,9,true,0.086138,0.94,0.95,0.95,false,bugFound,29,TN
837,6628203,14,true,0.170953,0.94,0.95,0.95,false,bugFound,32,TN
838,6636122,37,true,0.572813,0.94,0.95,0.95,false,bugFound,49,TN
839,6644041,30,true,0.463403,0.94,0.95,0.95,false,bugFound,42,TN
840,6651960,17,true,0.226477,0.94,0.95,0.95,false,bugFound,33,TN
841,6659879,9,true,0.086138,0.94,0.95,0.95,false,bugFound,27,TN
842,6667798,4,true,0.022593,0.94,0.95,0.95,false,bugFound,24,TN
843,6675717,10,true,0.101895,0.94,0.95,0.95,false,bugFound,28,TN
844,6683636,6,true,0.044381,0.94,0.95,0.95,false,bugFound,26,TN
845,6691555,9,true,0.086138,0.94,0.95,0.95,false,bugFound,27,TN
846,6699474,15,true,0.189240,0.94,0.95,0.95,false,bugFound,32,TN
847,6707393,16,true,0.207772,0.94,0.95,0.95,false,bugFound,34,TN
848,6715312,20,true,0.283028,0.94,0.95,0.95,false,bugFound,35,TN
849,6723231,9,true,0.086138,0.94,0.95,0.95,false,bugFound,30,TN
850,6731150,2,true,0.007250,0.94,0.95,0.99,false,bugFound,22,TN
851,6739069,6,true,0.044381,0.94,0.95,0.99,false,bugFound,25,TN
852,6746988,20,true,0.283028,0.94,0.95,0.99,false,bugFound,130,TN
853,6754907,10,true,0.101895,0.94,0.95,0.99,false,bugFound,29,TN
854,6762826,14,true,0.170953,0.94,0.95,0.99,false,bugFound,31,TN
855,6770745,26,true,0.393904,0.94,0.95,0.99,false,bugFound,72,TN
856,6778664,24,true,0.357624,0.94,0.95,0.99,false,bugFound,39,TN
857,6786583,32,true,0.496350,0.94,0.95,0.99,false,bugFound,45,TN
858,6794502,6,true,0.044381,0.94,0.95,0.99,false,bugFound,45,TN
859,6802421,2,true,0.007250,0.94,0.95,0.99,false,bugFound,34,TN
860,6810340,21,true,0.301849,0.94,0.95,0.99,false,bugFound,45,TN
861,6818259,16,true,0.207772,0.94,0.95,0.99,false,bugFound,34,TN
862,6826178,14,true,0.170953,0.94,0.95,0.99,false,bugFound,32,TN
863,6834097,24,true,0.357624,0.94,0.95,0.99,false,bugFound,46,TN
864,6842016,2,true,0.007250,0.94,0.95,0.99,false,bugFound,23,TN
865,6849935,8,true,0.071211,0.94,0.95,0.99,false,bugFound,32,TN
866,6857854,16,true,0.207772,0.94,0.95,0.99,false,bugFound,35,TN
867,6865773,12,true,0.135424,0.94,0.95,0.99,false,bugFound,34,TN
868,6873692,7,true,0.057245,0.94,0.95,0.99,false,bugFound,26,TN
869,6881611,4,true,0.022593,0.94,0.95,0.99,false,bugFound,24,TN
870,6889530,1,true,0.002500,0.94,0.95,0.99,false,bugFound,22,TN
871,6897449,1,true,0.002500,0.94,0.95,0.99,false,bugFound,22,TN
872,6905368,25,true,0.375873,0.94,0.95,0.99,false,bugFound,39,TN
873,6913287,5,true,0.032774,0.94,0.95,0.99,false,bugFound,26,TN
874,6921206,2,true,0.007250,0.94,0.95,0.99,false,bugFound,22,TN
875,6929125,9,true,0.086138,0.94,0.95,0.99,false,bugFound,28,TN
876,6937044,21,true,0.301849,0.94,0.95,0.99,false,bugFound,35,TN
877,6944963,3,true,0.014019,0.94,0.95,0.99,false,bugFound,23,TN
878,6952882,12,true,0.135424,0.94,0.95,0.99,false,bugFound,29,TN
879,6960801,8,true,0.071211,0.94,0.95,0.99,false,bugFound,31,TN
880,6968720,93,true,0.952099,0.94,0.95,0.99,false,bugFound,85,TN
881,6976639,2,true,0.007250,0.94,0.95,0.99,false,bugFound,23,TN
882,6984558,22,true,0.320580,0.94,0.95,0.99,false,bugFound,52,TN
883,6992477,31,true,0.480038,0.94,0.95,0.99,false,bugFound,63,TN
884,7000396,17,true,0.226477,0.94,0.95,0.99,false,bugFound,33,TN
885,7008315,4,true,0.022593,0.94,0.95,0.99,false,bugFound,23,TN
886,7016234,44,true,0.665043,0.94,0.95,0.99,false,bugFound,49,TN
887,7024153,10,true,0.101895,0.94,0.95,0.99,false,bugFound,27,TN
888,7032072,4,true,0.022593,0.94,0.95,0.99,false,bugFound,29,TN
889,7039991,34,true,0.527974,0.94,0.95,0.99,false,bugFound,45,TN
890,7047910,22,true,0.320580,0.94,0.95,0.99,false,bugFound,39,TN
891,7055829,11,true,0.118360,0.94,0.95,0.99,false,bugFound,28,TN
892,7063748,3,true,0.014019,0.94,0.95,0.99,false,bugFound,22,TN
893,7071667,1,true,0.002500,0.94,0.95,0.99,false,bugFound,22,TN
894,7079586,6,true,0.044381,0.94,0.95,0.99,false,bugFound,24,TN
895,7087505,70,true,0.875873,0.94,0.95,0.99,false,bugFound,67,TN
896,7095424,1,true,0.002500,0.94,0.95,0.99,false,bugFound,21,TN
897,7103343,7,true,0.057245,0.94,0.95,0.99,false,bugFound,25,TN
898,7111262,5,true,0.032774,0.94,0.95,0.99,false,bugFound,27,TN
899,7119181,3,true,0.014019,0.94,0.95,0.99,false,bugFound,22,TN
900,7127100,3,true,0.014019,0.9,0.95,0.9,false,bugFound,22,TN
901,7135019,3,true,0.014019,0.9,0.95,0.9,false,bugFound,22,TN
902,7142938,11,true,0.118360,0.9,0.95,0.9,false,bugFound,31,TN
903,7150857,20,true,0.283028,0.9,0.95,0.9,false,bugFound,33,TN
904,7158776,7,true,0.057245,0.9,0.95,0.9,false,bugFound,92,TN
905,7166695,6,true,0.044381,0.9,0.95,0.9,false,bugFound,25,TN
906,7174614,30,true,0.463403,0.9,0.95,0.9,false,bugFound,40,TN
907,7182533,6,true,0.044381,0.9,0.95,0.9,false,bugFound,25,TN
908,7190452,4,true,0.022593,0.9,0.95,0.9,false,bugFound,23,TN
909,7198371,16,true,0.207772,0.9,0.95,0.9,false,bugFound,32,TN
910,7206290,4,true,0.022593,0.9,0.95,0.9,false,bugFound,24,TN
911,7214209,13,true,0.152986,0.9,0.95,0.9,false,bugFound,35,TN
912,7222128,13,true,0.152986,0.9,0.95,0.9,false,bugFound,32,TN
913,7230047,7,true,0.057245,0.9,0.95,0.9,false,bugFound,26,TN
914,7237966,1,true,0.002500,0.9,0.95,0.9,false,bugFound,23,TN
915,7245885,2,true,0.007250,0.9,0.95,0.9,false,bugFound,22,TN
916,7253804,8,true,0.071211,0.9,0.95,0.9,false,bugFound,26,TN
917,7261723,2,true,0.007250,0.9,0.95,0.9,false,bugFound,31,TN
918,7269642,5,true,0.032774,0.9,0.95,0.9,false,bugFound,25,TN
919,7277561,43,true,0.652923,0.9,0.95,0.9,false,bugFound,50,TN
920,7285480,20,true,0.283028,0.9,0.95,0.9,false,bugFound,36,TN
921,7293399,4,true,0.022593,0.9,0.95,0.9,false,bugFound,23,TN
922,7301318,14,true,0.170953,0.9,0.95,0.9,false,bugFound,30,TN
923,7309237,2,true,0.007250,0.9,0.95,0.9,false,bugFound,21,TN
924,7317156,25,true,0.375873,0.9,0.95,0.9,false,bugFound,37,TN
925,7325075,20,true,0.283028,0.9,0.95,0.9,false,bugFound,37,TN
926,7332994,13,true,0.152986,0.9,0.95,0.9,false,bugFound,29,TN
927,7340913,20,true,0.283028,0.9,0.95,0.9,false,bugFound,34,TN
928,7348832,10,true,0.101895,0.9,0.95,0.9,false,bugFound,27,TN
929,7356751,2,true,0.007250,0.9,0.95,0.9,false,bugFound,21,TN
930,7364670,7,true,0.057245,0.9,0.95,0.9,false,bugFound,24,TN
931,7372589,3,true,0.014019,0.9,0.95,0.9,false,bugFound,93,TN
932,7380508,1,true,0.002500,0.9,0.95,0.9,false,bugFound,23,TN
933,7388427,4,true,0.022593,0.9,0.95,0.9,false,bugFound,23,TN
934,7396346,7,true,0.057245,0.9,0.95,0.9,false,bugFound,25,TN
935,7404265,23,true,0.339183,0.9,0.95,0.9,false,bugFound,35,TN
936,7412184,9,true,0.086138,0.9,0.95,0.9,false,bugFound,26,TN
937,7420103,4,true,0.022593,0.9,0.95,0.9,false,bugFound,24,TN
938,7428022,13,true,0.152986,0.9,0.95,0.9,false,bugFound,29,TN
939,7435941,8,true,0.071211,0.9,0.95,0.9,false,bugFound,25,TN
940,7443860,7,true,0.057245,0.9,0.95,0.9,false,bugFound,25,TN
941,7451779,6,true,0.044381,0.9,0.95,0.9,false,bugFound,24,TN
942,7459698,14,true,0.170953,0.9,0.95,0.9,false,bugFound,29,TN
943,7467617,17,true,0.226477,0.9,0.95,0.9,false,bugFound,31,TN
944,7475536,5,true,0.032774,0.9,0.95,0.9,false,bugFound,23,TN
945,7483455,22,true,0.320580,0.9,0.95,0.9,false,bugFound,35,TN
946,7491374,1,true,0.002500,0.9,0.95,0.9,false,bugFound,21,TN
947,7499293,23,true,0.339183,0.9,0.95,0.9,false,bugFound,35,TN
948,7507212,2,true,0.007250,0.9,0.95,0.9,false,bugFound,22,TN
949,7515131,7,true,0.057245,0.9,0.95,0.9,false,bugFound,24,TN
950,7523050,12,true,0.135424,0.9,0.95,0.95,false,bugFound,28,TN
951,7530969,12,true,0.135424,0.9,0.95,0.95,false,bugFound,28,TN
952,7538888,2,true,0.007250,0.9,0.95,0.95,false,bugFound,21,TN
953,7546807,1,true,0.002500,0.9,0.95,0.95,false,bugFound,22,TN
954,7554726,28,true,0.429215,0.9,0.95,0.95,false,bugFound,38,TN
955,7562645,1,true,0.002500,0.9,0.95,0.95,false,bugFound,21,TN
956,7570564,2,true,0.007250,0.9,0.95,0.95,false,bugFound,21,TN
957,7578483,22,true,0.320580,0.9,0.95,0.95,false,bugFound,35,TN
958,7586402,9,true,0.086138,0.9,0.95,0.95,false,bugFound,127,TN
959,7594321,20,true,0.283028,0.9,0.95,0.95,false,bugFound,35,TN
960,7602240,1,true,0.002500,0.9,0.95,0.95,false,bugFound,21,TN
961,7610159,10,true,0.101895,0.9,0.95,0.95,false,bugFound,27,TN
962,7618078,5,true,0.032774,0.9,0.95,0.95,false,bugFound,23,TN
963,7625997,29,true,0.446458,0.9,0.95,0.95,false,bugFound,39,TN
964,7633916,55,true,0.776730,0.9,0.95,0.95,false,bugFound,56,TN
965,7641835,11,true,0.118360,0.9,0.95,0.95,false,bugFound,27,TN
966,7649754,5,true,0.032774,0.9,0.95,0.95,false,bugFound,24,TN
967,7657673,20,true,0.283028,0.9,0.95,0.95,false,bugFound,33,TN
968,7665592,10,true,0.101895,0.9,0.95,0.95,false,bugFound,27,TN
969,7673511,5,true,0.032774,0.9,0.95,0.95,false,bugFound,23,TN
970,7681430,7,true,0.057245,0.9,0.95,0.95,false,bugFound,24,TN
971,7689349,4,true,0.022593,0.9,0.95,0.95,false,bugFound,22,TN
972,7697268,1,true,0.002500,0.9,0.95,0.95,false,bugFound,21,TN
973,7705187,1,true,0.002500,0.9,0.95,0.95,false,bugFound,21,TN
974,7713106,7,true,0.057245,0.9,0.95,0.95,false,bugFound,27,TN
975,7721025,13,true,0.152986,0.9,0.95,0.95,false,bugFound,29,TN
976,7728944,4,true,0.022593,0.9,0.95,0.95,false,bugFound,22,TN
977,7736863,3,true,0.014019,0.9,0.95,0.95,false,bugFound,22,TN
978,7744782,3,true,0.014019,0.9,0.95,0.95,false,bugFound,25,TN
979,7752701,7,true,0.057245,0.9,0.95,0.95,false,bugFound,25,TN
980,7760620,12,true,0.135424,0.9,0.95,0.95,false,bugFound,32,TN
981,7768539,8,true,0.071211,0.9,0.95,0.95,false,bugFound,25,TN
982,7776458,5,true,0.032774,0.9,0.95,0.95,false,bugFound,23,TN
983,7784377,2,true,0.007250,0.9,0.95,0.95,false,bugFound,21,TN
984,7792296,7,true,0.057245,0.9,0.95,0.95,false,bugFound,24,TN
985,7800215,3,true,0.014019,0.9,0.95,0.95,false,bugFound,22,TN
986,7808134,2,true,0.007250,0.9,0.95,0.95,false,bugFound,83,TN
987,7816053,12,true,0.135424,0.9,0.95,0.95,false,bugFound,30,TN
988,7823972,16,true,0.207772,0.9,0.95,0.95,false,bugFound,30,TN
989,7831891,4,true,0.022593,0.9,0.95,0.95,false,bugFound,23,TN
990,7839810,11,true,0.118360,0.9,0.95,0.95,false,bugFound,27,TN
991,7847729,10,true,0.101895,0.9,0.95,0.95,false,bugFound,26,TN
992,7855648,4,true,0.022593,0.9,0.95,0.95,false,bugFound,23,TN
993,7863567,7,true,0.057245,0.9,0.95,0.95,false,bugFound,24,TN
994,7871486,3,true,0.014019,0.9,0.95,0.95,false,bugFound,22,TN
995,7879405,9,true,0.086138,0.9,0.95,0.95,false,bugFound,26,TN
996,7887324,41,true,0.627636,0.9,0.95,0.95,false,bugFound,47,TN
997,7895243,48,true,0.710124,0.9,0.95,0.95,false,bugFound,53,TN
998,7903162,7,true,0.057245,0.9,0.95,0.95,false,bugFound,25,TN
999,7911081,6,true,0.044381,0.9,0.95,0.95,false,bugFound,25,TN
1000,7919000,4,true,0.022593,0.9,0.95,0.99,false,bugFound,23,TN
1001,7926919,7,true,0.057245,0.9,0.95,0.99,false,bugFound,25,TN
1002,7934838,4,true,0.022593,0.9,0.95,0.99,false,bugFound,23,TN
1003,7942757,21,true,0.301849,0.9,0.95,0.99,false,bugFound,35,TN
1004,7950676,32,true,0.496350,0.9,0.95,0.99,false,bugFound,43,TN
1005,7958595,6,true,0.044381,0.9,0.95,0.99,false,bugFound,24,TN
1006,7966514,7,true,0.057245,0.9,0.95,0.99,false,bugFound,24,TN
1007,7974433,5,true,0.032774,0.9,0.95,0.99,false,bugFound,24,TN
1008,7982352,1,true,0.002500,0.9,0.95,0.99,false,bugFound,21,TN
1009,7990271,7,true,0.057245,0.9,0.95,0.99,false,bugFound,25,TN
1010,7998190,18,true,0.245293,0.9,0.95,0.99,false,bugFound,32,TN
1011,8006109,6,true,0.044381,0.9,0.95,0.99,false,bugFound,28,TN
1012,8014028,2,true,0.007250,0.9,0.95,0.99,false,bugFound,21,TN
1013,8021947,1,true,0.002500,0.9,0.95,0.99,false,bugFound,99,TN
1014,8029866,1,true,0.002500,0.9,0.95,0.99,false,bugFound,25,TN
1015,8037785,6,true,0.044381,0.9,0.95,0.99,false,bugFound,24,TN
1016,8045704,8,true,0.071211,0.9,0.95,0.99,false,bugFound,26,TN
1017,8053623,28,true,0.429215,0.9,0.95,0.99,false,bugFound,39,TN
1018,8061542,46,true,0.688255,0.9,0.95,0.99,false,bugFound,51,TN
1019,8069461,43,true,0.652923,0.9,0.95,0.99,false,bugFound,49,TN
1020,8077380,9,true,0.086138,0.9,0.95,0.99,false,bugFound,27,TN
1021,8085299,6,true,0.044381,0.9,0.95,0.99,false,bugFound,24,TN
1022,8093218,19,true,0.264160,0.9,0.95,0.99,false,bugFound,32,TN
1023,8101137,11,true,0.118360,0.9,0.95,0.99,false,bugFound,27,TN
1024,8109056,16,true,0.207772,0.9,0.95,0.99,false,bugFound,31,TN
1025,8116975,1,true,0.002500,0.9,0.95,0.99,false,bugFound,21,TN
1026,8124894,12,true,0.135424,0.9,0.95,0.99,false,bugFound,28,TN
1027,8132813,27,true,0.411691,0.9,0.95,0.99,false,bugFound,38,TN
1028,8140732,2,true,0.007250,0.9,0.95,0.99,false,bugFound,21,TN
1029,8148651,10,true,0.101895,0.9,0.95,0.99,false,bugFound,27,TN
1030,8156570,29,true,0.446458,0.9,0.95,0.99,false,bugFound,39,TN
1031,8164489,2,true,0.007250,0.9,0.95,0.99,false,bugFound,21,TN
1032,8172408,11,true,0.118360,0.9,0.95,0.99,false,bugFound,27,TN
1033,8180327,1,true,0.002500,0.9,0.95,0.99,false,bugFound,21,TN
1034,8188246,2,true,0.007250,0.9,0.95,0.99,false,bugFound,25,TN
1035,8196165,5,true,0.032774,0.9,0.95,0.99,false,bugFound,23,TN
1036,8204084,12,true,0.135424,0.9,0.95,0.99,false,bugFound,28,TN
1037,8212003,2,true,0.007250,0.9,0.95,0.99,false,bugFound,21,TN
1038,8219922,18,true,0.245293,0.9,0.95,0.99,false,bugFound,32,TN
1039,8227841,61,true,0.822746,0.9,0.95,0.99,false,bugFound,144,TN
1040,8235760,9,true,0.086138,0.9,0.95,0.99,false,bugFound,27,TN
1041,8243679,1,true,0.002500,0.9,0.95,0.99,false,bugFound,21,TN
1042,8251598,1,true,0.002500,0.9,0.95,0.99,false,bugFound,21,TN
1043,8259517,14,true,0.170953,0.9,0.95,0.99,false,bugFound,32,TN
1044,8267436,12,true,0.135424,0.9,0.95,0.99,false,bugFound,28,TN
1045,8275355,4,true,0.022593,0.9,0.95,0.99,false,bugFound,23,TN
1046,8283274,65,true,0.848496,0.9,0.95,0.99,false,bugFound,63,TN
1047,8291193,21,true,0.301849,0.9,0.95,0.99,false,bugFound,34,TN
1048,8299112,1,true,0.002500,0.9,0.95,0.99,false,bugFound,21,TN
1049,8307031,7,true,0.057245,0.9,0.95,0.99,false,bugFound,24,TN
1050,8314950,7,true,0.057245,0.8,0.95,0.9,false,bugFound,25,TN
1051,8322869,7,true,0.057245,0.8,0.95,0.9,false,bugFound,25,TN
1052,8330788,4,true,0.022593,0.8,0.95,0.9,false,bugFound,23,TN
1053,8338707,4,true,0.022593,0.8,0.95,0.9,false,bugFound,26,TN
1054,8346626,1,true,0.002500,0.8,0.95,0.9,false,bugFound,20,TN
1055,8354545,6,true,0.044381,0.8,0.95,0.9,false,bugFound,24,TN
1056,8362464,2,true,0.007250,0.8,0.95,0.9,false,bugFound,21,TN
1057,8370383,4,true,0.022593,0.8,0.95,0.9,false,bugFound,23,TN
1058,8378302,7,true,0.057245,0.8,0.95,0.9,false,bugFound,25,TN
1059,8386221,6,true,0.044381,0.8,0.95,0.9,false,bugFound,24,TN
1060,8394140,3,true,0.014019,0.8,0.95,0.9,false,bugFound,26,TN
1061,8402059,6,true,0.044381,0.8,0.95,0.9,false,bugFound,24,TN
1062,8409978,1,true,0.002500,0.8,0.95,0.9,false,bugFound,21,TN
1063,8417897,3,true,0.014019,0.8,0.95,0.9,false,bugFound,22,TN
1064,8425816,5,true,0.032774,0.8,0.95,0.9,false,bugFound,23,TN
1065,8433735,1,true,0.002500,0.8,0.95,0.9,false,bugFound,22,TN
1066,8441654,7,true,0.057245,0.8,0.95,0.9,false,bugFound,96,TN
1067,8449573,2,true,0.007250,0.8,0.95,0.9,false,bugFound,26,TN
1068,8457492,1,true,0.002500,0.8,0.95,0.9,false,bugFound,21,TN
1069,8465411,18,true,0.245293,0.8,0.95,0.9,false,bugFound,32,TN
1070,8473330,1,true,0.002500,0.8,0.95,0.9,false,bugFound,21,TN
1071,8481249,2,true,0.007250,0.8,0.95,0.9,false,bugFound,21,TN
1072,8489168,5,true,0.032774,0.8,0.95,0.9,false,bugFound,23,TN
1073,8497087,1,true,0.002500,0.8,0.95,0.9,false,bugFound,20,TN
1074,8505006,3,true,0.014019,0.8,0.95,0.9,false,bugFound,22,TN
1075,8512925,1,true,0.002500,0.8,0.95,0.9,false,bugFound,20,TN
1076,8520844,1,true,0.002500,0.8,0.95,0.9,false,bugFound,21,TN
1077,8528763,4,true,0.022593,0.8,0.95,0.9,false,bugFound,22,TN
1078,8536682,3,true,0.014019,0.8,0.95,0.9,false,bugFound,22,TN
1079,8544601,7,true,0.057245,0.8,0.95,0.9,false,bugFound,25,TN
1080,8552520,5,true,0.032774,0.8,0.95,0.9,false,bugFound,24,TN
1081,8560439,2,true,0.007250,0.8,0.95,0.9,false,bugFound,21,TN
1082,8568358,2,true,0.007250,0.8,0.95,0.9,false,bugFound,21,TN
1083,8576277,2,true,0.007250,0.8,0.95,0.9,false,bugFound,21,TN
1084,8584196,1,true,0.002500,0.8,0.95,0.9,false,bugFound,21,TN
1085,8592115,2,true,0.007250,0.8,0.95,0.9,false,bugFound,21,TN
1086,8600034,2,true,0.007250,0.8,0.95,0.9,false,bugFound,21,TN
1087,8607953,3,true,0.014019,0.8,0.95,0.9,false,bugFound,25,TN
1088,8615872,6,true,0.044381,0.8,0.95,0.9,false,bugFound,27,TN
1089,8623791,2,true,0.007250,0.8,0.95,0.9,false,bugFound,22,TN
1090,8631710,3,true,0.014019,0.8,0.95,0.9,false,bugFound,34,TN
1091,8639629,8,true,0.071211,0.8,0.95,0.9,false,bugFound,28,TN
1092,8647548,15,true,0.189240,0.8,0.95,0.9,false,bugFound,32,TN
1093,8655467,5,true,0.032774,0.8,0.95,0.9,false,bugFound,25,TN
1094,8663386,3,true,0.014019,0.8,0.95,0.9,false,bugFound,27,TN
1095,8671305,2,true,0.007250,0.8,0.95,0.9,false,bugFound,23,TN
1096,8679224,3,true,0.014019,0.8,0.95,0.9,false,bugFound,99,TN
1097,8687143,11,true,0.118360,0.8,0.95,0.9,false,bugFound,29,TN
1098,8695062,2,true,0.007250,0.8,0.95,0.9,false,bugFound,21,TN
1099,8702981,1,true,0.002500,0.8,0.95,0.9,false,bugFound,21,TN
1100,8710900,1,true,0.002500,0.8,0.95,0.95,false,bugFound,21,TN
1101,8718819,9,true,0.086138,0.8,0.95,0.95,false,bugFound,26,TN
1102,8726738,3,true,0.014019,0.8,0.95,0.95,false,bugFound,22,TN
1103,8734657,2,true,0.007250,0.8,0.95,0.95,false,bugFound,21,TN
1104,8742576,1,true,0.002500,0.8,0.95,0.95,false,bugFound,21,TN
1105,8750495,2,true,0.007250,0.8,0.95,0.95,false,bugFound,21,TN
1106,8758414,9,true,0.086138,0.8,0.95,0.95,false,bugFound,26,TN
1107,8766333,4,true,0.022593,0.8,0.95,0.95,false,bugFound,23,TN
1108,8774252,3,true,0.014019,0.8,0.95,0.95,false,bugFound,22,TN
1109,8782171,1,true,0.002500,0.8,0.95,0.95,false,bugFound,21,TN
1110,8790090,14,true,0.170953,0.8,0.95,0.95,false,bugFound,29,TN
1111,8798009,4,true,0.022593,0.8,0.95,0.95,false,bugFound,23,TN
1112,8805928,13,true,0.152986,0.8,0.95,0.95,false,bugFound,29,TN
1113,8813847,1,true,0.002500,0.8,0.95,0.95,false,bugFound,21,TN
1114,8821766,2,true,0.007250,0.8,0.95,0.95,false,bugFound,21,TN
1115,8829685,2,true,0.007250,0.8,0.95,0.95,false,bugFound,21,TN
1116,8837604,3,true,0.014019,0.8,0.95,0.95,false,bugFound,22,TN
1117,8845523,11,true,0.118360,0.8,0.95,0.95,false,bugFound,27,TN
1118,8853442,1,true,0.002500,0.8,0.95,0.95,false,bugFound,21,TN
1119,8861361,4,true,0.022593,0.8,0.95,0.95,false,bugFound,22,TN
1120,8869280,10,true,0.101895,0.8,0.95,0.95,false,bugFound,30,TN
1121,8877199,3,true,0.014019,0.8,0.95,0.95,false,bugFound,22,TN
1122,8885118,7,true,0.057245,0.8,0.95,0.95,false,bugFound,25,TN
1123,8893037,4,true,0.022593,0.8,0.95,0.95,false,bugFound,23,TN
1124,8900956,3,true,0.014019,0.8,0.95,0.95,false,bugFound,22,TN
1125,8908875,3,true,0.014019,0.8,0.95,0.95,false,bugFound,102,TN
1126,8916794,3,true,0.014019,0.8,0.95,0.95,false,bugFound,23,TN
1127,8924713,7,true,0.057245,0.8,0.95,0.95,false,bugFound,25,TN
1128,8932632,14,true,0.170953,0.8,0.95,0.95,false,bugFound,29,TN
1129,8940551,1,true,0.002500,0.8,0.95,0.95,false,bugFound,21,TN
1130,8948470,9,true,0.086138,0.8,0.95,0.95,false,bugFound,26,TN
1131,8956389,1,true,0.002500,0.8,0.95,0.95,false,bugFound,21,TN
1132,8964308,12,true,0.135424,0.8,0.95,0.95,false,bugFound,28,TN
1133,8972227,12,true,0.135424,0.8,0.95,0.95,false,bugFound,28,TN
1134,8980146,8,true,0.071211,0.8,0.95,0.95,false,bugFound,26,TN
1135,8988065,3,true,0.014019,0.8,0.95,0.95,false,bugFound,22,TN
1136,8995984,2,true,0.007250,0.8,0.95,0.95,false,bugFound,21,TN
1137,9003903,3,true,0.014019,0.8,0.95,0.95,false,bugFound,22,TN
1138,9011822,2,true,0.007250,0.8,0.95,0.95,false,bugFound,21,TN
1139,9019741,1,true,0.002500,0.8,0.95,0.95,false,bugFound,21,TN
1140,9027660,5,true,0.032774,0.8,0.95,0.95,false,bugFound,23,TN
1141,9035579,2,true,0.007250,0.8,0.95,0.95,false,bugFound,22,TN
1142,9043498,4,true,0.022593,0.8,0.95,0.95,false,bugFound,22,TN
1143,9051417,5,true,0.032774,0.8,0.95,0.95,false,bugFound,24,TN
1144,9059336,1,true,0.002500,0.8,0.95,0.95,false,bugFound,20,TN
1145,9067255,9,true,0.086138,0.8,0.95,0.95,false,bugFound,26,TN
1146,9075174,10,true,0.101895,0.8,0.95,0.95,false,bugFound,26,TN
1147,9083093,1,true,0.002500,0.8,0.95,0.95,false,bugFound,21,TN
1148,9091012,5,true,0.032774,0.8,0.95,0.95,false,bugFound,27,TN
1149,9098931,9,true,0.086138,0.8,0.95,0.95,false,bugFound,26,TN
1150,9106850,7,true,0.057245,0.8,0.95,0.99,false,bugFound,25,TN
1151,9114769,3,true,0.014019,0.8,0.95,0.99,false,bugFound,22,TN
1152,9122688,1,true,0.002500,0.8,0.95,0.99,false,bugFound,21,TN
1153,9130607,3,true,0.014019,0.8,0.95,0.99,false,bugFound,22,TN
1154,9138526,5,true,0.032774,0.8,0.95,0.99,false,bugFound,93,TN
1155,9146445,20,true,0.283028,0.8,0.95,0.99,false,bugFound,35,TN
1156,9154364,4,true,0.022593,0.8,0.95,0.99,false,bugFound,22,TN
1157,9162283,18,true,0.245293,0.8,0.95,0.99,false,bugFound,32,TN
1158,9170202,13,true,0.152986,0.8,0.95,0.99,false,bugFound,29,TN
1159,9178121,3,true,0.014019,0.8,0.95,0.99,false,bugFound,22,TN
1160,9186040,7,true,0.057245,0.8,0.95,0.99,false,bugFound,25,TN
1161,9193959,3,true,0.014019,0.8,0.95,0.99,false,bugFound,22,TN
1162,9201878,9,true,0.086138,0.8,0.95,0.99,false,bugFound,26,TN
1163,9209797,10,true,0.101895,0.8,0.95,0.99,false,bugFound,26,TN
1164,9217716,8,true,0.071211,0.8,0.95,0.99,false,bugFound,25,TN
1165,9225635,1,true,0.002500,0.8,0.95,0.99,false,bugFound,21,TN
1166,9233554,5,true,0.032774,0.8,0.95,0.99,false,bugFound,23,TN
1167,9241473,4,true,0.022593,0.8,0.95,0.99,false,bugFound,22,TN
1168,9249392,1,true,0.002500,0.8,0.95,0.99,false,bugFound,21,TN
1169,9257311,1,true,0.002500,0.8,0.95,0.99,false,bugFound,21,TN
1170,9265230,3,true,0.014019,0.8,0.95,0.99,false,bugFound,22,TN
1171,9273149,4,true,0.022593,0.8,0.95,0.99,false,bugFound,23,TN
1172,9281068,5,true,0.032774,0.8,0.95,0.99,false,bugFound,23,TN
1173,9288987,1,true,0.002500,0.8,0.95,0.99,false,bugFound,21,TN
1174,9296906,6,true,0.044381,0.8,0.95,0.99,false,bugFound,24,TN
1175,9304825,2,true,0.007250,0.8,0.95,0.99,false,bugFound,21,TN
1176,9312744,2,true,0.007250,0.8,0.95,0.99,false,bugFound,21,TN
1177,9320663,13,true,0.152986,0.8,0.95,0.99,false,bugFound,30,TN
1178,9328582,5,true,0.032774,0.8,0.95,0.99,false,bugFound,23,TN
1179,9336501,2,true,0.007250,0.8,0.95,0.99,false,bugFound,21,TN
1180,9344420,9,true,0.086138,0.8,0.95,0.99,false,bugFound,26,TN
1181,9352339,8,true,0.071211,0.8,0.95,0.99,false,bugFound,25,TN
1182,9360258,2,true,0.007250,0.8,0.95,0.99,false,bugFound,21,TN
1183,9368177,2,true,0.007250,0.8,0.95,0.99,false,bugFound,84,TN
1184,9376096,1,true,0.002500,0.8,0.95,0.99,false,bugFound,23,TN
1185,9384015,4,true,0.022593,0.8,0.95,0.99,false,bugFound,22,TN
1186,9391934,2,true,0.007250,0.8,0.95,0.99,false,bugFound,22,TN
1187,9399853,8,true,0.071211,0.8,0.95,0.99,false,bugFound,26,TN
1188,9407772,10,true,0.101895,0.8,0.95,0.99,false,bugFound,28,TN
1189,9415691,4,true,0.022593,0.8,0.95,0.99,false,bugFound,23,TN
1190,9423610,4,true,0.022593,0.8,0.95,0.99,false,bugFound,24,TN
1191,9431529,2,true,0.007250,0.8,0.95,0.99,false,bugFound,22,TN
1192,9439448,7,true,0.057245,0.8,0.95,0.99,false,bugFound,26,TN
1193,9447367,6,true,0.044381,0.8,0.95,0.99,false,bugFound,24,TN
1194,9455286,2,true,0.007250,0.8,0.95,0.99,false,bugFound,21,TN
1195,9463205,10,true,0.101895,0.8,0.95,0.99,false,bugFound,27,TN
1196,9471124,6,true,0.044381,0.8,0.95,0.99,false,bugFound,24,TN
1197,9479043,3,true,0.014019,0.8,0.95,0.99,false,bugFound,22,TN
1198,9486962,3,true,0.014019,0.8,0.95,0.99,false,bugFound,22,TN
1199,9494881,3,true,0.014019,0.8,0.95,0.99,false,bugFound,22,TN
