trial_id,seed,pass_rate,sample_count,true_size,estimated_size,ci_lower,ci_upper,ci_width,true_in_ci,relative_error
0,0,0.01,1,10,17,10.00,28.00,18.00,true,0.700000
0,0,0.01,5,10,16,10.00,24.00,14.00,true,0.600000
0,0,0.01,10,10,14,9.00,21.00,12.00,true,0.400000
0,0,0.01,25,10,14,10.00,19.00,9.00,true,0.400000
0,0,0.01,50,10,12,9.00,15.00,6.00,true,0.200000
0,0,0.01,100,10,11,9.00,13.00,4.00,true,0.100000
0,0,0.01,200,10,12,10.00,14.00,4.00,true,0.200000
0,0,0.01,500,10,11,10.00,12.00,2.00,true,0.100000
1,7919,0.01,1,10,15,9.00,25.00,16.00,true,0.500000
1,7919,0.01,5,10,11,7.00,17.00,10.00,true,0.100000
1,7919,0.01,10,10,12,8.00,17.00,9.00,true,0.200000
1,7919,0.01,25,10,14,10.00,18.00,8.00,true,0.400000
1,7919,0.01,50,10,11,9.00,15.00,6.00,true,0.100000
1,7919,0.01,100,10,10,8.00,12.00,4.00,true,0.000000
1,7919,0.01,200,10,10,9.00,12.00,3.00,true,0.000000
1,7919,0.01,500,10,10,9.00,12.00,3.00,true,0.000000
2,15838,0.01,1,10,16,10.00,26.00,16.00,true,0.600000
2,15838,0.01,5,10,11,7.00,17.00,10.00,true,0.100000
2,15838,0.01,10,10,11,7.00,16.00,9.00,true,0.100000
2,15838,0.01,25,10,11,8.00,15.00,7.00,true,0.100000
2,15838,0.01,50,10,10,8.00,13.00,5.00,true,0.000000
2,15838,0.01,100,10,10,8.00,12.00,4.00,true,0.000000
2,15838,0.01,200,10,9,8.00,11.00,3.00,true,0.100000
2,15838,0.01,500,10,10,9.00,11.00,2.00,true,0.000000
3,23757,0.01,1,10,17,10.00,28.00,18.00,true,0.700000
3,23757,0.01,5,10,14,9.00,21.00,12.00,true,0.400000
3,23757,0.01,10,10,12,8.00,17.00,9.00,true,0.200000
3,23757,0.01,25,10,11,8.00,14.00,6.00,true,0.100000
3,23757,0.01,50,10,11,9.00,14.00,5.00,true,0.100000
3,23757,0.01,100,10,10,8.00,12.00,4.00,true,0.000000
3,23757,0.01,200,10,9,8.00,11.00,3.00,true,0.100000
3,23757,0.01,500,10,10,9.00,12.00,3.00,true,0.000000
4,31676,0.01,1,10,17,10.00,27.00,17.00,true,0.700000
4,31676,0.01,5,10,8,5.00,13.00,8.00,true,0.200000
4,31676,0.01,10,10,9,6.00,13.00,7.00,true,0.100000
4,31676,0.01,25,10,10,7.00,13.00,6.00,true,0.000000
4,31676,0.01,50,10,10,8.00,13.00,5.00,true,0.000000
4,31676,0.01,100,10,10,8.00,12.00,4.00,true,0.000000
4,31676,0.01,200,10,10,8.00,12.00,4.00,true,0.000000
4,31676,0.01,500,10,10,9.00,11.00,2.00,true,0.000000
5,39595,0.01,1,10,15,9.00,24.00,15.00,true,0.500000
5,39595,0.01,5,10,12,8.00,18.00,10.00,true,0.200000
5,39595,0.01,10,10,12,8.00,18.00,10.00,true,0.200000
5,39595,0.01,25,10,12,8.00,16.00,8.00,true,0.200000
5,39595,0.01,50,10,10,7.00,12.00,5.00,true,0.000000
5,39595,0.01,100,10,10,8.00,12.00,4.00,true,0.000000
5,39595,0.01,200,10,11,9.00,13.00,4.00,true,0.100000
5,39595,0.01,500,10,10,9.00,11.00,2.00,true,0.000000
6,47514,0.01,1,10,16,9.00,26.00,17.00,true,0.600000
6,47514,0.01,5,10,13,8.00,20.00,12.00,true,0.300000
6,47514,0.01,10,10,11,7.00,16.00,9.00,true,0.100000
6,47514,0.01,25,10,10,7.00,14.00,7.00,true,0.000000
6,47514,0.01,50,10,10,8.00,13.00,5.00,true,0.000000
6,47514,0.01,100,10,10,8.00,13.00,5.00,true,0.000000
6,47514,0.01,200,10,11,9.00,12.00,3.00,true,0.100000
6,47514,0.01,500,10,10,9.00,12.00,3.00,true,0.000000
7,55433,0.01,1,10,12,7.00,20.00,13.00,true,0.200000
7,55433,0.01,5,10,12,8.00,19.00,11.00,true,0.200000
7,55433,0.01,10,10,9,6.00,14.00,8.00,true,0.100000
7,55433,0.01,25,10,9,6.00,12.00,6.00,true,0.100000
7,55433,0.01,50,10,9,7.00,11.00,4.00,true,0.100000
7,55433,0.01,100,10,9,7.00,11.00,4.00,true,0.100000
7,55433,0.01,200,10,9,8.00,11.00,3.00,true,0.100000
7,55433,0.01,500,10,10,9.00,11.00,2.00,true,0.000000
8,63352,0.01,1,10,13,8.00,22.00,14.00,true,0.300000
8,63352,0.01,5,10,12,8.00,18.00,10.00,true,0.200000
8,63352,0.01,10,10,13,9.00,19.00,10.00,true,0.300000
8,63352,0.01,25,10,11,8.00,15.00,7.00,true,0.100000
8,63352,0.01,50,10,10,7.00,12.00,5.00,true,0.000000
8,63352,0.01,100,10,9,7.00,11.00,4.00,true,0.100000
8,63352,0.01,200,10,10,8.00,11.00,3.00,true,0.000000
8,63352,0.01,500,10,10,9.00,11.00,2.00,true,0.000000
9,71271,0.01,1,10,15,9.00,25.00,16.00,true,0.500000
9,71271,0.01,5,10,13,8.00,20.00,12.00,true,0.300000
9,71271,0.01,10,10,13,9.00,19.00,10.00,true,0.300000
9,71271,0.01,25,10,12,9.00,16.00,7.00,true,0.200000
9,71271,0.01,50,10,10,8.00,13.00,5.00,true,0.000000
9,71271,0.01,100,10,9,8.00,11.00,3.00,true,0.100000
9,71271,0.01,200,10,9,8.00,11.00,3.00,true,0.100000
9,71271,0.01,500,10,10,8.00,11.00,3.00,true,0.000000
10,79190,0.01,1,10,16,10.00,27.00,17.00,true,0.600000
10,79190,0.01,5,10,14,9.00,21.00,12.00,true,0.400000
10,79190,0.01,10,10,10,7.00,15.00,8.00,true,0.000000
10,79190,0.01,25,10,9,7.00,13.00,6.00,true,0.100000
10,79190,0.01,50,10,10,8.00,13.00,5.00,true,0.000000
10,79190,0.01,100,10,10,8.00,13.00,5.00,true,0.000000
10,79190,0.01,200,10,10,8.00,12.00,4.00,true,0.000000
10,79190,0.01,500,10,10,9.00,11.00,2.00,true,0.000000
11,87109,0.01,1,10,14,8.00,22.00,14.00,true,0.400000
11,87109,0.01,5,10,13,9.00,21.00,12.00,true,0.300000
11,87109,0.01,10,10,15,10.00,22.00,12.00,true,0.500000
11,87109,0.01,25,10,10,7.00,13.00,6.00,true,0.000000
11,87109,0.01,50,10,10,7.00,12.00,5.00,true,0.000000
11,87109,0.01,100,10,11,9.00,13.00,4.00,true,0.100000
11,87109,0.01,200,10,10,8.00,12.00,4.00,true,0.000000
11,87109,0.01,500,10,10,9.00,12.00,3.00,true,0.000000
12,95028,0.01,1,10,16,10.00,27.00,17.00,true,0.600000
12,95028,0.01,5,10,16,11.00,25.00,14.00,false,0.600000
12,95028,0.01,10,10,11,7.00,16.00,9.00,true,0.100000
12,95028,0.01,25,10,10,7.00,14.00,7.00,true,0.000000
12,95028,0.01,50,10,10,8.00,13.00,5.00,true,0.000000
12,95028,0.01,100,10,10,8.00,13.00,5.00,true,0.000000
12,95028,0.01,200,10,10,8.00,12.00,4.00,true,0.000000
12,95028,0.01,500,10,10,9.00,11.00,2.00,true,0.000000
13,102947,0.01,1,10,17,10.00,28.00,18.00,true,0.700000
13,102947,0.01,5,10,12,8.00,19.00,11.00,true,0.200000
13,102947,0.01,10,10,11,7.00,17.00,10.00,true,0.100000
13,102947,0.01,25,10,11,8.00,15.00,7.00,true,0.100000
13,102947,0.01,50,10,11,9.00,14.00,5.00,true,0.100000
13,102947,0.01,100,10,11,9.00,14.00,5.00,true,0.100000
13,102947,0.01,200,10,11,10.00,13.00,3.00,true,0.100000
13,102947,0.01,500,10,10,9.00,12.00,3.00,true,0.000000
14,110866,0.01,1,10,16,10.00,27.00,17.00,true,0.600000
14,110866,0.01,5,10,14,9.00,22.00,13.00,true,0.400000
14,110866,0.01,10,10,11,8.00,17.00,9.00,true,0.100000
14,110866,0.01,25,10,13,9.00,17.00,8.00,true,0.300000
14,110866,0.01,50,10,13,10.00,16.00,6.00,true,0.300000
14,110866,0.01,100,10,12,10.00,14.00,4.00,true,0.200000
14,110866,0.01,200,10,11,9.00,13.00,4.00,true,0.100000
14,110866,0.01,500,10,10,9.00,12.00,3.00,true,0.000000
15,118785,0.01,1,10,15,9.00,25.00,16.00,true,0.500000
15,118785,0.01,5,10,11,7.00,18.00,11.00,true,0.100000
15,118785,0.01,10,10,9,6.00,14.00,8.00,true,0.100000
15,118785,0.01,25,10,10,7.00,13.00,6.00,true,0.000000
15,118785,0.01,50,10,10,8.00,13.00,5.00,true,0.000000
15,118785,0.01,100,10,9,8.00,12.00,4.00,true,0.100000
15,118785,0.01,200,10,10,8.00,12.00,4.00,true,0.000000
15,118785,0.01,500,10,10,9.00,11.00,2.00,true,0.000000
16,126704,0.01,1,10,17,10.00,27.00,17.00,true,0.700000
16,126704,0.01,5,10,15,10.00,24.00,14.00,true,0.500000
16,126704,0.01,10,10,14,10.00,21.00,11.00,true,0.400000
16,126704,0.01,25,10,11,8.00,16.00,8.00,true,0.100000
16,126704,0.01,50,10,11,8.00,14.00,6.00,true,0.100000
16,126704,0.01,100,10,10,8.00,12.00,4.00,true,0.000000
16,126704,0.01,200,10,10,8.00,12.00,4.00,true,0.000000
16,126704,0.01,500,10,10,8.00,11.00,3.00,true,0.000000
17,134623,0.01,1,10,16,10.00,26.00,16.00,true,0.600000
17,134623,0.01,5,10,12,7.00,18.00,11.00,true,0.200000
17,134623,0.01,10,10,12,8.00,18.00,10.00,true,0.200000
17,134623,0.01,25,10,12,9.00,17.00,8.00,true,0.200000
17,134623,0.01,50,10,11,9.00,14.00,5.00,true,0.100000
17,134623,0.01,100,10,11,9.00,13.00,4.00,true,0.100000
17,134623,0.01,200,10,11,9.00,13.00,4.00,true,0.100000
17,134623,0.01,500,10,11,10.00,12.00,2.00,true,0.100000
18,142542,0.01,1,10,15,9.00,24.00,15.00,true,0.500000
18,142542,0.01,5,10,13,8.00,20.00,12.00,true,0.300000
18,142542,0.01,10,10,9,6.00,14.00,8.00,true,0.100000
18,142542,0.01,25,10,8,6.00,11.00,5.00,true,0.200000
18,142542,0.01,50,10,9,7.00,12.00,5.00,true,0.100000
18,142542,0.01,100,10,9,7.00,11.00,4.00,true,0.100000
18,142542,0.01,200,10,10,8.00,12.00,4.00,true,0.000000
18,142542,0.01,500,10,10,9.00,11.00,2.00,true,0.000000
19,150461,0.01,1,10,17,10.00,28.00,18.00,true,0.700000
19,150461,0.01,5,10,18,12.00,28.00,16.00,false,0.800000
19,150461,0.01,10,10,12,8.00,17.00,9.00,true,0.200000
19,150461,0.01,25,10,12,9.00,16.00,7.00,true,0.200000
19,150461,0.01,50,10,10,8.00,13.00,5.00,true,0.000000
19,150461,0.01,100,10,10,8.00,12.00,4.00,true,0.000000
19,150461,0.01,200,10,11,9.00,13.00,4.00,true,0.100000
19,150461,0.01,500,10,10,9.00,11.00,2.00,true,0.000000
20,0,0.05,1,50,95,61.00,149.00,88.00,false,0.900000
20,0,0.05,5,50,79,54.00,118.00,64.00,false,0.580000
20,0,0.05,10,50,57,40.00,81.00,41.00,true,0.140000
20,0,0.05,25,50,50,38.00,66.00,28.00,true,0.000000
20,0,0.05,50,50,51,41.00,63.00,22.00,true,0.020000
20,0,0.05,100,50,54,46.00,63.00,17.00,true,0.080000
20,0,0.05,200,50,58,52.00,66.00,14.00,false,0.160000
20,0,0.05,500,50,54,50.00,59.00,9.00,true,0.080000
21,7919,0.05,1,50,83,53.00,131.00,78.00,false,0.660000
21,7919,0.05,5,50,85,58.00,126.00,68.00,false,0.700000
21,7919,0.05,10,50,65,46.00,92.00,46.00,true,0.300000
21,7919,0.05,25,50,58,44.00,76.00,32.00,true,0.160000
21,7919,0.05,50,50,52,42.00,65.00,23.00,true,0.040000
21,7919,0.05,100,50,54,46.00,64.00,18.00,true,0.080000
21,7919,0.05,200,50,52,47.00,59.00,12.00,true,0.040000
21,7919,0.05,500,50,47,44.00,51.00,7.00,true,0.060000
22,15838,0.05,1,50,71,45.00,112.00,67.00,true,0.420000
22,15838,0.05,5,50,67,45.00,100.00,55.00,true,0.340000
22,15838,0.05,10,50,61,43.00,87.00,44.00,true,0.220000
22,15838,0.05,25,50,59,45.00,77.00,32.00,true,0.180000
22,15838,0.05,50,50,56,46.00,70.00,24.00,true,0.120000
22,15838,0.05,100,50,53,45.00,62.00,17.00,true,0.060000
22,15838,0.05,200,50,54,48.00,61.00,13.00,true,0.080000
22,15838,0.05,500,50,54,50.00,59.00,9.00,true,0.080000
23,23757,0.05,1,50,91,58.00,143.00,85.00,false,0.820000
23,23757,0.05,5,50,63,42.00,94.00,52.00,true,0.260000
23,23757,0.05,10,50,63,44.00,89.00,45.00,true,0.260000
23,23757,0.05,25,50,64,49.00,84.00,35.00,true,0.280000
23,23757,0.05,50,50,57,46.00,71.00,25.00,true,0.140000
23,23757,0.05,100,50,59,50.00,69.00,19.00,true,0.180000
23,23757,0.05,200,50,57,50.00,64.00,14.00,true,0.140000
23,23757,0.05,500,50,54,49.00,58.00,9.00,true,0.080000
24,31676,0.05,1,50,84,54.00,132.00,78.00,false,0.680000
24,31676,0.05,5,50,63,42.00,94.00,52.00,true,0.260000
24,31676,0.05,10,50,53,38.00,76.00,38.00,true,0.060000
24,31676,0.05,25,50,44,33.00,58.00,25.00,true,0.120000
24,31676,0.05,50,50,46,37.00,58.00,21.00,true,0.080000
24,31676,0.05,100,50,47,40.00,55.00,15.00,true,0.060000
24,31676,0.05,200,50,48,42.00,54.00,12.00,true,0.040000
24,31676,0.05,500,50,51,47.00,55.00,8.00,true,0.020000
25,39595,0.05,1,50,89,57.00,140.00,83.00,false,0.780000
25,39595,0.05,5,50,86,58.00,127.00,69.00,false,0.720000
25,39595,0.05,10,50,91,65.00,129.00,64.00,false,0.820000
25,39595,0.05,25,50,70,53.00,92.00,39.00,false,0.400000
25,39595,0.05,50,50,60,48.00,74.00,26.00,true,0.200000
25,39595,0.05,100,50,53,45.00,62.00,17.00,true,0.060000
25,39595,0.05,200,50,51,45.00,57.00,12.00,true,0.020000
25,39595,0.05,500,50,48,44.00,52.00,8.00,true,0.040000
26,47514,0.05,1,50,74,47.00,117.00,70.00,true,0.480000
26,47514,0.05,5,50,56,38.00,85.00,47.00,true,0.120000
26,47514,0.05,10,50,52,37.00,74.00,37.00,true,0.040000
26,47514,0.05,25,50,44,33.00,58.00,25.00,true,0.120000
26,47514,0.05,50,50,41,33.00,51.00,18.00,true,0.180000
26,47514,0.05,100,50,43,36.00,50.00,14.00,true,0.140000
26,47514,0.05,200,50,48,43.00,54.00,11.00,true,0.040000
26,47514,0.05,500,50,52,48.00,56.00,8.00,true,0.040000
27,55433,0.05,1,50,85,54.00,133.00,79.00,false,0.700000
27,55433,0.05,5,50,47,31.00,70.00,39.00,true,0.060000
27,55433,0.05,10,50,53,37.00,75.00,38.00,true,0.060000
27,55433,0.05,25,50,50,38.00,65.00,27.00,true,0.000000
27,55433,0.05,50,50,46,37.00,57.00,20.00,true,0.080000
27,55433,0.05,100,50,46,39.00,54.00,15.00,true,0.080000
27,55433,0.05,200,50,47,42.00,53.00,11.00,true,0.060000
27,55433,0.05,500,50,47,43.00,51.00,8.00,true,0.060000
28,63352,0.05,1,50,74,47.00,116.00,69.00,true,0.480000
28,63352,0.05,5,50,63,43.00,95.00,52.00,true,0.260000
28,63352,0.05,10,50,52,37.00,74.00,37.00,true,0.040000
28,63352,0.05,25,50,67,51.00,88.00,37.00,false,0.340000
28,63352,0.05,50,50,61,49.00,75.00,26.00,true,0.220000
28,63352,0.05,100,50,55,47.00,65.00,18.00,true,0.100000
28,63352,0.05,200,50,55,49.00,62.00,13.00,true,0.100000
28,63352,0.05,500,50,50,47.00,55.00,8.00,true,0.000000
29,71271,0.05,1,50,78,50.00,123.00,73.00,true,0.560000
29,71271,0.05,5,50,72,49.00,108.00,59.00,true,0.440000
29,71271,0.05,10,50,55,39.00,78.00,39.00,true,0.100000
29,71271,0.05,25,50,48,37.00,64.00,27.00,true,0.040000
29,71271,0.05,50,50,44,35.00,54.00,19.00,true,0.120000
29,71271,0.05,100,50,44,37.00,52.00,15.00,true,0.120000
29,71271,0.05,200,50,47,42.00,53.00,11.00,true,0.060000
29,71271,0.05,500,50,50,46.00,54.00,8.00,true,0.000000
30,79190,0.05,1,50,91,58.00,143.00,85.00,false,0.820000
30,79190,0.05,5,50,65,44.00,97.00,53.00,true,0.300000
30,79190,0.05,10,50,63,44.00,89.00,45.00,true,0.260000
30,79190,0.05,25,50,68,52.00,89.00,37.00,false,0.360000
30,79190,0.05,50,50,61,50.00,76.00,26.00,true,0.220000
30,79190,0.05,100,50,54,46.00,64.00,18.00,true,0.080000
30,79190,0.05,200,50,51,45.00,57.00,12.00,true,0.020000
30,79190,0.05,500,50,51,47.00,55.00,8.00,true,0.020000
31,87109,0.05,1,50,85,54.00,133.00,79.00,false,0.700000
31,87109,0.05,5,50,52,35.00,78.00,43.00,true,0.040000
31,87109,0.05,10,50,60,42.00,86.00,44.00,true,0.200000
31,87109,0.05,25,50,54,41.00,71.00,30.00,true,0.080000
31,87109,0.05,50,50,45,37.00,56.00,19.00,true,0.100000
31,87109,0.05,100,50,49,41.00,57.00,16.00,true,0.020000
31,87109,0.05,200,50,45,39.00,50.00,11.00,true,0.100000
31,87109,0.05,500,50,50,46.00,54.00,8.00,true,0.000000
32,95028,0.05,1,50,86,55.00,135.00,80.00,false,0.720000
32,95028,0.05,5,50,84,57.00,125.00,68.00,false,0.680000
32,95028,0.05,10,50,71,50.00,101.00,51.00,true,0.420000
32,95028,0.05,25,50,73,56.00,95.00,39.00,false,0.460000
32,95028,0.05,50,50,64,52.00,80.00,28.00,false,0.280000
32,95028,0.05,100,50,61,52.00,72.00,20.00,false,0.220000
32,95028,0.05,200,50,59,52.00,66.00,14.00,false,0.180000
32,95028,0.05,500,50,55,51.00,60.00,9.00,false,0.100000
33,102947,0.05,1,50,90,58.00,142.00,84.00,false,0.800000
33,102947,0.05,5,50,72,49.00,107.00,58.00,true,0.440000
33,102947,0.05,10,50,62,43.00,88.00,45.00,true,0.240000
33,102947,0.05,25,50,50,38.00,67.00,29.00,true,0.000000
33,102947,0.05,50,50,53,43.00,66.00,23.00,true,0.060000
33,102947,0.05,100,50,50,42.00,58.00,16.00,true,0.000000
33,102947,0.05,200,50,50,44.00,56.00,12.00,true,0.000000
33,102947,0.05,500,50,54,49.00,58.00,9.00,true,0.080000
34,110866,0.05,1,50,79,50.00,124.00,74.00,true,0.580000
34,110866,0.05,5,50,52,35.00,78.00,43.00,true,0.040000
34,110866,0.05,10,50,56,39.00,79.00,40.00,true,0.120000
34,110866,0.05,25,50,54,41.00,71.00,30.00,true,0.080000
34,110866,0.05,50,50,55,44.00,68.00,24.00,true,0.100000
34,110866,0.05,100,50,53,45.00,63.00,18.00,true,0.060000
34,110866,0.05,200,50,55,49.00,62.00,13.00,true,0.100000
34,110866,0.05,500,50,52,48.00,57.00,9.00,true,0.040000
35,118785,0.05,1,50,85,55.00,134.00,79.00,false,0.700000
35,118785,0.05,5,50,75,51.00,112.00,61.00,false,0.500000
35,118785,0.05,10,50,70,50.00,100.00,50.00,true,0.400000
35,118785,0.05,25,50,63,48.00,83.00,35.00,true,0.260000
35,118785,0.05,50,50,57,46.00,71.00,25.00,true,0.140000
35,118785,0.05,100,50,50,43.00,59.00,16.00,true,0.000000
35,118785,0.05,200,50,52,46.00,58.00,12.00,true,0.040000
35,118785,0.05,500,50,52,48.00,56.00,8.00,true,0.040000
36,126704,0.05,1,50,84,54.00,132.00,78.00,false,0.680000
36,126704,0.05,5,50,106,72.00,156.00,84.00,false,1.120000
36,126704,0.05,10,50,73,52.00,104.00,52.00,false,0.460000
36,126704,0.05,25,50,71,54.00,92.00,38.00,false,0.420000
36,126704,0.05,50,50,56,46.00,70.00,24.00,true,0.120000
36,126704,0.05,100,50,57,48.00,67.00,19.00,true,0.140000
36,126704,0.05,200,50,50,44.00,56.00,12.00,true,0.000000
36,126704,0.05,500,50,48,44.00,52.00,8.00,true,0.040000
37,134623,0.05,1,50,96,62.00,150.00,88.00,false,0.920000
37,134623,0.05,5,50,91,62.00,135.00,73.00,false,0.820000
37,134623,0.05,10,50,72,51.00,102.00,51.00,false,0.440000
37,134623,0.05,25,50,66,50.00,86.00,36.00,true,0.320000
37,134623,0.05,50,50,66,53.00,81.00,28.00,false,0.320000
37,134623,0.05,100,50,55,47.00,65.00,18.00,true,0.100000
37,134623,0.05,200,50,54,48.00,61.00,13.00,true,0.080000
37,134623,0.05,500,50,52,48.00,57.00,9.00,true,0.040000
38,142542,0.05,1,50,96,62.00,150.00,88.00,false,0.920000
38,142542,0.05,5,50,80,54.00,119.00,65.00,false,0.600000
38,142542,0.05,10,50,58,41.00,82.00,41.00,true,0.160000
38,142542,0.05,25,50,59,45.00,77.00,32.00,true,0.180000
38,142542,0.05,50,50,58,47.00,72.00,25.00,true,0.160000
38,142542,0.05,100,50,52,44.00,61.00,17.00,true,0.040000
38,142542,0.05,200,50,50,44.00,56.00,12.00,true,0.000000
38,142542,0.05,500,50,50,46.00,54.00,8.00,true,0.000000
39,150461,0.05,1,50,94,60.00,147.00,87.00,false,0.880000
39,150461,0.05,5,50,98,67.00,145.00,78.00,false,0.960000
39,150461,0.05,10,50,80,57.00,114.00,57.00,false,0.600000
39,150461,0.05,25,50,58,44.00,76.00,32.00,true,0.160000
39,150461,0.05,50,50,63,51.00,78.00,27.00,false,0.260000
39,150461,0.05,100,50,56,48.00,65.00,17.00,true,0.120000
39,150461,0.05,200,50,49,43.00,55.00,12.00,true,0.020000
39,150461,0.05,500,50,51,47.00,55.00,8.00,true,0.020000
40,0,0.1,1,100,99,64.00,155.00,91.00,true,0.010000
40,0,0.1,5,100,93,63.00,138.00,75.00,true,0.070000
40,0,0.1,10,100,109,78.00,153.00,75.00,true,0.090000
40,0,0.1,25,100,113,87.00,147.00,60.00,true,0.130000
40,0,0.1,50,100,100,82.00,123.00,41.00,true,0.000000
40,0,0.1,100,100,97,83.00,113.00,30.00,true,0.030000
40,0,0.1,200,100,102,91.00,114.00,23.00,true,0.020000
40,0,0.1,500,100,105,97.00,113.00,16.00,true,0.050000
41,7919,0.1,1,100,95,61.00,149.00,88.00,true,0.050000
41,7919,0.1,5,100,98,66.00,144.00,78.00,true,0.020000
41,7919,0.1,10,100,115,82.00,161.00,79.00,true,0.150000
41,7919,0.1,25,100,93,71.00,121.00,50.00,true,0.070000
41,7919,0.1,50,100,92,75.00,113.00,38.00,true,0.080000
41,7919,0.1,100,100,97,83.00,113.00,30.00,true,0.030000
41,7919,0.1,200,100,99,89.00,111.00,22.00,true,0.010000
41,7919,0.1,500,100,101,94.00,109.00,15.00,true,0.010000
42,15838,0.1,1,100,94,61.00,148.00,87.00,true,0.060000
42,15838,0.1,5,100,92,62.00,136.00,74.00,true,0.080000
42,15838,0.1,10,100,98,69.00,137.00,68.00,true,0.020000
42,15838,0.1,25,100,103,79.00,133.00,54.00,true,0.030000
42,15838,0.1,50,100,104,85.00,127.00,42.00,true,0.040000
42,15838,0.1,100,100,103,88.00,120.00,32.00,true,0.030000
42,15838,0.1,200,100,104,93.00,116.00,23.00,true,0.040000
42,15838,0.1,500,100,104,97.00,112.00,15.00,true,0.040000
43,23757,0.1,1,100,94,61.00,148.00,87.00,true,0.060000
43,23757,0.1,5,100,79,54.00,118.00,64.00,true,0.210000
43,23757,0.1,10,100,87,62.00,123.00,61.00,true,0.130000
43,23757,0.1,25,100,102,79.00,133.00,54.00,true,0.020000
43,23757,0.1,50,100,97,79.00,119.00,40.00,true,0.030000
43,23757,0.1,100,100,100,86.00,117.00,31.00,true,0.000000
43,23757,0.1,200,100,104,93.00,116.00,23.00,true,0.040000
43,23757,0.1,500,100,100,92.00,107.00,15.00,true,0.000000
44,31676,0.1,1,100,100,64.00,156.00,92.00,true,0.000000
44,31676,0.1,5,100,99,67.00,147.00,80.00,true,0.010000
44,31676,0.1,10,100,95,67.00,133.00,66.00,true,0.050000
44,31676,0.1,25,100,99,76.00,129.00,53.00,true,0.010000
44,31676,0.1,50,100,88,71.00,108.00,37.00,true,0.120000
44,31676,0.1,100,100,89,76.00,104.00,28.00,true,0.110000
44,31676,0.1,200,100,94,84.00,105.00,21.00,true,0.060000
44,31676,0.1,500,100,96,89.00,104.00,15.00,true,0.040000
45,39595,0.1,1,100,92,59.00,145.00,86.00,true,0.080000
45,39595,0.1,5,100,115,78.00,169.00,91.00,true,0.150000
45,39595,0.1,10,100,127,91.00,178.00,87.00,true,0.270000
45,39595,0.1,25,100,111,85.00,144.00,59.00,true,0.110000
45,39595,0.1,50,100,109,89.00,133.00,44.00,true,0.090000
45,39595,0.1,100,100,104,89.00,121.00,32.00,true,0.040000
45,39595,0.1,200,100,101,90.00,113.00,23.00,true,0.010000
45,39595,0.1,500,100,95,88.00,102.00,14.00,true,0.050000
46,47514,0.1,1,100,95,61.00,149.00,88.00,true,0.050000
46,47514,0.1,5,100,90,61.00,134.00,73.00,true,0.100000
46,47514,0.1,10,100,100,71.00,140.00,69.00,true,0.000000
46,47514,0.1,25,100,90,69.00,118.00,49.00,true,0.100000
46,47514,0.1,50,100,92,75.00,113.00,38.00,true,0.080000
46,47514,0.1,100,100,91,78.00,106.00,28.00,true,0.090000
46,47514,0.1,200,100,90,81.00,101.00,20.00,true,0.100000
46,47514,0.1,500,100,100,92.00,107.00,15.00,true,0.000000
47,55433,0.1,1,100,88,56.00,138.00,82.00,true,0.120000
47,55433,0.1,5,100,81,55.00,120.00,65.00,true,0.190000
47,55433,0.1,10,100,71,51.00,101.00,50.00,true,0.290000
47,55433,0.1,25,100,85,65.00,111.00,46.00,true,0.150000
47,55433,0.1,50,100,89,72.00,109.00,37.00,true,0.110000
47,55433,0.1,100,100,90,77.00,104.00,27.00,true,0.100000
47,55433,0.1,200,100,96,86.00,107.00,21.00,true,0.040000
47,55433,0.1,500,100,96,90.00,104.00,14.00,true,0.040000
48,63352,0.1,1,100,76,49.00,120.00,71.00,true,0.240000
48,63352,0.1,5,100,72,48.00,107.00,59.00,true,0.280000
48,63352,0.1,10,100,84,60.00,119.00,59.00,true,0.160000
48,63352,0.1,25,100,85,65.00,111.00,46.00,true,0.150000
48,63352,0.1,50,100,109,89.00,134.00,45.00,true,0.090000
48,63352,0.1,100,100,104,90.00,121.00,31.00,true,0.040000
48,63352,0.1,200,100,97,87.00,109.00,22.00,true,0.030000
48,63352,0.1,500,100,104,96.00,111.00,15.00,true,0.040000
49,71271,0.1,1,100,81,52.00,127.00,75.00,true,0.190000
49,71271,0.1,5,100,84,57.00,125.00,68.00,true,0.160000
49,71271,0.1,10,100,97,69.00,137.00,68.00,true,0.030000
49,71271,0.1,25,100,80,62.00,105.00,43.00,true,0.200000
49,71271,0.1,50,100,85,69.00,104.00,35.00,true,0.150000
49,71271,0.1,100,100,94,80.00,109.00,29.00,true,0.060000
49,71271,0.1,200,100,92,82.00,103.00,21.00,true,0.080000
49,71271,0.1,500,100,96,89.00,104.00,15.00,true,0.040000
50,79190,0.1,1,100,96,62.00,150.00,88.00,true,0.040000
50,79190,0.1,5,100,120,82.00,176.00,94.00,true,0.200000
50,79190,0.1,10,100,121,86.00,169.00,83.00,true,0.210000
50,79190,0.1,25,100,109,84.00,142.00,58.00,true,0.090000
50,79190,0.1,50,100,111,90.00,135.00,45.00,true,0.110000
50,79190,0.1,100,100,100,86.00,116.00,30.00,true,0.000000
50,79190,0.1,200,100,110,98.00,123.00,25.00,true,0.100000
50,79190,0.1,500,100,97,90.00,105.00,15.00,true,0.030000
51,87109,0.1,1,100,88,56.00,138.00,82.00,true,0.120000
51,87109,0.1,5,100,85,57.00,126.00,69.00,true,0.150000
51,87109,0.1,10,100,87,62.00,123.00,61.00,true,0.130000
51,87109,0.1,25,100,97,74.00,126.00,52.00,true,0.030000
51,87109,0.1,50,100,91,74.00,112.00,38.00,true,0.090000
51,87109,0.1,100,100,90,77.00,105.00,28.00,true,0.100000
51,87109,0.1,200,100,94,84.00,105.00,21.00,true,0.060000
51,87109,0.1,500,100,94,87.00,101.00,14.00,true,0.060000
52,95028,0.1,1,100,92,59.00,145.00,86.00,true,0.080000
52,95028,0.1,5,100,104,71.00,153.00,82.00,true,0.040000
52,95028,0.1,10,100,117,83.00,163.00,80.00,true,0.170000
52,95028,0.1,25,100,122,94.00,157.00,63.00,true,0.220000
52,95028,0.1,50,100,128,104.00,156.00,52.00,false,0.280000
52,95028,0.1,100,100,112,97.00,131.00,34.00,true,0.120000
52,95028,0.1,200,100,111,100.00,125.00,25.00,true,0.110000
52,95028,0.1,500,100,110,103.00,119.00,16.00,false,0.100000
53,102947,0.1,1,100,94,60.00,147.00,87.00,true,0.060000
53,102947,0.1,5,100,88,60.00,130.00,70.00,true,0.120000
53,102947,0.1,10,100,85,61.00,121.00,60.00,true,0.150000
53,102947,0.1,25,100,91,70.00,118.00,48.00,true,0.090000
53,102947,0.1,50,100,98,80.00,120.00,40.00,true,0.020000
53,102947,0.1,100,100,94,81.00,110.00,29.00,true,0.060000
53,102947,0.1,200,100,95,85.00,106.00,21.00,true,0.050000
53,102947,0.1,500,100,101,94.00,109.00,15.00,true,0.010000
54,110866,0.1,1,100,82,52.00,129.00,77.00,true,0.180000
54,110866,0.1,5,100,82,55.00,121.00,66.00,true,0.180000
54,110866,0.1,10,100,72,51.00,102.00,51.00,true,0.280000
54,110866,0.1,25,100,82,63.00,107.00,44.00,true,0.180000
54,110866,0.1,50,100,97,79.00,119.00,40.00,true,0.030000
54,110866,0.1,100,100,109,94.00,127.00,33.00,true,0.090000
54,110866,0.1,200,100,103,92.00,116.00,24.00,true,0.030000
54,110866,0.1,500,100,104,96.00,112.00,16.00,true,0.040000
55,118785,0.1,1,100,97,62.00,151.00,89.00,true,0.030000
55,118785,0.1,5,100,104,71.00,153.00,82.00,true,0.040000
55,118785,0.1,10,100,98,70.00,138.00,68.00,true,0.020000
55,118785,0.1,25,100,98,75.00,127.00,52.00,true,0.020000
55,118785,0.1,50,100,110,90.00,135.00,45.00,true,0.100000
55,118785,0.1,100,100,107,92.00,124.00,32.00,true,0.070000
55,118785,0.1,200,100,98,88.00,110.00,22.00,true,0.020000
55,118785,0.1,500,100,100,93.00,107.00,14.00,true,0.000000
56,126704,0.1,1,100,99,64.00,155.00,91.00,true,0.010000
56,126704,0.1,5,100,115,78.00,169.00,91.00,true,0.150000
56,126704,0.1,10,100,132,94.00,184.00,90.00,true,0.320000
56,126704,0.1,25,100,116,89.00,150.00,61.00,true,0.160000
56,126704,0.1,50,100,112,92.00,137.00,45.00,true,0.120000
56,126704,0.1,100,100,103,88.00,120.00,32.00,true,0.030000
56,126704,0.1,200,100,108,97.00,121.00,24.00,true,0.080000
56,126704,0.1,500,100,103,95.00,111.00,16.00,true,0.030000
57,134623,0.1,1,100,100,64.00,156.00,92.00,true,0.000000
57,134623,0.1,5,100,99,67.00,146.00,79.00,true,0.010000
57,134623,0.1,10,100,114,81.00,160.00,79.00,true,0.140000
57,134623,0.1,25,100,110,85.00,143.00,58.00,true,0.100000
57,134623,0.1,50,100,106,86.00,129.00,43.00,true,0.060000
57,134623,0.1,100,100,106,91.00,123.00,32.00,true,0.060000
57,134623,0.1,200,100,106,95.00,119.00,24.00,true,0.060000
57,134623,0.1,500,100,103,95.00,111.00,16.00,true,0.030000
58,142542,0.1,1,100,100,64.00,156.00,92.00,true,0.000000
58,142542,0.1,5,100,91,62.00,135.00,73.00,true,0.090000
58,142542,0.1,10,100,76,54.00,108.00,54.00,true,0.240000
58,142542,0.1,25,100,92,71.00,120.00,49.00,true,0.080000
58,142542,0.1,50,100,94,77.00,116.00,39.00,true,0.060000
58,142542,0.1,100,100,100,86.00,117.00,31.00,true,0.000000
58,142542,0.1,200,100,98,88.00,110.00,22.00,true,0.020000
58,142542,0.1,500,100,100,93.00,108.00,15.00,true,0.000000
59,150461,0.1,1,100,98,63.00,153.00,90.00,true,0.020000
59,150461,0.1,5,100,102,69.00,150.00,81.00,true,0.020000
59,150461,0.1,10,100,111,79.00,156.00,77.00,true,0.110000
59,150461,0.1,25,100,105,81.00,137.00,56.00,true,0.050000
59,150461,0.1,50,100,93,75.00,114.00,39.00,true,0.070000
59,150461,0.1,100,100,103,89.00,120.00,31.00,true,0.030000
59,150461,0.1,200,100,106,95.00,119.00,24.00,true,0.060000
59,150461,0.1,500,100,105,98.00,113.00,15.00,true,0.050000
60,0,0.25,1,250,324,215.00,461.00,246.00,true,0.296000
60,0,0.25,5,250,340,239.00,462.00,223.00,true,0.360000
60,0,0.25,10,250,309,226.00,408.00,182.00,true,0.236000
60,0,0.25,25,250,298,234.00,371.00,137.00,true,0.192000
60,0,0.25,50,250,284,236.00,338.00,102.00,true,0.136000
60,0,0.25,100,250,264,230.00,302.00,72.00,true,0.056000
60,0,0.25,200,250,260,235.00,287.00,52.00,true,0.040000
60,0,0.25,500,250,242,226.00,258.00,32.00,true,0.032000
61,7919,0.25,1,250,300,198.00,431.00,233.00,true,0.200000
61,7919,0.25,5,250,271,189.00,377.00,188.00,true,0.084000
61,7919,0.25,10,250,250,182.00,336.00,154.00,true,0.000000
61,7919,0.25,25,250,275,216.00,344.00,128.00,true,0.100000
61,7919,0.25,50,250,234,193.00,280.00,87.00,true,0.064000
61,7919,0.25,100,250,236,205.00,270.00,65.00,true,0.056000
61,7919,0.25,200,250,241,218.00,266.00,48.00,true,0.036000
61,7919,0.25,500,250,246,230.00,262.00,32.00,true,0.016000
62,15838,0.25,1,250,300,198.00,431.00,233.00,true,0.200000
62,15838,0.25,5,250,320,224.00,437.00,213.00,true,0.280000
62,15838,0.25,10,250,284,207.00,378.00,171.00,true,0.136000
62,15838,0.25,25,250,245,192.00,309.00,117.00,true,0.020000
62,15838,0.25,50,250,256,213.00,306.00,93.00,true,0.024000
62,15838,0.25,100,250,259,225.00,296.00,71.00,true,0.036000
62,15838,0.25,200,250,259,234.00,286.00,52.00,true,0.036000
62,15838,0.25,500,250,259,243.00,277.00,34.00,true,0.036000
63,23757,0.25,1,250,324,215.00,461.00,246.00,true,0.296000
63,23757,0.25,5,250,208,143.00,295.00,152.00,true,0.168000
63,23757,0.25,10,250,178,128.00,245.00,117.00,false,0.288000
63,23757,0.25,25,250,191,149.00,244.00,95.00,false,0.236000
63,23757,0.25,50,250,218,180.00,262.00,82.00,true,0.128000
63,23757,0.25,100,250,231,200.00,265.00,65.00,true,0.076000
63,23757,0.25,200,250,231,209.00,256.00,47.00,true,0.076000
63,23757,0.25,500,250,252,236.00,269.00,33.00,true,0.008000
64,31676,0.25,1,250,333,221.00,472.00,251.00,true,0.332000
64,31676,0.25,5,250,235,163.00,331.00,168.00,true,0.060000
64,31676,0.25,10,250,263,191.00,352.00,161.00,true,0.052000
64,31676,0.25,25,250,271,213.00,339.00,126.00,true,0.084000
64,31676,0.25,50,250,274,227.00,326.00,99.00,true,0.096000
64,31676,0.25,100,250,249,217.00,285.00,68.00,true,0.004000
64,31676,0.25,200,250,246,222.00,271.00,49.00,true,0.016000
64,31676,0.25,500,250,239,224.00,255.00,31.00,true,0.044000
65,39595,0.25,1,250,308,204.00,441.00,237.00,true,0.232000
65,39595,0.25,5,250,340,239.00,462.00,223.00,true,0.360000
65,39595,0.25,10,250,375,277.00,486.00,209.00,false,0.500000
65,39595,0.25,25,250,364,289.00,447.00,158.00,false,0.456000
65,39595,0.25,50,250,293,244.00,348.00,104.00,true,0.172000
65,39595,0.25,100,250,278,243.00,317.00,74.00,true,0.112000
65,39595,0.25,200,250,257,233.00,284.00,51.00,true,0.028000
65,39595,0.25,500,250,246,230.00,262.00,32.00,true,0.016000
66,47514,0.25,1,250,300,198.00,431.00,233.00,true,0.200000
66,47514,0.25,5,250,281,196.00,389.00,193.00,true,0.124000
66,47514,0.25,10,250,288,210.00,383.00,173.00,true,0.152000
66,47514,0.25,25,250,257,202.00,323.00,121.00,true,0.028000
66,47514,0.25,50,250,263,218.00,314.00,96.00,true,0.052000
66,47514,0.25,100,250,278,242.00,316.00,74.00,true,0.112000
66,47514,0.25,200,250,249,225.00,275.00,50.00,true,0.004000
66,47514,0.25,500,250,233,218.00,249.00,31.00,false,0.068000
67,55433,0.25,1,250,293,193.00,422.00,229.00,true,0.172000
67,55433,0.25,5,250,271,189.00,377.00,188.00,true,0.084000
67,55433,0.25,10,250,292,213.00,388.00,175.00,true,0.168000
67,55433,0.25,25,250,250,196.00,315.00,119.00,true,0.000000
67,55433,0.25,50,250,233,193.00,279.00,86.00,true,0.068000
67,55433,0.25,100,250,226,196.00,259.00,63.00,true,0.096000
67,55433,0.25,200,250,243,219.00,268.00,49.00,true,0.028000
67,55433,0.25,500,250,255,239.00,272.00,33.00,true,0.020000
68,63352,0.25,1,250,316,209.00,451.00,242.00,true,0.264000
68,63352,0.25,5,250,219,151.00,310.00,159.00,true,0.124000
68,63352,0.25,10,250,179,129.00,247.00,118.00,false,0.284000
68,63352,0.25,25,250,188,147.00,240.00,93.00,false,0.248000
68,63352,0.25,50,250,198,163.00,239.00,76.00,false,0.208000
68,63352,0.25,100,250,243,211.00,278.00,67.00,true,0.028000
68,63352,0.25,200,250,237,214.00,262.00,48.00,true,0.052000
68,63352,0.25,500,250,243,227.00,259.00,32.00,true,0.028000
69,71271,0.25,1,250,308,204.00,441.00,237.00,true,0.232000
69,71271,0.25,5,250,235,163.00,331.00,168.00,true,0.060000
69,71271,0.25,10,250,253,184.00,340.00,156.00,true,0.012000
69,71271,0.25,25,250,275,216.00,344.00,128.00,true,0.100000
69,71271,0.25,50,250,263,218.00,314.00,96.00,true,0.052000
69,71271,0.25,100,250,221,192.00,254.00,62.00,true,0.116000
69,71271,0.25,200,250,236,213.00,261.00,48.00,true,0.056000
69,71271,0.25,500,250,240,224.00,256.00,32.00,true,0.040000
70,79190,0.25,1,250,293,193.00,422.00,229.00,true,0.172000
70,79190,0.25,5,250,327,229.00,445.00,216.00,true,0.308000
70,79190,0.25,10,250,304,223.00,403.00,180.00,true,0.216000
70,79190,0.25,25,250,327,259.00,405.00,146.00,false,0.308000
70,79190,0.25,50,250,284,236.00,338.00,102.00,true,0.136000
70,79190,0.25,100,250,275,240.00,313.00,73.00,true,0.100000
70,79190,0.25,200,250,252,228.00,279.00,51.00,true,0.008000
70,79190,0.25,500,250,259,243.00,277.00,34.00,true,0.036000
71,87109,0.25,1,250,324,215.00,461.00,246.00,true,0.296000
71,87109,0.25,5,250,308,215.00,422.00,207.00,true,0.232000
71,87109,0.25,10,250,328,241.00,431.00,190.00,true,0.312000
71,87109,0.25,25,250,290,229.00,362.00,133.00,true,0.160000
71,87109,0.25,50,250,258,214.00,309.00,95.00,true,0.032000
71,87109,0.25,100,250,251,219.00,287.00,68.00,true,0.004000
71,87109,0.25,200,250,262,237.00,289.00,52.00,true,0.048000
71,87109,0.25,500,250,250,234.00,266.00,32.00,true,0.000000
72,95028,0.25,1,250,308,204.00,441.00,237.00,true,0.232000
72,95028,0.25,5,250,308,215.00,422.00,207.00,true,0.232000
72,95028,0.25,10,250,309,226.00,408.00,182.00,true,0.236000
72,95028,0.25,25,250,298,234.00,371.00,137.00,true,0.192000
72,95028,0.25,50,250,265,220.00,317.00,97.00,true,0.060000
72,95028,0.25,100,250,259,226.00,296.00,70.00,true,0.036000
72,95028,0.25,200,250,248,224.00,274.00,50.00,true,0.008000
72,95028,0.25,500,250,249,233.00,265.00,32.00,true,0.004000
73,102947,0.25,1,250,273,180.00,396.00,216.00,true,0.092000
73,102947,0.25,5,250,225,156.00,318.00,162.00,true,0.100000
73,102947,0.25,10,250,244,177.00,329.00,152.00,true,0.024000
73,102947,0.25,25,250,240,188.00,303.00,115.00,true,0.040000
73,102947,0.25,50,250,244,202.00,292.00,90.00,true,0.024000
73,102947,0.25,100,250,266,231.00,303.00,72.00,true,0.064000
73,102947,0.25,200,250,255,231.00,281.00,50.00,true,0.020000
73,102947,0.25,500,250,245,230.00,262.00,32.00,true,0.020000
74,110866,0.25,1,250,333,221.00,472.00,251.00,true,0.332000
74,110866,0.25,5,250,314,220.00,430.00,210.00,true,0.256000
74,110866,0.25,10,250,304,223.00,403.00,180.00,true,0.216000
74,110866,0.25,25,250,245,192.00,309.00,117.00,true,0.020000
74,110866,0.25,50,250,228,189.00,274.00,85.00,true,0.088000
74,110866,0.25,100,250,255,222.00,291.00,69.00,true,0.020000
74,110866,0.25,200,250,255,230.00,281.00,51.00,true,0.020000
74,110866,0.25,500,250,258,241.00,275.00,34.00,true,0.032000
75,118785,0.25,1,250,300,198.00,431.00,233.00,true,0.200000
75,118785,0.25,5,250,281,196.00,389.00,193.00,true,0.124000
75,118785,0.25,10,250,288,210.00,383.00,173.00,true,0.152000
75,118785,0.25,25,250,283,223.00,354.00,131.00,true,0.132000
75,118785,0.25,50,250,268,222.00,319.00,97.00,true,0.072000
75,118785,0.25,100,250,262,228.00,299.00,71.00,true,0.048000
75,118785,0.25,200,250,254,229.00,280.00,51.00,true,0.016000
75,118785,0.25,500,250,252,236.00,268.00,32.00,true,0.008000
76,126704,0.25,1,250,324,215.00,461.00,246.00,true,0.296000
76,126704,0.25,5,250,364,256.00,489.00,233.00,false,0.456000
76,126704,0.25,10,250,382,283.00,494.00,211.00,false,0.528000
76,126704,0.25,25,250,387,308.00,473.00,165.00,false,0.548000
76,126704,0.25,50,250,349,292.00,411.00,119.00,false,0.396000
76,126704,0.25,100,250,281,245.00,320.00,75.00,true,0.124000
76,126704,0.25,200,250,255,231.00,282.00,51.00,true,0.020000
76,126704,0.25,500,250,265,249.00,283.00,34.00,true,0.060000
77,134623,0.25,1,250,333,221.00,472.00,251.00,true,0.332000
77,134623,0.25,5,250,327,229.00,445.00,216.00,true,0.308000
77,134623,0.25,10,250,318,233.00,420.00,187.00,true,0.272000
77,134623,0.25,25,250,303,239.00,377.00,138.00,true,0.212000
77,134623,0.25,50,250,300,250.00,357.00,107.00,true,0.200000
77,134623,0.25,100,250,264,230.00,302.00,72.00,true,0.056000
77,134623,0.25,200,250,260,235.00,287.00,52.00,true,0.040000
77,134623,0.25,500,250,259,242.00,276.00,34.00,true,0.036000
78,142542,0.25,1,250,333,221.00,472.00,251.00,true,0.332000
78,142542,0.25,5,250,246,171.00,345.00,174.00,true,0.016000
78,142542,0.25,10,250,253,184.00,340.00,156.00,true,0.012000
78,142542,0.25,25,250,224,175.00,283.00,108.00,true,0.104000
78,142542,0.25,50,250,230,190.00,276.00,86.00,true,0.080000
78,142542,0.25,100,250,256,223.00,293.00,70.00,true,0.024000
78,142542,0.25,200,250,264,239.00,291.00,52.00,true,0.056000
78,142542,0.25,500,250,258,242.00,275.00,33.00,true,0.032000
79,150461,0.25,1,250,308,204.00,441.00,237.00,true,0.232000
79,150461,0.25,5,250,327,229.00,445.00,216.00,true,0.308000
79,150461,0.25,10,250,333,245.00,438.00,193.00,true,0.332000
79,150461,0.25,25,250,313,247.00,389.00,142.00,true,0.252000
79,150461,0.25,50,250,260,215.00,310.00,95.00,true,0.040000
79,150461,0.25,100,250,229,199.00,263.00,64.00,true,0.084000
79,150461,0.25,200,250,247,223.00,273.00,50.00,true,0.012000
79,150461,0.25,500,250,256,240.00,273.00,33.00,true,0.024000
80,0,0.5,1,500,667,470.00,813.00,343.00,true,0.334000
80,0,0.5,5,500,727,549.00,848.00,299.00,false,0.454000
80,0,0.5,10,500,568,433.00,692.00,259.00,true,0.136000
80,0,0.5,25,500,610,502.00,707.00,205.00,false,0.220000
80,0,0.5,50,500,587,505.00,663.00,158.00,false,0.174000
80,0,0.5,100,500,534,476.00,590.00,114.00,true,0.068000
80,0,0.5,200,500,537,495.00,578.00,83.00,true,0.074000
80,0,0.5,500,500,519,492.00,545.00,53.00,true,0.038000
81,7919,0.5,1,500,600,417.00,756.00,339.00,true,0.200000
81,7919,0.5,5,500,571,417.00,711.00,294.00,true,0.142000
81,7919,0.5,10,500,618,475.00,740.00,265.00,true,0.236000
81,7919,0.5,25,500,545,444.00,643.00,199.00,true,0.090000
81,7919,0.5,50,500,545,466.00,620.00,154.00,true,0.090000
81,7919,0.5,100,500,541,483.00,598.00,115.00,true,0.082000
81,7919,0.5,200,500,486,446.00,526.00,80.00,true,0.028000
81,7919,0.5,500,500,484,459.00,510.00,51.00,true,0.032000
82,15838,0.5,1,500,600,417.00,756.00,339.00,true,0.200000
82,15838,0.5,5,500,640,473.00,775.00,302.00,true,0.280000
82,15838,0.5,10,500,636,491.00,757.00,266.00,true,0.272000
82,15838,0.5,25,500,581,475.00,678.00,203.00,true,0.162000
82,15838,0.5,50,500,565,485.00,641.00,156.00,true,0.130000
82,15838,0.5,100,500,500,445.00,555.00,110.00,true,0.000000
82,15838,0.5,200,500,528,486.00,569.00,83.00,true,0.056000
82,15838,0.5,500,500,514,487.00,540.00,53.00,true,0.028000
83,23757,0.5,1,500,632,441.00,783.00,342.00,true,0.264000
83,23757,0.5,5,500,500,360.00,640.00,280.00,true,0.000000
83,23757,0.5,10,500,525,397.00,649.00,252.00,true,0.050000
83,23757,0.5,25,500,474,382.00,568.00,186.00,true,0.052000
83,23757,0.5,50,500,480,408.00,553.00,145.00,true,0.040000
83,23757,0.5,100,500,491,436.00,546.00,110.00,true,0.018000
83,23757,0.5,200,500,484,444.00,524.00,80.00,true,0.032000
83,23757,0.5,500,500,492,466.00,518.00,52.00,true,0.016000
84,31676,0.5,1,500,667,470.00,813.00,343.00,true,0.334000
84,31676,0.5,5,500,485,348.00,624.00,276.00,true,0.030000
84,31676,0.5,10,500,512,387.00,636.00,249.00,true,0.024000
84,31676,0.5,25,500,529,430.00,626.00,196.00,true,0.058000
84,31676,0.5,50,500,526,449.00,601.00,152.00,true,0.052000
84,31676,0.5,100,500,529,471.00,585.00,114.00,true,0.058000
84,31676,0.5,200,500,501,461.00,542.00,81.00,true,0.002000
84,31676,0.5,500,500,488,462.00,513.00,51.00,true,0.024000
85,39595,0.5,1,500,667,470.00,813.00,343.00,true,0.334000
85,39595,0.5,5,500,696,521.00,823.00,302.00,false,0.392000
85,39595,0.5,10,500,700,548.00,814.00,266.00,false,0.400000
85,39595,0.5,25,500,720,604.00,810.00,206.00,false,0.440000
85,39595,0.5,50,500,616,533.00,692.00,159.00,false,0.232000
85,39595,0.5,100,500,498,443.00,553.00,110.00,true,0.004000
85,39595,0.5,200,500,524,482.00,565.00,83.00,true,0.048000
85,39595,0.5,500,500,484,459.00,510.00,51.00,true,0.032000
86,47514,0.5,1,500,667,470.00,813.00,343.00,true,0.334000
86,47514,0.5,5,500,615,453.00,753.00,300.00,true,0.230000
86,47514,0.5,10,500,583,446.00,707.00,261.00,true,0.166000
86,47514,0.5,25,500,590,484.00,688.00,204.00,true,0.180000
86,47514,0.5,50,500,592,510.00,669.00,159.00,false,0.184000
86,47514,0.5,100,500,575,515.00,633.00,118.00,false,0.150000
86,47514,0.5,200,500,552,510.00,594.00,84.00,false,0.104000
86,47514,0.5,500,500,524,497.00,550.00,53.00,true,0.048000
87,55433,0.5,1,500,632,441.00,783.00,342.00,true,0.264000
87,55433,0.5,5,500,571,417.00,711.00,294.00,true,0.142000
87,55433,0.5,10,500,600,460.00,723.00,263.00,true,0.200000
87,55433,0.5,25,500,537,437.00,634.00,197.00,true,0.074000
87,55433,0.5,50,500,513,437.00,587.00,150.00,true,0.026000
87,55433,0.5,100,500,491,436.00,546.00,110.00,true,0.018000
87,55433,0.5,200,500,481,441.00,520.00,79.00,true,0.038000
87,55433,0.5,500,500,497,471.00,523.00,52.00,true,0.006000
88,63352,0.5,1,500,632,441.00,783.00,342.00,true,0.264000
88,63352,0.5,5,500,593,434.00,731.00,297.00,true,0.186000
88,63352,0.5,10,500,568,433.00,692.00,259.00,true,0.136000
88,63352,0.5,25,500,590,484.00,688.00,204.00,true,0.180000
88,63352,0.5,50,500,480,408.00,553.00,145.00,true,0.040000
88,63352,0.5,100,500,457,405.00,510.00,105.00,true,0.086000
88,63352,0.5,200,500,491,451.00,531.00,80.00,true,0.018000
88,63352,0.5,500,500,495,469.00,521.00,52.00,true,0.010000
89,71271,0.5,1,500,571,395.00,729.00,334.00,true,0.142000
89,71271,0.5,5,500,471,337.00,609.00,272.00,true,0.058000
89,71271,0.5,10,500,447,334.00,567.00,233.00,true,0.106000
89,71271,0.5,25,500,493,399.00,588.00,189.00,true,0.014000
89,71271,0.5,50,500,526,449.00,601.00,152.00,true,0.052000
89,71271,0.5,100,500,514,458.00,570.00,112.00,true,0.028000
89,71271,0.5,200,500,515,474.00,555.00,81.00,true,0.030000
89,71271,0.5,500,500,507,481.00,533.00,52.00,true,0.014000
90,79190,0.5,1,500,667,470.00,813.00,343.00,true,0.334000
90,79190,0.5,5,500,533,386.00,674.00,288.00,true,0.066000
90,79190,0.5,10,500,553,420.00,677.00,257.00,true,0.106000
90,79190,0.5,25,500,522,423.00,618.00,195.00,true,0.044000
90,79190,0.5,50,500,550,471.00,625.00,154.00,true,0.100000
90,79190,0.5,100,500,487,432.00,542.00,110.00,true,0.026000
90,79190,0.5,200,500,501,461.00,542.00,81.00,true,0.002000
90,79190,0.5,500,500,475,449.00,500.00,51.00,true,0.050000
91,87109,0.5,1,500,667,470.00,813.00,343.00,true,0.334000
91,87109,0.5,5,500,727,549.00,848.00,299.00,false,0.454000
91,87109,0.5,10,500,636,491.00,757.00,266.00,true,0.272000
91,87109,0.5,25,500,632,521.00,728.00,207.00,false,0.264000
91,87109,0.5,50,500,560,480.00,636.00,156.00,true,0.120000
91,87109,0.5,100,500,505,449.00,560.00,111.00,true,0.010000
91,87109,0.5,200,500,506,465.00,547.00,82.00,true,0.012000
91,87109,0.5,500,500,515,489.00,542.00,53.00,true,0.030000
92,95028,0.5,1,500,632,441.00,783.00,342.00,true,0.264000
92,95028,0.5,5,500,667,496.00,798.00,302.00,true,0.334000
92,95028,0.5,10,500,636,491.00,757.00,266.00,true,0.272000
92,95028,0.5,25,500,610,502.00,707.00,205.00,false,0.220000
92,95028,0.5,50,500,565,485.00,641.00,156.00,true,0.130000
92,95028,0.5,100,500,498,443.00,553.00,110.00,true,0.004000
92,95028,0.5,200,500,496,456.00,537.00,81.00,true,0.008000
92,95028,0.5,500,500,503,477.00,529.00,52.00,true,0.006000
93,102947,0.5,1,500,600,417.00,756.00,339.00,true,0.200000
93,102947,0.5,5,500,457,327.00,594.00,267.00,true,0.086000
93,102947,0.5,10,500,457,342.00,577.00,235.00,true,0.086000
93,102947,0.5,25,500,429,343.00,519.00,176.00,true,0.142000
93,102947,0.5,50,500,462,392.00,534.00,142.00,true,0.076000
93,102947,0.5,100,500,478,425.00,533.00,108.00,true,0.044000
93,102947,0.5,200,500,512,471.00,553.00,82.00,true,0.024000
93,102947,0.5,500,500,495,469.00,521.00,52.00,true,0.010000
94,110866,0.5,1,500,667,470.00,813.00,343.00,true,0.334000
94,110866,0.5,5,500,667,496.00,798.00,302.00,true,0.334000
94,110866,0.5,10,500,600,460.00,723.00,263.00,true,0.200000
94,110866,0.5,25,500,507,411.00,603.00,192.00,true,0.014000
94,110866,0.5,50,500,496,422.00,570.00,148.00,true,0.008000
94,110866,0.5,100,500,507,451.00,562.00,111.00,true,0.014000
94,110866,0.5,200,500,524,482.00,565.00,83.00,true,0.048000
94,110866,0.5,500,500,527,500.00,554.00,54.00,true,0.054000
95,118785,0.5,1,500,600,417.00,756.00,339.00,true,0.200000
95,118785,0.5,5,500,640,473.00,775.00,302.00,true,0.280000
95,118785,0.5,10,500,618,475.00,740.00,265.00,true,0.236000
95,118785,0.5,25,500,655,543.00,750.00,207.00,false,0.310000
95,118785,0.5,50,500,587,505.00,663.00,158.00,false,0.174000
95,118785,0.5,100,500,610,548.00,668.00,120.00,false,0.220000
95,118785,0.5,200,500,564,521.00,606.00,85.00,false,0.128000
95,118785,0.5,500,500,540,512.00,567.00,55.00,false,0.080000
96,126704,0.5,1,500,632,441.00,783.00,342.00,true,0.264000
96,126704,0.5,5,500,667,496.00,798.00,302.00,true,0.334000
96,126704,0.5,10,500,677,527.00,794.00,267.00,false,0.354000
96,126704,0.5,25,500,692,578.00,785.00,207.00,false,0.384000
96,126704,0.5,50,500,587,505.00,663.00,158.00,false,0.174000
96,126704,0.5,100,500,561,502.00,618.00,116.00,false,0.122000
96,126704,0.5,200,500,537,495.00,578.00,83.00,true,0.074000
96,126704,0.5,500,500,526,499.00,553.00,54.00,true,0.052000
97,134623,0.5,1,500,667,470.00,813.00,343.00,true,0.334000
97,134623,0.5,5,500,516,373.00,656.00,283.00,true,0.032000
97,134623,0.5,10,500,525,397.00,649.00,252.00,true,0.050000
97,134623,0.5,25,500,590,484.00,688.00,204.00,true,0.180000
97,134623,0.5,50,500,581,500.00,657.00,157.00,true,0.162000
97,134623,0.5,100,500,561,502.00,618.00,116.00,false,0.122000
97,134623,0.5,200,500,526,485.00,567.00,82.00,true,0.052000
97,134623,0.5,500,500,514,487.00,540.00,53.00,true,0.028000
98,142542,0.5,1,500,667,470.00,813.00,343.00,true,0.334000
98,142542,0.5,5,500,516,373.00,656.00,283.00,true,0.032000
98,142542,0.5,10,500,447,334.00,567.00,233.00,true,0.106000
98,142542,0.5,25,500,468,376.00,561.00,185.00,true,0.064000
98,142542,0.5,50,500,492,419.00,566.00,147.00,true,0.016000
98,142542,0.5,100,500,526,469.00,582.00,113.00,true,0.052000
98,142542,0.5,200,500,538,496.00,580.00,84.00,true,0.076000
98,142542,0.5,500,500,541,513.00,568.00,55.00,false,0.082000
99,150461,0.5,1,500,667,470.00,813.00,343.00,true,0.334000
99,150461,0.5,5,500,615,453.00,753.00,300.00,true,0.230000
99,150461,0.5,10,500,600,460.00,723.00,263.00,true,0.200000
99,150461,0.5,25,500,554,452.00,651.00,199.00,true,0.108000
99,150461,0.5,50,500,530,454.00,606.00,152.00,true,0.060000
99,150461,0.5,100,500,489,434.00,544.00,110.00,true,0.022000
99,150461,0.5,200,500,473,434.00,513.00,79.00,true,0.054000
99,150461,0.5,500,500,478,453.00,504.00,51.00,true,0.044000
100,0,0.75,1,750,857,636.00,944.00,308.00,true,0.142667
100,0,0.75,5,750,889,704.00,956.00,252.00,true,0.185333
100,0,0.75,10,750,913,760.00,966.00,206.00,false,0.217333
100,0,0.75,25,750,837,721.00,907.00,186.00,true,0.116000
100,0,0.75,50,750,836,750.00,893.00,143.00,true,0.114667
100,0,0.75,100,750,787,724.00,838.00,114.00,true,0.049333
100,0,0.75,200,750,784,739.00,823.00,84.00,true,0.045333
100,0,0.75,500,750,745,716.00,772.00,56.00,true,0.006667
101,7919,0.75,1,750,857,636.00,944.00,308.00,true,0.142667
101,7919,0.75,5,750,842,656.00,929.00,273.00,true,0.122667
101,7919,0.75,10,750,840,681.00,922.00,241.00,true,0.120000
101,7919,0.75,25,750,800,683.00,878.00,195.00,true,0.066667
101,7919,0.75,50,750,763,675.00,830.00,155.00,true,0.017333
101,7919,0.75,100,750,735,671.00,789.00,118.00,true,0.020000
101,7919,0.75,200,750,748,703.00,788.00,85.00,true,0.002667
101,7919,0.75,500,750,731,702.00,758.00,56.00,true,0.025333
102,15838,0.75,1,750,750,539.00,877.00,338.00,true,0.000000
102,15838,0.75,5,750,800,615.00,902.00,287.00,true,0.066667
102,15838,0.75,10,750,840,681.00,922.00,241.00,true,0.120000
102,15838,0.75,25,750,818,702.00,892.00,190.00,true,0.090667
102,15838,0.75,50,750,803,716.00,866.00,150.00,true,0.070667
102,15838,0.75,100,750,782,718.00,833.00,115.00,true,0.042667
102,15838,0.75,200,750,781,736.00,820.00,84.00,true,0.041333
102,15838,0.75,500,750,773,745.00,799.00,54.00,true,0.030667
103,23757,0.75,1,750,800,583.00,910.00,327.00,true,0.066667
103,23757,0.75,5,750,696,521.00,823.00,302.00,true,0.072000
103,23757,0.75,10,750,700,548.00,814.00,266.00,true,0.066667
103,23757,0.75,25,750,655,543.00,750.00,207.00,true,0.126667
103,23757,0.75,50,750,693,606.00,767.00,161.00,true,0.076000
103,23757,0.75,100,750,730,666.00,785.00,119.00,true,0.026667
103,23757,0.75,200,750,733,687.00,773.00,86.00,true,0.022667
103,23757,0.75,500,750,716,687.00,743.00,56.00,false,0.045333
104,31676,0.75,1,750,857,636.00,944.00,308.00,true,0.142667
104,31676,0.75,5,750,667,496.00,798.00,302.00,true,0.110667
104,31676,0.75,10,750,656,509.00,775.00,266.00,true,0.125333
104,31676,0.75,25,750,655,543.00,750.00,207.00,true,0.126667
104,31676,0.75,50,750,701,614.00,774.00,160.00,true,0.065333
104,31676,0.75,100,750,725,661.00,780.00,119.00,true,0.033333
104,31676,0.75,200,750,735,689.00,776.00,87.00,true,0.020000
104,31676,0.75,500,750,745,716.00,772.00,56.00,true,0.006667
105,39595,0.75,1,750,857,636.00,944.00,308.00,true,0.142667
105,39595,0.75,5,750,842,656.00,929.00,273.00,true,0.122667
105,39595,0.75,10,750,840,681.00,922.00,241.00,true,0.120000
105,39595,0.75,25,750,878,765.00,936.00,171.00,false,0.170667
105,39595,0.75,50,750,824,738.00,884.00,146.00,true,0.098667
105,39595,0.75,100,750,745,681.00,799.00,118.00,true,0.006667
105,39595,0.75,200,750,738,692.00,778.00,86.00,true,0.016000
105,39595,0.75,500,750,751,723.00,778.00,55.00,true,0.001333
106,47514,0.75,1,750,857,636.00,944.00,308.00,true,0.142667
106,47514,0.75,5,750,727,549.00,848.00,299.00,true,0.030667
106,47514,0.75,10,750,778,620.00,877.00,257.00,true,0.037333
106,47514,0.75,25,750,706,591.00,797.00,206.00,true,0.058667
106,47514,0.75,50,750,718,630.00,790.00,160.00,true,0.042667
106,47514,0.75,100,750,730,666.00,785.00,119.00,true,0.026667
106,47514,0.75,200,750,746,700.00,786.00,86.00,true,0.005333
106,47514,0.75,500,750,751,723.00,778.00,55.00,true,0.001333
107,55433,0.75,1,750,857,636.00,944.00,308.00,true,0.142667
107,55433,0.75,5,750,800,615.00,902.00,287.00,true,0.066667
107,55433,0.75,10,750,808,649.00,899.00,250.00,true,0.077333
107,55433,0.75,25,750,783,665.00,863.00,198.00,true,0.044000
107,55433,0.75,50,750,772,684.00,839.00,155.00,true,0.029333
107,55433,0.75,100,750,771,707.00,823.00,116.00,true,0.028000
107,55433,0.75,200,750,756,711.00,796.00,85.00,true,0.008000
107,55433,0.75,500,750,763,734.00,789.00,55.00,true,0.017333
108,63352,0.75,1,750,857,636.00,944.00,308.00,true,0.142667
108,63352,0.75,5,750,842,656.00,929.00,273.00,true,0.122667
108,63352,0.75,10,750,840,681.00,922.00,241.00,true,0.120000
108,63352,0.75,25,750,800,683.00,878.00,195.00,true,0.066667
108,63352,0.75,50,750,824,738.00,884.00,146.00,true,0.098667
108,63352,0.75,100,750,782,718.00,833.00,115.00,true,0.042667
108,63352,0.75,200,750,770,725.00,809.00,84.00,true,0.026667
108,63352,0.75,500,750,754,725.00,780.00,55.00,true,0.005333
109,71271,0.75,1,750,706,502.00,844.00,342.00,true,0.058667
109,71271,0.75,5,750,667,496.00,798.00,302.00,true,0.110667
109,71271,0.75,10,750,677,527.00,794.00,267.00,true,0.097333
109,71271,0.75,25,750,679,565.00,773.00,208.00,true,0.094667
109,71271,0.75,50,750,709,622.00,782.00,160.00,true,0.054667
109,71271,0.75,100,750,730,666.00,785.00,119.00,true,0.026667
109,71271,0.75,200,750,746,700.00,786.00,86.00,true,0.005333
109,71271,0.75,500,750,746,717.00,773.00,56.00,true,0.005333
110,79190,0.75,1,750,857,636.00,944.00,308.00,true,0.142667
110,79190,0.75,5,750,842,656.00,929.00,273.00,true,0.122667
110,79190,0.75,10,750,808,649.00,899.00,250.00,true,0.077333
110,79190,0.75,25,750,783,665.00,863.00,198.00,true,0.044000
110,79190,0.75,50,750,782,694.00,848.00,154.00,true,0.042667
110,79190,0.75,100,750,776,713.00,828.00,115.00,true,0.034667
110,79190,0.75,200,750,710,665.00,752.00,87.00,true,0.053333
110,79190,0.75,500,750,726,697.00,753.00,56.00,true,0.032000
111,87109,0.75,1,750,857,636.00,944.00,308.00,true,0.142667
111,87109,0.75,5,750,889,704.00,956.00,252.00,true,0.185333
111,87109,0.75,10,750,840,681.00,922.00,241.00,true,0.120000
111,87109,0.75,25,750,800,683.00,878.00,195.00,true,0.066667
111,87109,0.75,50,750,792,705.00,857.00,152.00,true,0.056000
111,87109,0.75,100,750,776,713.00,828.00,115.00,true,0.034667
111,87109,0.75,200,750,746,700.00,786.00,86.00,true,0.005333
111,87109,0.75,500,750,750,721.00,777.00,56.00,true,0.000000
112,95028,0.75,1,750,800,583.00,910.00,327.00,true,0.066667
112,95028,0.75,5,750,800,615.00,902.00,287.00,true,0.066667
112,95028,0.75,10,750,840,681.00,922.00,241.00,true,0.120000
112,95028,0.75,25,750,783,665.00,863.00,198.00,true,0.044000
112,95028,0.75,50,750,763,675.00,830.00,155.00,true,0.017333
112,95028,0.75,100,750,760,697.00,813.00,116.00,true,0.013333
112,95028,0.75,200,750,746,700.00,786.00,86.00,true,0.005333
112,95028,0.75,500,750,765,736.00,791.00,55.00,true,0.020000
113,102947,0.75,1,750,857,636.00,944.00,308.00,true,0.142667
113,102947,0.75,5,750,842,656.00,929.00,273.00,true,0.122667
113,102947,0.75,10,750,750,594.00,855.00,261.00,true,0.000000
113,102947,0.75,25,750,706,591.00,797.00,206.00,true,0.058667
113,102947,0.75,50,750,709,622.00,782.00,160.00,true,0.054667
113,102947,0.75,100,750,735,671.00,789.00,118.00,true,0.020000
113,102947,0.75,200,750,754,708.00,793.00,85.00,true,0.005333
113,102947,0.75,500,750,773,745.00,799.00,54.00,true,0.030667
114,110866,0.75,1,750,857,636.00,944.00,308.00,true,0.142667
114,110866,0.75,5,750,842,656.00,929.00,273.00,true,0.122667
114,110866,0.75,10,750,808,649.00,899.00,250.00,true,0.077333
114,110866,0.75,25,750,766,649.00,849.00,200.00,true,0.021333
114,110866,0.75,50,750,735,647.00,806.00,159.00,true,0.020000
114,110866,0.75,100,750,755,691.00,808.00,117.00,true,0.006667
114,110866,0.75,200,750,754,708.00,793.00,85.00,true,0.005333
114,110866,0.75,500,750,759,731.00,786.00,55.00,true,0.012000
115,118785,0.75,1,750,800,583.00,910.00,327.00,true,0.066667
115,118785,0.75,5,750,842,656.00,929.00,273.00,true,0.122667
115,118785,0.75,10,750,875,718.00,944.00,226.00,true,0.166667
115,118785,0.75,25,750,900,790.00,951.00,161.00,false,0.200000
115,118785,0.75,50,750,813,727.00,875.00,148.00,true,0.084000
115,118785,0.75,100,750,854,794.00,897.00,103.00,false,0.138667
115,118785,0.75,200,750,824,781.00,860.00,79.00,false,0.098667
115,118785,0.75,500,750,792,764.00,818.00,54.00,false,0.056000
116,126704,0.75,1,750,857,636.00,944.00,308.00,true,0.142667
116,126704,0.75,5,750,889,704.00,956.00,252.00,true,0.185333
116,126704,0.75,10,750,875,718.00,944.00,226.00,true,0.166667
116,126704,0.75,25,750,900,790.00,951.00,161.00,false,0.200000
116,126704,0.75,50,750,803,716.00,866.00,150.00,true,0.070667
116,126704,0.75,100,750,804,742.00,853.00,111.00,true,0.072000
116,126704,0.75,200,750,802,758.00,840.00,82.00,false,0.069333
116,126704,0.75,500,750,759,731.00,786.00,55.00,true,0.012000
117,134623,0.75,1,750,857,636.00,944.00,308.00,true,0.142667
117,134623,0.75,5,750,842,656.00,929.00,273.00,true,0.122667
117,134623,0.75,10,750,750,594.00,855.00,261.00,true,0.000000
117,134623,0.75,25,750,783,665.00,863.00,198.00,true,0.044000
117,134623,0.75,50,750,803,716.00,866.00,150.00,true,0.070667
117,134623,0.75,100,750,787,724.00,838.00,114.00,true,0.049333
117,134623,0.75,200,750,802,758.00,840.00,82.00,false,0.069333
117,134623,0.75,500,750,754,725.00,780.00,55.00,true,0.005333
118,142542,0.75,1,750,857,636.00,944.00,308.00,true,0.142667
118,142542,0.75,5,750,727,549.00,848.00,299.00,true,0.030667
118,142542,0.75,10,750,656,509.00,775.00,266.00,true,0.125333
118,142542,0.75,25,750,679,565.00,773.00,208.00,true,0.094667
118,142542,0.75,50,750,709,622.00,782.00,160.00,true,0.054667
118,142542,0.75,100,750,725,661.00,780.00,119.00,true,0.033333
118,142542,0.75,200,750,764,719.00,804.00,85.00,true,0.018667
118,142542,0.75,500,750,758,729.00,785.00,56.00,true,0.010667
119,150461,0.75,1,750,857,636.00,944.00,308.00,true,0.142667
119,150461,0.75,5,750,842,656.00,929.00,273.00,true,0.122667
119,150461,0.75,10,750,875,718.00,944.00,226.00,true,0.166667
119,150461,0.75,25,750,878,765.00,936.00,171.00,false,0.170667
119,150461,0.75,50,750,753,665.00,822.00,157.00,true,0.004000
119,150461,0.75,100,750,740,676.00,794.00,118.00,true,0.013333
119,150461,0.75,200,750,699,653.00,740.00,87.00,false,0.068000
119,150461,0.75,500,750,715,686.00,742.00,56.00,false,0.046667
120,0,0.9,1,900,1000,794.00,997.00,203.00,true,0.111111
120,0,0.9,5,900,1000,838.00,997.00,159.00,true,0.111111
120,0,0.9,10,900,1000,872.00,998.00,126.00,true,0.111111
120,0,0.9,25,900,947,847.00,979.00,132.00,true,0.052222
120,0,0.9,50,900,953,885.00,979.00,94.00,true,0.058889
120,0,0.9,100,900,949,902.00,972.00,70.00,false,0.054444
120,0,0.9,200,900,938,904.00,959.00,55.00,false,0.042222
120,0,0.9,500,900,914,892.00,932.00,40.00,true,0.015556
121,7919,0.9,1,900,1000,794.00,997.00,203.00,true,0.111111
121,7919,0.9,5,900,1000,838.00,997.00,159.00,true,0.111111
121,7919,0.9,10,900,1000,872.00,998.00,126.00,true,0.111111
121,7919,0.9,25,900,1000,922.00,999.00,77.00,false,0.111111
121,7919,0.9,50,900,938,866.00,970.00,104.00,true,0.042222
121,7919,0.9,100,900,917,864.00,949.00,85.00,true,0.018889
121,7919,0.9,200,900,917,881.00,942.00,61.00,true,0.018889
121,7919,0.9,500,900,895,871.00,914.00,43.00,true,0.005556
122,15838,0.9,1,900,1000,794.00,997.00,203.00,true,0.111111
122,15838,0.9,5,900,941,762.00,980.00,218.00,true,0.045556
122,15838,0.9,10,900,955,809.00,985.00,176.00,true,0.061111
122,15838,0.9,25,900,947,847.00,979.00,132.00,true,0.052222
122,15838,0.9,50,900,924,849.00,961.00,112.00,true,0.026667
122,15838,0.9,100,900,917,864.00,949.00,85.00,true,0.018889
122,15838,0.9,200,900,909,872.00,936.00,64.00,true,0.010000
122,15838,0.9,500,900,896,873.00,916.00,43.00,true,0.004444
123,23757,0.9,1,900,923,703.00,975.00,272.00,true,0.025556
123,23757,0.9,5,900,889,704.00,956.00,252.00,true,0.012222
123,23757,0.9,10,900,913,760.00,966.00,206.00,true,0.014444
123,23757,0.9,25,900,923,817.00,966.00,149.00,true,0.025556
123,23757,0.9,50,900,924,849.00,961.00,112.00,true,0.026667
123,23757,0.9,100,900,917,864.00,949.00,85.00,true,0.018889
123,23757,0.9,200,900,917,881.00,942.00,61.00,true,0.018889
123,23757,0.9,500,900,914,892.00,932.00,40.00,true,0.015556
124,31676,0.9,1,900,1000,794.00,997.00,203.00,true,0.111111
124,31676,0.9,5,900,842,656.00,929.00,273.00,true,0.064444
124,31676,0.9,10,900,778,620.00,877.00,257.00,false,0.135556
124,31676,0.9,25,900,818,702.00,892.00,190.00,false,0.091111
124,31676,0.9,50,900,859,775.00,912.00,137.00,true,0.045556
124,31676,0.9,100,900,867,808.00,908.00,100.00,true,0.036667
124,31676,0.9,200,900,879,839.00,909.00,70.00,true,0.023333
124,31676,0.9,500,900,895,871.00,914.00,43.00,true,0.005556
125,39595,0.9,1,900,1000,794.00,997.00,203.00,true,0.111111
125,39595,0.9,5,900,1000,838.00,997.00,159.00,true,0.111111
125,39595,0.9,10,900,1000,872.00,998.00,126.00,true,0.111111
125,39595,0.9,25,900,1000,922.00,999.00,77.00,false,0.111111
125,39595,0.9,50,900,953,885.00,979.00,94.00,true,0.058889
125,39595,0.9,100,900,888,831.00,926.00,95.00,true,0.013333
125,39595,0.9,200,900,879,839.00,909.00,70.00,true,0.023333
125,39595,0.9,500,900,901,878.00,920.00,42.00,true,0.001111
126,47514,0.9,1,900,1000,794.00,997.00,203.00,true,0.111111
126,47514,0.9,5,900,1000,838.00,997.00,159.00,true,0.111111
126,47514,0.9,10,900,1000,872.00,998.00,126.00,true,0.111111
126,47514,0.9,25,900,947,847.00,979.00,132.00,true,0.052222
126,47514,0.9,50,900,924,849.00,961.00,112.00,true,0.026667
126,47514,0.9,100,900,895,839.00,932.00,93.00,true,0.005556
126,47514,0.9,200,900,906,868.00,932.00,64.00,true,0.006667
126,47514,0.9,500,900,909,886.00,927.00,41.00,true,0.010000
127,55433,0.9,1,900,1000,794.00,997.00,203.00,true,0.111111
127,55433,0.9,5,900,1000,838.00,997.00,159.00,true,0.111111
127,55433,0.9,10,900,955,809.00,985.00,176.00,true,0.061111
127,55433,0.9,25,900,947,847.00,979.00,132.00,true,0.052222
127,55433,0.9,50,900,938,866.00,970.00,104.00,true,0.042222
127,55433,0.9,100,900,925,873.00,955.00,82.00,true,0.027778
127,55433,0.9,200,900,902,864.00,929.00,65.00,true,0.002222
127,55433,0.9,500,900,901,878.00,920.00,42.00,true,0.001111
128,63352,0.9,1,900,1000,794.00,997.00,203.00,true,0.111111
128,63352,0.9,5,900,1000,838.00,997.00,159.00,true,0.111111
128,63352,0.9,10,900,955,809.00,985.00,176.00,true,0.061111
128,63352,0.9,25,900,923,817.00,966.00,149.00,true,0.025556
128,63352,0.9,50,900,924,849.00,961.00,112.00,true,0.026667
128,63352,0.9,100,900,933,882.00,961.00,79.00,true,0.036667
128,63352,0.9,200,900,942,909.00,962.00,53.00,false,0.046667
128,63352,0.9,500,900,916,894.00,933.00,39.00,true,0.017778
129,71271,0.9,1,900,1000,794.00,997.00,203.00,true,0.111111
129,71271,0.9,5,900,1000,838.00,997.00,159.00,true,0.111111
129,71271,0.9,10,900,955,809.00,985.00,176.00,true,0.061111
129,71271,0.9,25,900,947,847.00,979.00,132.00,true,0.052222
129,71271,0.9,50,900,910,833.00,951.00,118.00,true,0.011111
129,71271,0.9,100,900,925,873.00,955.00,82.00,true,0.027778
129,71271,0.9,200,900,894,855.00,922.00,67.00,true,0.006667
129,71271,0.9,500,900,908,885.00,926.00,41.00,true,0.008889
130,79190,0.9,1,900,1000,794.00,997.00,203.00,true,0.111111
130,79190,0.9,5,900,941,762.00,980.00,218.00,true,0.045556
130,79190,0.9,10,900,913,760.00,966.00,206.00,true,0.014444
130,79190,0.9,25,900,923,817.00,966.00,149.00,true,0.025556
130,79190,0.9,50,900,897,817.00,941.00,124.00,true,0.003333
130,79190,0.9,100,900,888,831.00,926.00,95.00,true,0.013333
130,79190,0.9,200,900,898,859.00,926.00,67.00,true,0.002222
130,79190,0.9,500,900,887,863.00,907.00,44.00,true,0.014444
131,87109,0.9,1,900,1000,794.00,997.00,203.00,true,0.111111
131,87109,0.9,5,900,1000,838.00,997.00,159.00,true,0.111111
131,87109,0.9,10,900,1000,872.00,998.00,126.00,true,0.111111
131,87109,0.9,25,900,973,881.00,991.00,110.00,true,0.081111
131,87109,0.9,50,900,968,904.00,988.00,84.00,false,0.075556
131,87109,0.9,100,900,957,912.00,978.00,66.00,false,0.063333
131,87109,0.9,200,900,909,872.00,936.00,64.00,true,0.010000
131,87109,0.9,500,900,911,888.00,929.00,41.00,true,0.012222
132,95028,0.9,1,900,1000,794.00,997.00,203.00,true,0.111111
132,95028,0.9,5,900,941,762.00,980.00,218.00,true,0.045556
132,95028,0.9,10,900,955,809.00,985.00,176.00,true,0.061111
132,95028,0.9,25,900,947,847.00,979.00,132.00,true,0.052222
132,95028,0.9,50,900,884,803.00,932.00,129.00,true,0.017778
132,95028,0.9,100,900,902,847.00,937.00,90.00,true,0.002222
132,95028,0.9,200,900,883,843.00,913.00,70.00,true,0.018889
132,95028,0.9,500,900,889,864.00,909.00,45.00,true,0.012222
133,102947,0.9,1,900,1000,794.00,997.00,203.00,true,0.111111
133,102947,0.9,5,900,1000,838.00,997.00,159.00,true,0.111111
133,102947,0.9,10,900,1000,872.00,998.00,126.00,true,0.111111
133,102947,0.9,25,900,947,847.00,979.00,132.00,true,0.052222
133,102947,0.9,50,900,871,789.00,922.00,133.00,true,0.032222
133,102947,0.9,100,900,910,856.00,943.00,87.00,true,0.011111
133,102947,0.9,200,900,902,864.00,929.00,65.00,true,0.002222
133,102947,0.9,500,900,913,890.00,930.00,40.00,true,0.014444
134,110866,0.9,1,900,1000,794.00,997.00,203.00,true,0.111111
134,110866,0.9,5,900,941,762.00,980.00,218.00,true,0.045556
134,110866,0.9,10,900,955,809.00,985.00,176.00,true,0.061111
134,110866,0.9,25,900,947,847.00,979.00,132.00,true,0.052222
134,110866,0.9,50,900,924,849.00,961.00,112.00,true,0.026667
134,110866,0.9,100,900,933,882.00,961.00,79.00,true,0.036667
134,110866,0.9,200,900,906,868.00,932.00,64.00,true,0.006667
134,110866,0.9,500,900,893,869.00,913.00,44.00,true,0.007778
135,118785,0.9,1,900,923,703.00,975.00,272.00,true,0.025556
135,118785,0.9,5,900,941,762.00,980.00,218.00,true,0.045556
135,118785,0.9,10,900,955,809.00,985.00,176.00,true,0.061111
135,118785,0.9,25,900,973,881.00,991.00,110.00,true,0.081111
135,118785,0.9,50,900,938,866.00,970.00,104.00,true,0.042222
135,118785,0.9,100,900,957,912.00,978.00,66.00,false,0.063333
135,118785,0.9,200,900,925,890.00,949.00,59.00,true,0.027778
135,118785,0.9,500,900,909,886.00,927.00,41.00,true,0.010000
136,126704,0.9,1,900,1000,794.00,997.00,203.00,true,0.111111
136,126704,0.9,5,900,1000,838.00,997.00,159.00,true,0.111111
136,126704,0.9,10,900,1000,872.00,998.00,126.00,true,0.111111
136,126704,0.9,25,900,1000,922.00,999.00,77.00,false,0.111111
136,126704,0.9,50,900,984,926.00,995.00,69.00,false,0.093333
136,126704,0.9,100,900,965,922.00,983.00,61.00,false,0.072222
136,126704,0.9,200,900,950,919.00,969.00,50.00,false,0.055556
136,126704,0.9,500,900,927,906.00,944.00,38.00,false,0.030000
137,134623,0.9,1,900,1000,794.00,997.00,203.00,true,0.111111
137,134623,0.9,5,900,1000,838.00,997.00,159.00,true,0.111111
137,134623,0.9,10,900,1000,872.00,998.00,126.00,true,0.111111
137,134623,0.9,25,900,973,881.00,991.00,110.00,true,0.081111
137,134623,0.9,50,900,984,926.00,995.00,69.00,false,0.093333
137,134623,0.9,100,900,957,912.00,978.00,66.00,false,0.063333
137,134623,0.9,200,900,938,904.00,959.00,55.00,false,0.042222
137,134623,0.9,500,900,904,881.00,923.00,42.00,true,0.004444
138,142542,0.9,1,900,1000,794.00,997.00,203.00,true,0.111111
138,142542,0.9,5,900,941,762.00,980.00,218.00,true,0.045556
138,142542,0.9,10,900,955,809.00,985.00,176.00,true,0.061111
138,142542,0.9,25,900,923,817.00,966.00,149.00,true,0.025556
138,142542,0.9,50,900,910,833.00,951.00,118.00,true,0.011111
138,142542,0.9,100,900,925,873.00,955.00,82.00,true,0.027778
138,142542,0.9,200,900,930,895.00,952.00,57.00,true,0.033333
138,142542,0.9,500,900,901,878.00,920.00,42.00,true,0.001111
139,150461,0.9,1,900,1000,794.00,997.00,203.00,true,0.111111
139,150461,0.9,5,900,1000,838.00,997.00,159.00,true,0.111111
139,150461,0.9,10,900,1000,872.00,998.00,126.00,true,0.111111
139,150461,0.9,25,900,973,881.00,991.00,110.00,true,0.081111
139,150461,0.9,50,900,953,885.00,979.00,94.00,true,0.058889
139,150461,0.9,100,900,895,839.00,932.00,93.00,true,0.005556
139,150461,0.9,200,900,898,859.00,926.00,67.00,true,0.002222
139,150461,0.9,500,900,904,881.00,923.00,42.00,true,0.004444
140,0,0.99,1,990,1000,794.00,997.00,203.00,true,0.010101
140,0,0.99,5,990,1000,838.00,997.00,159.00,true,0.010101
140,0,0.99,10,990,1000,872.00,998.00,126.00,true,0.010101
140,0,0.99,25,990,1000,922.00,999.00,77.00,true,0.010101
140,0,0.99,50,990,1000,952.00,1000.00,48.00,true,0.010101
140,0,0.99,100,990,991,958.00,997.00,39.00,true,0.001010
140,0,0.99,200,990,995,977.00,999.00,22.00,true,0.005051
140,0,0.99,500,990,994,985.00,998.00,13.00,true,0.004040
141,7919,0.99,1,990,1000,794.00,997.00,203.00,true,0.010101
141,7919,0.99,5,990,1000,838.00,997.00,159.00,true,0.010101
141,7919,0.99,10,990,1000,872.00,998.00,126.00,true,0.010101
141,7919,0.99,25,990,1000,922.00,999.00,77.00,true,0.010101
141,7919,0.99,50,990,1000,952.00,1000.00,48.00,true,0.010101
141,7919,0.99,100,990,1000,973.00,1000.00,27.00,true,0.010101
141,7919,0.99,200,990,991,970.00,997.00,27.00,true,0.001010
141,7919,0.99,500,990,988,977.00,994.00,17.00,true,0.002020
142,15838,0.99,1,990,1000,794.00,997.00,203.00,true,0.010101
142,15838,0.99,5,990,1000,838.00,997.00,159.00,true,0.010101
142,15838,0.99,10,990,1000,872.00,998.00,126.00,true,0.010101
142,15838,0.99,25,990,973,881.00,991.00,110.00,true,0.017172
142,15838,0.99,50,990,968,904.00,988.00,84.00,false,0.022222
142,15838,0.99,100,990,982,945.00,993.00,48.00,true,0.008081
142,15838,0.99,200,990,986,964.00,994.00,30.00,true,0.004040
142,15838,0.99,500,990,977,963.00,986.00,23.00,false,0.013131
143,23757,0.99,1,990,1000,794.00,997.00,203.00,true,0.010101
143,23757,0.99,5,990,1000,838.00,997.00,159.00,true,0.010101
143,23757,0.99,10,990,1000,872.00,998.00,126.00,true,0.010101
143,23757,0.99,25,990,1000,922.00,999.00,77.00,true,0.010101
143,23757,0.99,50,990,1000,952.00,1000.00,48.00,true,0.010101
143,23757,0.99,100,990,1000,973.00,1000.00,27.00,true,0.010101
143,23757,0.99,200,990,1000,985.00,1000.00,15.00,true,0.010101
143,23757,0.99,500,990,996,987.00,999.00,12.00,true,0.006061
144,31676,0.99,1,990,1000,794.00,997.00,203.00,true,0.010101
144,31676,0.99,5,990,1000,838.00,997.00,159.00,true,0.010101
144,31676,0.99,10,990,1000,872.00,998.00,126.00,true,0.010101
144,31676,0.99,25,990,1000,922.00,999.00,77.00,true,0.010101
144,31676,0.99,50,990,968,904.00,988.00,84.00,false,0.022222
144,31676,0.99,100,990,982,945.00,993.00,48.00,true,0.008081
144,31676,0.99,200,990,981,958.00,991.00,33.00,true,0.009091
144,31676,0.99,500,990,986,974.00,993.00,19.00,true,0.004040
145,39595,0.99,1,990,1000,794.00,997.00,203.00,true,0.010101
145,39595,0.99,5,990,1000,838.00,997.00,159.00,true,0.010101
145,39595,0.99,10,990,1000,872.00,998.00,126.00,true,0.010101
145,39595,0.99,25,990,1000,922.00,999.00,77.00,true,0.010101
145,39595,0.99,50,990,1000,952.00,1000.00,48.00,true,0.010101
145,39595,0.99,100,990,1000,973.00,1000.00,27.00,true,0.010101
145,39595,0.99,200,990,991,970.00,997.00,27.00,true,0.001010
145,39595,0.99,500,990,996,987.00,999.00,12.00,true,0.006061
146,47514,0.99,1,990,1000,794.00,997.00,203.00,true,0.010101
146,47514,0.99,5,990,1000,838.00,997.00,159.00,true,0.010101
146,47514,0.99,10,990,1000,872.00,998.00,126.00,true,0.010101
146,47514,0.99,25,990,1000,922.00,999.00,77.00,true,0.010101
146,47514,0.99,50,990,1000,952.00,1000.00,48.00,true,0.010101
146,47514,0.99,100,990,991,958.00,997.00,39.00,true,0.001010
146,47514,0.99,200,990,995,977.00,999.00,22.00,true,0.005051
146,47514,0.99,500,990,994,985.00,998.00,13.00,true,0.004040
147,55433,0.99,1,990,1000,794.00,997.00,203.00,true,0.010101
147,55433,0.99,5,990,1000,838.00,997.00,159.00,true,0.010101
147,55433,0.99,10,990,1000,872.00,998.00,126.00,true,0.010101
147,55433,0.99,25,990,1000,922.00,999.00,77.00,true,0.010101
147,55433,0.99,50,990,984,926.00,995.00,69.00,true,0.006061
147,55433,0.99,100,990,982,945.00,993.00,48.00,true,0.008081
147,55433,0.99,200,990,986,964.00,994.00,30.00,true,0.004040
147,55433,0.99,500,990,985,972.00,991.00,19.00,true,0.005051
148,63352,0.99,1,990,1000,794.00,997.00,203.00,true,0.010101
148,63352,0.99,5,990,1000,838.00,997.00,159.00,true,0.010101
148,63352,0.99,10,990,1000,872.00,998.00,126.00,true,0.010101
148,63352,0.99,25,990,973,881.00,991.00,110.00,true,0.017172
148,63352,0.99,50,990,984,926.00,995.00,69.00,true,0.006061
148,63352,0.99,100,990,991,958.00,997.00,39.00,true,0.001010
148,63352,0.99,200,990,991,970.00,997.00,27.00,true,0.001010
148,63352,0.99,500,990,992,982.00,997.00,15.00,true,0.002020
149,71271,0.99,1,990,1000,794.00,997.00,203.00,true,0.010101
149,71271,0.99,5,990,1000,838.00,997.00,159.00,true,0.010101
149,71271,0.99,10,990,1000,872.00,998.00,126.00,true,0.010101
149,71271,0.99,25,990,1000,922.00,999.00,77.00,true,0.010101
149,71271,0.99,50,990,1000,952.00,1000.00,48.00,true,0.010101
149,71271,0.99,100,990,1000,973.00,1000.00,27.00,true,0.010101
149,71271,0.99,200,990,1000,985.00,1000.00,15.00,true,0.010101
149,71271,0.99,500,990,998,990.00,1000.00,10.00,true,0.008081
150,79190,0.99,1,990,1000,794.00,997.00,203.00,true,0.010101
150,79190,0.99,5,990,1000,838.00,997.00,159.00,true,0.010101
150,79190,0.99,10,990,1000,872.00,998.00,126.00,true,0.010101
150,79190,0.99,25,990,1000,922.00,999.00,77.00,true,0.010101
150,79190,0.99,50,990,1000,952.00,1000.00,48.00,true,0.010101
150,79190,0.99,100,990,1000,973.00,1000.00,27.00,true,0.010101
150,79190,0.99,200,990,1000,985.00,1000.00,15.00,true,0.010101
150,79190,0.99,500,990,994,985.00,998.00,13.00,true,0.004040
151,87109,0.99,1,990,1000,794.00,997.00,203.00,true,0.010101
151,87109,0.99,5,990,1000,838.00,997.00,159.00,true,0.010101
151,87109,0.99,10,990,1000,872.00,998.00,126.00,true,0.010101
151,87109,0.99,25,990,1000,922.00,999.00,77.00,true,0.010101
151,87109,0.99,50,990,1000,952.00,1000.00,48.00,true,0.010101
151,87109,0.99,100,990,1000,973.00,1000.00,27.00,true,0.010101
151,87109,0.99,200,990,991,970.00,997.00,27.00,true,0.001010
151,87109,0.99,500,990,992,982.00,997.00,15.00,true,0.002020
152,95028,0.99,1,990,1000,794.00,997.00,203.00,true,0.010101
152,95028,0.99,5,990,1000,838.00,997.00,159.00,true,0.010101
152,95028,0.99,10,990,1000,872.00,998.00,126.00,true,0.010101
152,95028,0.99,25,990,1000,922.00,999.00,77.00,true,0.010101
152,95028,0.99,50,990,1000,952.00,1000.00,48.00,true,0.010101
152,95028,0.99,100,990,1000,973.00,1000.00,27.00,true,0.010101
152,95028,0.99,200,990,995,977.00,999.00,22.00,true,0.005051
152,95028,0.99,500,990,990,979.00,995.00,16.00,true,0.000000
153,102947,0.99,1,990,1000,794.00,997.00,203.00,true,0.010101
153,102947,0.99,5,990,1000,838.00,997.00,159.00,true,0.010101
153,102947,0.99,10,990,1000,872.00,998.00,126.00,true,0.010101
153,102947,0.99,25,990,1000,922.00,999.00,77.00,true,0.010101
153,102947,0.99,50,990,1000,952.00,1000.00,48.00,true,0.010101
153,102947,0.99,100,990,1000,973.00,1000.00,27.00,true,0.010101
153,102947,0.99,200,990,995,977.00,999.00,22.00,true,0.005051
153,102947,0.99,500,990,988,977.00,994.00,17.00,true,0.002020
154,110866,0.99,1,990,1000,794.00,997.00,203.00,true,0.010101
154,110866,0.99,5,990,1000,838.00,997.00,159.00,true,0.010101
154,110866,0.99,10,990,1000,872.00,998.00,126.00,true,0.010101
154,110866,0.99,25,990,1000,922.00,999.00,77.00,true,0.010101
154,110866,0.99,50,990,1000,952.00,1000.00,48.00,true,0.010101
154,110866,0.99,100,990,991,958.00,997.00,39.00,true,0.001010
154,110866,0.99,200,990,986,964.00,994.00,30.00,true,0.004040
154,110866,0.99,500,990,979,965.00,987.00,22.00,false,0.011111
155,118785,0.99,1,990,1000,794.00,997.00,203.00,true,0.010101
155,118785,0.99,5,990,1000,838.00,997.00,159.00,true,0.010101
155,118785,0.99,10,990,1000,872.00,998.00,126.00,true,0.010101
155,118785,0.99,25,990,1000,922.00,999.00,77.00,true,0.010101
155,118785,0.99,50,990,1000,952.00,1000.00,48.00,true,0.010101
155,118785,0.99,100,990,991,958.00,997.00,39.00,true,0.001010
155,118785,0.99,200,990,995,977.00,999.00,22.00,true,0.005051
155,118785,0.99,500,990,992,982.00,997.00,15.00,true,0.002020
156,126704,0.99,1,990,1000,794.00,997.00,203.00,true,0.010101
156,126704,0.99,5,990,1000,838.00,997.00,159.00,true,0.010101
156,126704,0.99,10,990,1000,872.00,998.00,126.00,true,0.010101
156,126704,0.99,25,990,1000,922.00,999.00,77.00,true,0.010101
156,126704,0.99,50,990,1000,952.00,1000.00,48.00,true,0.010101
156,126704,0.99,100,990,1000,973.00,1000.00,27.00,true,0.010101
156,126704,0.99,200,990,995,977.00,999.00,22.00,true,0.005051
156,126704,0.99,500,990,996,987.00,999.00,12.00,true,0.006061
157,134623,0.99,1,990,1000,794.00,997.00,203.00,true,0.010101
157,134623,0.99,5,990,1000,838.00,997.00,159.00,true,0.010101
157,134623,0.99,10,990,1000,872.00,998.00,126.00,true,0.010101
157,134623,0.99,25,990,1000,922.00,999.00,77.00,true,0.010101
157,134623,0.99,50,990,1000,952.00,1000.00,48.00,true,0.010101
157,134623,0.99,100,990,1000,973.00,1000.00,27.00,true,0.010101
157,134623,0.99,200,990,995,977.00,999.00,22.00,true,0.005051
157,134623,0.99,500,990,994,985.00,998.00,13.00,true,0.004040
158,142542,0.99,1,990,1000,794.00,997.00,203.00,true,0.010101
158,142542,0.99,5,990,1000,838.00,997.00,159.00,true,0.010101
158,142542,0.99,10,990,1000,872.00,998.00,126.00,true,0.010101
158,142542,0.99,25,990,1000,922.00,999.00,77.00,true,0.010101
158,142542,0.99,50,990,1000,952.00,1000.00,48.00,true,0.010101
158,142542,0.99,100,990,1000,973.00,1000.00,27.00,true,0.010101
158,142542,0.99,200,990,995,977.00,999.00,22.00,true,0.005051
158,142542,0.99,500,990,992,982.00,997.00,15.00,true,0.002020
159,150461,0.99,1,990,1000,794.00,997.00,203.00,true,0.010101
159,150461,0.99,5,990,1000,838.00,997.00,159.00,true,0.010101
159,150461,0.99,10,990,1000,872.00,998.00,126.00,true,0.010101
159,150461,0.99,25,990,1000,922.00,999.00,77.00,true,0.010101
159,150461,0.99,50,990,1000,952.00,1000.00,48.00,true,0.010101
159,150461,0.99,100,990,982,945.00,993.00,48.00,true,0.008081
159,150461,0.99,200,990,986,964.00,994.00,30.00,true,0.004040
159,150461,0.99,500,990,992,982.00,997.00,15.00,true,0.002020
