trial_id,seed,depth,true_size,estimated_size,ci_lower,ci_upper,ci_width,relative_width,true_in_ci,relative_error,oracle_lower,oracle_upper,oracle_width,true_in_oracle,width_ratio_vs_oracle
0,0,1,50,54,49.00,58.00,9.00,0.1800,true,0.080000,44.49,55.89,11.40,true,0.7897
1,7919,1,50,49,44.00,53.00,9.00,0.1800,true,0.020000,44.42,56.24,11.82,true,0.7614
2,15838,1,50,53,48.00,57.00,9.00,0.1800,true,0.060000,44.38,55.93,11.54,true,0.7796
3,23757,1,50,48,44.00,53.00,9.00,0.1800,true,0.040000,44.49,55.89,11.41,true,0.7890
4,31676,1,50,50,46.00,55.00,9.00,0.1800,true,0.000000,44.44,56.06,11.62,true,0.7745
5,39595,1,50,52,48.00,57.00,9.00,0.1800,true,0.040000,44.38,56.09,11.71,true,0.7686
6,47514,1,50,55,51.00,60.00,9.00,0.1800,false,0.100000,44.58,56.03,11.45,true,0.7863
7,55433,1,50,48,44.00,52.00,8.00,0.1600,true,0.040000,44.40,56.07,11.67,true,0.6856
8,63352,1,50,49,45.00,54.00,9.00,0.1800,true,0.020000,44.53,55.99,11.46,true,0.7855
9,71271,1,50,51,47.00,56.00,9.00,0.1800,true,0.020000,44.42,55.96,11.54,true,0.7800
10,79190,1,50,50,46.00,55.00,9.00,0.1800,true,0.000000,44.48,56.01,11.53,true,0.7805
11,87109,1,50,51,46.00,55.00,9.00,0.1800,true,0.020000,44.45,56.05,11.60,true,0.7756
12,95028,1,50,50,45.00,54.00,9.00,0.1800,true,0.000000,44.37,55.96,11.58,true,0.7769
13,102947,1,50,51,47.00,56.00,9.00,0.1800,true,0.020000,44.59,56.00,11.40,true,0.7893
14,110866,1,50,52,48.00,57.00,9.00,0.1800,true,0.040000,44.51,56.04,11.53,true,0.7803
15,118785,1,50,56,52.00,61.00,9.00,0.1800,false,0.120000,44.60,56.05,11.44,true,0.7866
16,126704,1,50,54,49.00,58.00,9.00,0.1800,true,0.080000,44.62,56.01,11.39,true,0.7902
17,134623,1,50,53,48.00,57.00,9.00,0.1800,true,0.060000,44.44,55.98,11.54,true,0.7798
18,142542,1,50,54,49.00,58.00,9.00,0.1800,true,0.080000,44.39,55.99,11.60,true,0.7760
19,150461,1,50,47,43.00,52.00,9.00,0.1800,true,0.060000,44.61,56.07,11.46,true,0.7853
20,158380,1,50,51,46.00,55.00,9.00,0.1800,true,0.020000,44.31,55.90,11.59,true,0.7767
21,166299,1,50,51,46.00,55.00,9.00,0.1800,true,0.020000,44.46,55.91,11.45,true,0.7860
22,174218,1,50,49,45.00,54.00,9.00,0.1800,true,0.020000,44.46,56.17,11.72,true,0.7682
23,182137,1,50,56,51.00,60.00,9.00,0.1800,false,0.120000,44.48,56.00,11.52,true,0.7814
24,190056,1,50,53,48.00,57.00,9.00,0.1800,true,0.060000,44.45,55.98,11.52,true,0.7811
25,197975,1,50,50,46.00,55.00,9.00,0.1800,true,0.000000,44.47,56.06,11.59,true,0.7769
26,205894,1,50,51,46.00,55.00,9.00,0.1800,true,0.020000,44.53,56.06,11.52,true,0.7811
27,213813,1,50,52,48.00,57.00,9.00,0.1800,true,0.040000,44.53,55.96,11.43,true,0.7874
28,221732,1,50,58,53.00,63.00,10.00,0.2000,false,0.160000,44.45,55.99,11.54,true,0.8667
29,229651,1,50,49,44.00,53.00,9.00,0.1800,true,0.020000,44.52,55.97,11.45,true,0.7860
30,237570,1,50,52,48.00,57.00,9.00,0.1800,true,0.040000,44.39,56.00,11.62,true,0.7747
31,245489,1,50,50,46.00,55.00,9.00,0.1800,true,0.000000,44.50,56.00,11.50,true,0.7829
32,253408,1,50,47,42.00,51.00,9.00,0.1800,true,0.060000,44.45,56.08,11.63,true,0.7738
33,261327,1,50,47,43.00,52.00,9.00,0.1800,true,0.060000,44.47,55.94,11.47,true,0.7844
34,269246,1,50,47,42.00,51.00,9.00,0.1800,true,0.060000,44.47,55.83,11.36,true,0.7922
35,277165,1,50,53,49.00,58.00,9.00,0.1800,true,0.060000,44.54,55.99,11.46,true,0.7857
36,285084,1,50,55,51.00,60.00,9.00,0.1800,false,0.100000,44.49,56.07,11.58,true,0.7771
37,293003,1,50,50,46.00,54.00,8.00,0.1600,true,0.000000,44.45,56.06,11.61,true,0.6891
38,300922,1,50,49,45.00,54.00,9.00,0.1800,true,0.020000,44.38,55.92,11.55,true,0.7795
39,308841,1,50,52,47.00,57.00,10.00,0.2000,true,0.040000,44.61,55.97,11.35,true,0.8807
40,316760,1,50,50,46.00,55.00,9.00,0.1800,true,0.000000,44.55,55.98,11.44,true,0.7870
41,324679,1,50,44,40.00,49.00,9.00,0.1800,false,0.120000,44.42,55.93,11.51,true,0.7821
42,332598,1,50,50,46.00,55.00,9.00,0.1800,true,0.000000,44.54,56.00,11.46,true,0.7853
43,340517,1,50,53,49.00,58.00,9.00,0.1800,true,0.060000,44.49,56.01,11.51,true,0.7817
44,348436,1,50,51,46.00,55.00,9.00,0.1800,true,0.020000,44.29,56.11,11.82,true,0.7616
45,356355,1,50,51,46.00,55.00,9.00,0.1800,true,0.020000,44.41,55.89,11.49,true,0.7835
46,364274,1,50,48,44.00,52.00,8.00,0.1600,true,0.040000,44.46,56.12,11.66,true,0.6860
47,372193,1,50,52,48.00,57.00,9.00,0.1800,true,0.040000,44.59,55.90,11.30,true,0.7961
48,380112,1,50,50,45.00,54.00,9.00,0.1800,true,0.000000,44.51,56.11,11.60,true,0.7759
49,388031,1,50,49,45.00,54.00,9.00,0.1800,true,0.020000,44.52,55.99,11.47,true,0.7849
50,395950,1,50,49,45.00,54.00,9.00,0.1800,true,0.020000,44.46,55.98,11.52,true,0.7813
51,403869,1,50,49,44.00,53.00,9.00,0.1800,true,0.020000,44.53,56.00,11.47,true,0.7849
52,411788,1,50,45,41.00,49.00,8.00,0.1600,false,0.100000,44.55,55.88,11.33,true,0.7061
53,419707,1,50,49,45.00,54.00,9.00,0.1800,true,0.020000,44.52,56.06,11.54,true,0.7801
54,427626,1,50,43,39.00,48.00,9.00,0.1800,false,0.140000,44.59,56.03,11.44,true,0.7870
55,435545,1,50,52,47.00,56.00,9.00,0.1800,true,0.040000,44.49,55.97,11.49,true,0.7836
56,443464,1,50,54,49.00,59.00,10.00,0.2000,true,0.080000,44.43,56.10,11.67,true,0.8568
57,451383,1,50,49,45.00,54.00,9.00,0.1800,true,0.020000,44.53,55.91,11.38,true,0.7911
58,459302,1,50,49,44.00,53.00,9.00,0.1800,true,0.020000,44.46,55.86,11.40,true,0.7893
59,467221,1,50,50,45.00,54.00,9.00,0.1800,true,0.000000,44.42,55.95,11.53,true,0.7807
60,475140,1,50,53,48.00,57.00,9.00,0.1800,true,0.060000,44.52,56.03,11.51,true,0.7817
61,483059,1,50,54,49.00,58.00,9.00,0.1800,true,0.080000,44.63,56.10,11.47,true,0.7846
62,490978,1,50,52,48.00,57.00,9.00,0.1800,true,0.040000,44.52,56.04,11.52,true,0.7816
63,498897,1,50,52,48.00,57.00,9.00,0.1800,true,0.040000,44.40,55.86,11.46,true,0.7851
64,506816,1,50,47,42.00,51.00,9.00,0.1800,true,0.060000,44.43,56.00,11.56,true,0.7783
65,514735,1,50,51,47.00,56.00,9.00,0.1800,true,0.020000,44.45,56.07,11.62,true,0.7743
66,522654,1,50,49,45.00,53.00,8.00,0.1600,true,0.020000,44.66,55.90,11.24,true,0.7117
67,530573,1,50,48,44.00,52.00,8.00,0.1600,true,0.040000,44.51,55.96,11.46,true,0.6982
68,538492,1,50,48,44.00,53.00,9.00,0.1800,true,0.040000,44.40,55.94,11.54,true,0.7798
69,546411,1,50,50,45.00,54.00,9.00,0.1800,true,0.000000,44.45,56.03,11.58,true,0.7770
70,554330,1,50,52,48.00,57.00,9.00,0.1800,true,0.040000,44.61,55.98,11.37,true,0.7913
71,562249,1,50,52,47.00,56.00,9.00,0.1800,true,0.040000,44.51,55.90,11.40,true,0.7897
72,570168,1,50,54,49.00,59.00,10.00,0.2000,true,0.080000,44.53,55.94,11.41,true,0.8766
73,578087,1,50,51,47.00,56.00,9.00,0.1800,true,0.020000,44.51,55.93,11.43,true,0.7877
74,586006,1,50,52,48.00,57.00,9.00,0.1800,true,0.040000,44.48,55.99,11.51,true,0.7817
75,593925,1,50,52,48.00,57.00,9.00,0.1800,true,0.040000,44.42,56.10,11.69,true,0.7701
76,601844,1,50,48,44.00,52.00,8.00,0.1600,true,0.040000,44.48,55.97,11.49,true,0.6964
77,609763,1,50,48,43.00,52.00,9.00,0.1800,true,0.040000,44.49,56.18,11.69,true,0.7702
78,617682,1,50,52,47.00,56.00,9.00,0.1800,true,0.040000,44.46,56.05,11.59,true,0.7764
79,625601,1,50,51,46.00,55.00,9.00,0.1800,true,0.020000,44.40,56.01,11.62,true,0.7748
80,633520,1,50,47,42.00,51.00,9.00,0.1800,true,0.060000,44.51,56.10,11.60,true,0.7761
81,641439,1,50,50,45.00,54.00,9.00,0.1800,true,0.000000,44.56,56.01,11.45,true,0.7861
82,649358,1,50,49,45.00,54.00,9.00,0.1800,true,0.020000,44.50,56.04,11.55,true,0.7794
83,657277,1,50,48,43.00,52.00,9.00,0.1800,true,0.040000,44.52,56.07,11.55,true,0.7790
84,665196,1,50,46,42.00,50.00,8.00,0.1600,true,0.080000,44.38,56.11,11.73,true,0.6821
85,673115,1,50,49,45.00,54.00,9.00,0.1800,true,0.020000,44.46,56.07,11.61,true,0.7753
86,681034,1,50,50,45.00,54.00,9.00,0.1800,true,0.000000,44.45,55.96,11.51,true,0.7819
87,688953,1,50,53,49.00,58.00,9.00,0.1800,true,0.060000,44.54,55.94,11.40,true,0.7893
88,696872,1,50,52,48.00,57.00,9.00,0.1800,true,0.040000,44.50,55.99,11.49,true,0.7831
89,704791,1,50,54,49.00,59.00,10.00,0.2000,true,0.080000,44.44,55.96,11.52,true,0.8680
90,712710,1,50,52,47.00,56.00,9.00,0.1800,true,0.040000,44.49,56.00,11.51,true,0.7816
91,720629,1,50,54,49.00,59.00,10.00,0.2000,true,0.080000,44.52,55.97,11.45,true,0.8734
92,728548,1,50,49,44.00,53.00,9.00,0.1800,true,0.020000,44.47,55.97,11.50,true,0.7826
93,736467,1,50,51,46.00,55.00,9.00,0.1800,true,0.020000,44.47,56.00,11.53,true,0.7806
94,744386,1,50,53,49.00,58.00,9.00,0.1800,true,0.060000,44.51,55.87,11.36,true,0.7919
95,752305,1,50,52,47.00,57.00,10.00,0.2000,true,0.040000,44.54,56.04,11.49,true,0.8701
96,760224,1,50,46,42.00,51.00,9.00,0.1800,true,0.080000,44.57,55.99,11.42,true,0.7880
97,768143,1,50,52,48.00,57.00,9.00,0.1800,true,0.040000,44.49,55.91,11.43,true,0.7877
98,776062,1,50,49,45.00,53.00,8.00,0.1600,true,0.020000,44.51,55.95,11.44,true,0.6993
99,783981,1,50,49,45.00,54.00,9.00,0.1800,true,0.020000,44.39,55.93,11.54,true,0.7798
100,0,2,2500,2700,2254.00,3245.00,991.00,0.3964,true,0.080000,2129.64,2937.85,808.20,true,1.2262
101,7919,2,2500,2352,1980.00,2862.00,882.00,0.3528,true,0.059200,2122.65,2943.98,821.34,true,1.0739
102,15838,2,2500,2805,2350.00,3304.00,954.00,0.3816,true,0.122000,2122.04,2945.72,823.69,true,1.1582
103,23757,2,2500,2448,2021.00,2912.00,891.00,0.3564,true,0.020800,2129.72,2939.19,809.46,true,1.1007
104,31676,2,2500,2548,2112.00,3021.00,909.00,0.3636,true,0.019200,2117.90,2945.65,827.75,true,1.0982
105,39595,2,2500,2484,2058.00,2900.00,842.00,0.3368,true,0.006400,2130.14,2942.93,812.79,true,1.0359
106,47514,2,2500,2704,2209.00,3136.00,927.00,0.3708,true,0.081600,2128.71,2943.59,814.88,true,1.1376
107,55433,2,2500,2500,2070.00,2970.00,900.00,0.3600,true,0.000000,2131.28,2940.77,809.49,true,1.1118
108,63352,2,2500,2448,1978.00,2860.00,882.00,0.3528,true,0.020800,2133.41,2954.18,820.77,true,1.0746
109,71271,2,2500,2548,2112.00,3021.00,909.00,0.3636,true,0.019200,2124.59,2955.62,831.03,true,1.0938
110,79190,2,2500,2400,2024.00,2915.00,891.00,0.3564,true,0.040000,2126.64,2941.62,814.98,true,1.0933
111,87109,2,2500,2703,2303.00,3248.00,945.00,0.3780,true,0.081200,2119.98,2949.18,829.20,true,1.1396
112,95028,2,2500,2450,2025.00,2916.00,891.00,0.3564,true,0.020000,2123.44,2946.11,822.67,true,1.0831
113,102947,2,2500,2597,2156.00,3074.00,918.00,0.3672,true,0.038800,2118.11,2954.77,836.67,true,1.0972
114,110866,2,2500,2809,2304.00,3306.00,1002.00,0.4008,true,0.123600,2131.40,2943.66,812.26,true,1.2336
115,118785,2,2500,2968,2499.00,3480.00,981.00,0.3924,true,0.187200,2125.07,2947.70,822.63,true,1.1925
116,126704,2,2500,2704,2256.00,3192.00,936.00,0.3744,true,0.081600,2124.44,2941.91,817.46,true,1.1450
117,134623,2,2500,2650,2254.00,3190.00,936.00,0.3744,true,0.060000,2129.57,2934.90,805.33,true,1.1623
118,142542,2,2500,2915,2450.00,3422.00,972.00,0.3888,true,0.166000,2120.05,2928.62,808.57,true,1.2021
119,150461,2,2500,2303,1892.00,2756.00,864.00,0.3456,true,0.078800,2121.23,2952.49,831.26,true,1.0394
120,158380,2,2500,2597,2112.00,3074.00,962.00,0.3848,true,0.038800,2122.64,2944.96,822.32,true,1.1699
121,166299,2,2500,2450,2025.00,2916.00,891.00,0.3564,true,0.020000,2121.67,2942.82,821.15,true,1.0851
122,174218,2,2500,2397,2021.00,2912.00,891.00,0.3564,true,0.041200,2124.66,2944.82,820.16,true,1.0864
123,182137,2,2500,2650,2160.00,3078.00,918.00,0.3672,true,0.060000,2135.26,2952.72,817.46,true,1.1230
124,190056,2,2500,2862,2401.00,3364.00,963.00,0.3852,true,0.144800,2124.54,2946.22,821.68,true,1.1720
125,197975,2,2500,2448,1978.00,2860.00,882.00,0.3528,true,0.020800,2122.68,2936.79,814.12,true,1.0834
126,205894,2,2500,2585,2100.00,3060.00,960.00,0.3840,true,0.034000,2125.58,2942.68,817.11,true,1.1749
127,213813,2,2500,2695,2200.00,3180.00,980.00,0.3920,true,0.078000,2122.98,2940.39,817.42,true,1.1989
128,221732,2,2500,3078,2548.00,3538.00,990.00,0.3960,false,0.231200,2124.65,2944.64,819.99,true,1.2073
129,229651,2,2500,2450,2024.00,2915.00,891.00,0.3564,true,0.020000,2125.07,2961.63,836.57,true,1.0651
130,237570,2,2500,2450,1980.00,2862.00,882.00,0.3528,true,0.020000,2118.03,2937.99,819.95,true,1.0757
131,245489,2,2500,2544,2064.00,2964.00,900.00,0.3600,true,0.017600,2127.34,2946.16,818.82,true,1.0991
132,253408,2,2500,2438,2016.00,2850.00,834.00,0.3336,true,0.024800,2127.08,2938.16,811.08,true,1.0283
133,261327,2,2500,2397,1932.00,2805.00,873.00,0.3492,true,0.041200,2126.73,2941.37,814.63,true,1.0716
134,269246,2,2500,2550,2115.00,3024.00,909.00,0.3636,true,0.020000,2130.05,2955.24,825.19,true,1.1016
135,277165,2,2500,2754,2254.00,3190.00,936.00,0.3744,true,0.101600,2123.90,2953.16,829.26,true,1.1287
136,285084,2,2500,2860,2350.00,3304.00,954.00,0.3816,true,0.144000,2118.30,2950.76,832.46,true,1.1460
137,293003,2,2500,2704,2256.00,3192.00,936.00,0.3744,true,0.081600,2130.21,2944.74,814.53,true,1.1491
138,300922,2,2500,2550,2070.00,2970.00,900.00,0.3600,true,0.020000,2126.65,2947.72,821.08,true,1.0961
139,308841,2,2500,2491,2064.00,3016.00,952.00,0.3808,true,0.003600,2123.67,2942.94,819.27,true,1.1620
140,316760,2,2500,2499,2115.00,3024.00,909.00,0.3636,true,0.000400,2123.86,2941.27,817.41,true,1.1121
141,324679,2,2500,2346,1932.00,2805.00,873.00,0.3492,true,0.061600,2130.94,2950.10,819.16,true,1.0657
142,332598,2,2500,2703,2256.00,3248.00,992.00,0.3968,true,0.081200,2121.77,2937.85,816.08,true,1.2156
143,340517,2,2500,2650,2208.00,3135.00,927.00,0.3708,true,0.060000,2121.45,2950.61,829.16,true,1.1180
144,348436,2,2500,2652,2162.00,3080.00,918.00,0.3672,true,0.060800,2125.51,2946.44,820.93,true,1.1182
145,356355,2,2500,2484,2058.00,3009.00,951.00,0.3804,true,0.006400,2130.51,2942.22,811.71,true,1.1716
146,364274,2,2500,2646,2205.00,3132.00,927.00,0.3708,true,0.058400,2124.70,2949.06,824.36,true,1.1245
147,372193,2,2500,2550,2115.00,3024.00,909.00,0.3636,true,0.020000,2133.07,2941.01,807.93,true,1.1251
148,380112,2,2500,2496,2068.00,2968.00,900.00,0.3600,true,0.001600,2125.69,2941.43,815.73,true,1.1033
149,388031,2,2500,2438,2016.00,2907.00,891.00,0.3564,true,0.024800,2121.83,2953.63,831.80,true,1.0712
150,395950,2,2500,2496,2068.00,2968.00,900.00,0.3600,true,0.001600,2129.04,2943.85,814.81,true,1.1046
151,403869,2,2500,2544,2112.00,3074.00,962.00,0.3848,true,0.017600,2118.98,2952.40,833.42,true,1.1543
152,411788,2,2500,2162,1764.00,2550.00,786.00,0.3144,true,0.135200,2117.68,2942.22,824.53,true,0.9533
153,419707,2,2500,2496,2112.00,3021.00,909.00,0.3636,true,0.001600,2132.10,2942.45,810.35,true,1.1217
154,427626,2,2500,2256,1892.00,2704.00,812.00,0.3248,true,0.097600,2123.96,2936.54,812.58,true,0.9993
155,435545,2,2500,2850,2392.00,3355.00,963.00,0.3852,true,0.140000,2127.75,2946.36,818.61,true,1.1764
156,443464,2,2500,2703,2303.00,3248.00,945.00,0.3780,true,0.081200,2123.13,2944.91,821.78,true,1.1499
157,451383,2,2500,2550,2162.00,3080.00,918.00,0.3672,true,0.020000,2134.42,2947.72,813.29,true,1.1287
158,459302,2,2500,2397,2021.00,2912.00,891.00,0.3564,true,0.041200,2125.25,2945.25,820.01,true,1.0866
159,467221,2,2500,2450,2025.00,2916.00,891.00,0.3564,true,0.020000,2129.20,2950.00,820.79,true,1.0855
160,475140,2,2500,2600,2160.00,3078.00,918.00,0.3672,true,0.040000,2133.36,2947.36,814.00,true,1.1278
161,483059,2,2500,2548,2160.00,3078.00,918.00,0.3672,true,0.019200,2125.03,2948.15,823.12,true,1.1153
162,490978,2,2500,2744,2295.00,3233.00,938.00,0.3752,true,0.097600,2125.86,2951.43,825.57,true,1.1362
163,498897,2,2500,2550,2116.00,3025.00,909.00,0.3636,true,0.020000,2128.22,2941.81,813.59,true,1.1173
164,506816,2,2500,2300,1890.00,2754.00,864.00,0.3456,true,0.080000,2114.87,2953.32,838.45,true,1.0305
165,514735,2,2500,2650,2160.00,3132.00,972.00,0.3888,true,0.060000,2119.69,2948.33,828.64,true,1.1730
166,522654,2,2500,2548,2160.00,3021.00,861.00,0.3444,true,0.019200,2128.99,2944.60,815.61,true,1.0556
167,530573,2,2500,2550,2115.00,3024.00,909.00,0.3636,true,0.020000,2121.02,2940.00,818.98,true,1.1099
168,538492,2,2500,2550,2115.00,3024.00,909.00,0.3636,true,0.020000,2122.43,2938.11,815.69,true,1.1144
169,546411,2,2500,2652,2256.00,3192.00,936.00,0.3744,true,0.060800,2126.50,2944.70,818.20,true,1.1440
170,554330,2,2500,2805,2300.00,3245.00,945.00,0.3780,true,0.122000,2124.85,2948.18,823.33,true,1.1478
171,562249,2,2500,2695,2250.00,3186.00,936.00,0.3744,true,0.078000,2127.40,2943.72,816.33,true,1.1466
172,570168,2,2500,2448,2024.00,2915.00,891.00,0.3564,true,0.020800,2118.52,2938.42,819.91,true,1.0867
173,578087,2,2500,2438,2016.00,2907.00,891.00,0.3564,true,0.024800,2117.38,2960.44,843.07,true,1.0569
174,586006,2,2500,2601,2116.00,3025.00,909.00,0.3636,true,0.040400,2131.86,2948.81,816.95,true,1.1127
175,593925,2,2500,2964,2444.00,3416.00,972.00,0.3888,true,0.185600,2120.74,2945.80,825.06,true,1.1781
176,601844,2,2500,2254,1845.00,2700.00,855.00,0.3420,true,0.098400,2126.34,2944.22,817.88,true,1.0454
177,609763,2,2500,2254,1890.00,2700.00,810.00,0.3240,true,0.098400,2129.99,2949.54,819.55,true,0.9883
178,617682,2,2500,2650,2208.00,3135.00,927.00,0.3708,true,0.060000,2127.56,2938.38,810.82,true,1.1433
179,625601,2,2500,2496,2112.00,3021.00,909.00,0.3636,true,0.001600,2122.69,2948.53,825.83,true,1.1007
180,633520,2,2500,2340,1927.00,2744.00,817.00,0.3268,true,0.064000,2124.76,2942.36,817.60,true,0.9993
181,641439,2,2500,2548,2068.00,2968.00,900.00,0.3600,true,0.019200,2127.45,2945.78,818.33,true,1.0998
182,649358,2,2500,2350,1932.00,2805.00,873.00,0.3492,true,0.060000,2120.00,2945.02,825.02,true,1.0582
183,657277,2,2500,2450,2025.00,2916.00,891.00,0.3564,true,0.020000,2121.10,2942.75,821.65,true,1.0844
184,665196,2,2500,2300,1890.00,2754.00,864.00,0.3456,true,0.080000,2122.14,2949.15,827.01,true,1.0447
185,673115,2,2500,2400,1935.00,2808.00,873.00,0.3492,true,0.040000,2128.06,2945.19,817.13,true,1.0684
186,681034,2,2500,2401,1980.00,2862.00,882.00,0.3528,true,0.039600,2129.97,2931.48,801.51,true,1.1004
187,688953,2,2500,2862,2352.00,3306.00,954.00,0.3816,true,0.144800,2119.14,2951.79,832.64,true,1.1457
188,696872,2,2500,2650,2160.00,3132.00,972.00,0.3888,true,0.060000,2121.97,2949.53,827.56,true,1.1745
189,704791,2,2500,2538,2150.00,3009.00,859.00,0.3436,true,0.015200,2116.62,2941.39,824.77,true,1.0415
190,712710,2,2500,2756,2304.00,3249.00,945.00,0.3780,true,0.102400,2125.11,2945.48,820.36,true,1.1519
191,720629,2,2500,2808,2303.00,3248.00,945.00,0.3780,true,0.123200,2121.93,2944.18,822.25,true,1.1493
192,728548,2,2500,2352,1980.00,2862.00,882.00,0.3528,true,0.059200,2127.44,2940.75,813.31,true,1.0845
193,736467,2,2500,2401,1980.00,2862.00,882.00,0.3528,true,0.039600,2123.96,2954.69,830.73,true,1.0617
194,744386,2,2500,2808,2303.00,3306.00,1003.00,0.4012,true,0.123200,2127.47,2933.10,805.64,true,1.2450
195,752305,2,2500,2652,2209.00,3192.00,983.00,0.3932,true,0.060800,2120.24,2938.67,818.43,true,1.2011
196,760224,2,2500,2300,1932.00,2750.00,818.00,0.3272,true,0.080000,2134.76,2946.53,811.78,true,1.0077
197,768143,2,2500,2548,2115.00,3024.00,909.00,0.3636,true,0.019200,2126.65,2938.92,812.27,true,1.1191
198,776062,2,2500,2496,2021.00,2912.00,891.00,0.3564,true,0.001600,2127.59,2949.97,822.38,true,1.0834
199,783981,2,2500,2200,1840.00,2640.00,800.00,0.3200,true,0.120000,2124.26,2957.95,833.69,true,0.9596
200,0,3,125000,137376,105600.00,174876.00,69276.00,0.5542,true,0.099008,101980.88,153068.73,51087.84,true,1.3560
201,7919,3,125000,114816,86688.00,151164.00,64476.00,0.5158,true,0.081472,102578.89,152988.60,50409.70,true,1.2790
202,15838,3,125000,140556,105938.00,178640.00,72702.00,0.5816,true,0.124448,102275.82,153132.44,50856.62,true,1.4295
203,23757,3,125000,126720,94600.00,159536.00,64936.00,0.5195,true,0.013760,102847.00,152594.36,49747.36,true,1.3053
204,31676,3,125000,118910,88200.00,153459.00,65259.00,0.5221,true,0.048720,103026.04,153124.35,50098.31,true,1.3026
205,39595,3,125000,122400,89010.00,154440.00,65430.00,0.5234,true,0.020800,102736.35,153399.63,50663.28,true,1.2915
206,47514,3,125000,143208,108241.00,181888.00,73647.00,0.5892,true,0.145664,102288.49,152707.26,50418.76,true,1.4607
207,55433,3,125000,129030,96350.00,165200.00,68850.00,0.5508,true,0.032240,102025.68,152711.14,50685.46,true,1.3584
208,63352,3,125000,127008,99000.00,165672.00,66672.00,0.5334,true,0.016064,102489.36,152983.87,50494.51,true,1.3204
209,71271,3,125000,127400,99360.00,169290.00,69930.00,0.5594,true,0.019200,103002.38,153403.21,50400.83,true,1.3875
210,79190,3,125000,115000,86940.00,145800.00,58860.00,0.4709,true,0.080000,103095.05,153245.39,50150.34,true,1.1737
211,87109,3,125000,127041,97008.00,165648.00,68640.00,0.5491,true,0.016328,102698.27,152763.76,50065.49,true,1.3710
212,95028,3,125000,132600,99452.00,166320.00,66868.00,0.5349,true,0.060800,102121.01,153736.93,51615.92,true,1.2955
213,102947,3,125000,117453,90945.00,154336.00,63391.00,0.5071,true,0.060376,102780.87,153273.57,50492.70,true,1.2554
214,110866,3,125000,143312,108288.00,181944.00,73656.00,0.5892,true,0.146496,103100.15,152702.89,49602.74,true,1.4849
215,118785,3,125000,151632,115248.00,191748.00,76500.00,0.6120,true,0.213056,102604.07,154072.23,51468.16,true,1.4864
216,126704,3,125000,156800,124384.00,204655.00,80271.00,0.6422,true,0.254400,102758.46,153359.30,50600.83,true,1.5864
217,134623,3,125000,140000,103275.00,174960.00,71685.00,0.5735,true,0.120000,102789.48,153339.53,50550.05,true,1.4181
218,142542,3,125000,154440,117453.00,194880.00,77427.00,0.6194,true,0.235520,103175.32,153252.91,50077.59,true,1.5461
219,150461,3,125000,110032,82656.00,145350.00,62694.00,0.5016,true,0.119744,102475.23,152330.40,49855.17,true,1.2575
220,158380,3,125000,137445,103400.00,175112.00,71712.00,0.5737,true,0.099560,102921.61,153959.72,51038.11,true,1.4051
221,166299,3,125000,122500,95220.00,163350.00,68130.00,0.5450,true,0.020000,102455.20,153619.94,51164.74,true,1.3316
222,174218,3,125000,117312,88924.00,154336.00,65412.00,0.5233,true,0.061504,102764.06,153078.94,50314.88,true,1.3001
223,182137,3,125000,127400,97200.00,163134.00,65934.00,0.5275,true,0.019200,102586.90,153355.36,50768.45,true,1.2987
224,190056,3,125000,135200,105984.00,178695.00,72711.00,0.5817,true,0.081600,103111.30,153304.33,50193.03,true,1.4486
225,197975,3,125000,127400,93060.00,160272.00,67212.00,0.5377,true,0.019200,102233.23,152522.18,50288.95,true,1.3365
226,205894,3,125000,129744,94944.00,163020.00,68076.00,0.5446,true,0.037952,102740.38,153061.41,50321.03,true,1.3528
227,213813,3,125000,142100,104940.00,177444.00,72504.00,0.5800,true,0.136800,103026.30,153586.19,50559.89,true,1.4340
228,221732,3,125000,139776,105468.00,177632.00,72164.00,0.5773,true,0.118208,103047.20,152997.44,49950.24,true,1.4447
229,229651,3,125000,124550,92610.00,159732.00,67122.00,0.5370,true,0.003600,102674.49,153036.83,50362.35,true,1.3328
230,237570,3,125000,122304,90945.00,157248.00,66303.00,0.5304,true,0.021568,102480.60,153274.36,50793.76,true,1.3053
231,245489,3,125000,132055,99000.00,168858.00,69858.00,0.5589,true,0.056440,102619.75,152933.12,50313.38,true,1.3885
232,253408,3,125000,122304,90816.00,157092.00,66276.00,0.5302,true,0.021568,102889.04,152574.84,49685.81,true,1.3339
233,261327,3,125000,117312,88924.00,154128.00,65204.00,0.5216,true,0.061504,102459.45,153021.06,50561.61,true,1.2896
234,269246,3,125000,115150,86940.00,151470.00,64530.00,0.5162,true,0.078800,102733.50,153172.09,50438.59,true,1.2794
235,277165,3,125000,146068,108288.00,188442.00,80154.00,0.6412,true,0.168544,102660.49,152880.67,50220.18,true,1.5961
236,285084,3,125000,129168,96726.00,165648.00,68922.00,0.5514,true,0.033344,102390.76,152433.55,50042.79,true,1.3773
237,293003,3,125000,137800,103776.00,175560.00,71784.00,0.5743,true,0.102400,102689.99,152772.07,50082.09,true,1.4333
238,300922,3,125000,119952,90945.00,157248.00,66303.00,0.5304,true,0.040384,103107.30,153011.14,49903.85,true,1.3286
239,308841,3,125000,145750,110400.00,187920.00,77520.00,0.6202,true,0.166000,102496.04,153807.56,51311.52,true,1.5108
240,316760,3,125000,122451,95175.00,163296.00,68121.00,0.5450,true,0.020392,102708.66,153291.81,50583.15,true,1.3467
241,324679,3,125000,122500,93150.00,160380.00,67230.00,0.5378,true,0.020000,102755.57,153291.16,50535.59,true,1.3303
242,332598,3,125000,132600,103776.00,175560.00,71784.00,0.5743,true,0.060800,102900.86,153469.80,50568.93,true,1.4195
243,340517,3,125000,135200,101520.00,172368.00,70848.00,0.5668,true,0.081600,103098.91,153368.81,50269.90,true,1.4094
244,348436,3,125000,132496,99264.00,172197.00,72933.00,0.5835,true,0.059968,102524.22,153289.10,50764.88,true,1.4367
245,356355,3,125000,127400,97200.00,166212.00,69012.00,0.5521,true,0.019200,102920.31,153386.24,50465.93,true,1.3675
246,364274,3,125000,135150,101430.00,172260.00,70830.00,0.5666,true,0.081200,102872.35,153676.92,50804.57,true,1.3942
247,372193,3,125000,127200,92880.00,160056.00,67176.00,0.5374,true,0.017600,102639.18,152774.01,50134.84,true,1.3399
248,380112,3,125000,117600,91080.00,154440.00,63360.00,0.5069,true,0.059200,102334.27,152965.36,50631.09,true,1.2514
249,388031,3,125000,127400,97200.00,166212.00,69012.00,0.5521,true,0.019200,103009.69,153122.84,50113.15,true,1.3771
250,395950,3,125000,115200,89056.00,151580.00,62524.00,0.5002,true,0.078400,102876.39,153109.32,50232.93,true,1.2447
251,403869,3,125000,145600,110160.00,187758.00,77598.00,0.6208,true,0.164800,102305.38,152903.75,50598.36,true,1.5336
252,411788,3,125000,107800,82800.00,142560.00,59760.00,0.4781,true,0.137600,102599.50,152906.34,50306.83,true,1.1879
253,419707,3,125000,135252,106032.00,178752.00,72720.00,0.5818,true,0.082016,102536.87,152647.23,50110.37,true,1.4512
254,427626,3,125000,115056,85054.00,148720.00,63666.00,0.5093,true,0.079552,102621.44,153330.10,50708.66,true,1.2555
255,435545,3,125000,143208,110544.00,185136.00,74592.00,0.5967,true,0.145664,102723.54,153115.90,50392.36,true,1.4802
256,443464,3,125000,137800,103680.00,175446.00,71766.00,0.5741,true,0.102400,102775.61,152743.29,49967.68,true,1.4362
257,451383,3,125000,137853,106032.00,178752.00,72720.00,0.5818,true,0.102824,102302.46,153852.11,51549.66,true,1.4107
258,459302,3,125000,120050,89056.00,154495.00,65439.00,0.5235,true,0.039600,102982.21,153167.32,50185.11,true,1.3040
259,467221,3,125000,124950,95220.00,163350.00,68130.00,0.5450,true,0.000400,103086.94,153830.91,50743.97,true,1.3426
260,475140,3,125000,129948,99405.00,169344.00,69939.00,0.5595,true,0.039584,102579.63,152260.99,49681.36,true,1.4078
261,483059,3,125000,127400,99360.00,166155.00,66795.00,0.5344,true,0.019200,102744.34,153230.08,50485.74,true,1.3230
262,490978,3,125000,140250,108100.00,181720.00,73620.00,0.5890,true,0.122000,102977.01,153567.42,50590.40,true,1.4552
263,498897,3,125000,134640,101200.00,171985.00,70785.00,0.5663,true,0.077120,102994.62,153237.45,50242.84,true,1.4089
264,506816,3,125000,117600,89010.00,148824.00,59814.00,0.4785,true,0.059200,102798.61,152561.27,49762.66,true,1.2020
265,514735,3,125000,137700,103684.00,172260.00,68576.00,0.5486,true,0.101600,102434.81,153450.71,51015.90,true,1.3442
266,522654,3,125000,124950,93060.00,160272.00,67212.00,0.5377,true,0.000400,102912.89,153044.20,50131.32,true,1.3407
267,530573,3,125000,130050,97336.00,166375.00,69039.00,0.5523,true,0.040400,102139.83,153220.37,51080.54,true,1.3516
268,538492,3,125000,127500,97290.00,166320.00,69030.00,0.5522,true,0.020000,102715.34,152914.05,50198.71,true,1.3751
269,546411,3,125000,137592,105840.00,181602.00,75762.00,0.6061,true,0.100736,102606.79,152386.19,49779.41,true,1.5220
270,554330,3,125000,129948,97290.00,166320.00,69030.00,0.5522,true,0.039584,102538.94,153676.15,51137.21,true,1.3499
271,562249,3,125000,140250,105570.00,178200.00,72630.00,0.5810,true,0.122000,102726.29,153019.32,50293.03,true,1.4441
272,570168,3,125000,129168,98784.00,168150.00,69366.00,0.5549,true,0.033344,102618.76,153192.49,50573.73,true,1.3716
273,578087,3,125000,119952,89010.00,154440.00,65430.00,0.5234,true,0.040384,102546.71,152862.89,50316.18,true,1.3004
274,586006,3,125000,126665,96390.00,165240.00,68850.00,0.5508,true,0.013320,102964.95,153560.34,50595.38,true,1.3608
275,593925,3,125000,151470,112700.00,188210.00,75510.00,0.6041,true,0.211760,103195.74,153203.55,50007.81,true,1.5100
276,601844,3,125000,116748,86436.00,147900.00,61464.00,0.4917,true,0.066016,102670.07,153174.23,50504.17,true,1.2170
277,609763,3,125000,108000,81098.00,140140.00,59042.00,0.4723,true,0.136000,103111.71,153617.75,50506.04,true,1.1690
278,617682,3,125000,127296,94944.00,163020.00,68076.00,0.5446,true,0.018368,103001.42,152784.21,49782.79,true,1.3675
279,625601,3,125000,129948,97152.00,166155.00,69003.00,0.5520,true,0.039584,103056.88,152831.79,49774.91,true,1.3863
280,633520,3,125000,108241,81270.00,140454.00,59184.00,0.4735,true,0.134072,102520.14,152922.19,50402.05,true,1.1742
281,641439,3,125000,132500,103684.00,175450.00,71766.00,0.5741,true,0.060000,102303.09,152766.90,50463.80,true,1.4221
282,649358,3,125000,119646,90804.00,157080.00,66276.00,0.5302,true,0.042832,102412.31,153484.92,51072.61,true,1.2977
283,657277,3,125000,129654,99225.00,165996.00,66771.00,0.5342,true,0.037232,102307.10,152867.23,50560.13,true,1.3206
284,665196,3,125000,121992,94752.00,162792.00,68040.00,0.5443,true,0.024064,103218.61,152866.13,49647.52,true,1.3705
285,673115,3,125000,119850,92966.00,157080.00,64114.00,0.5129,true,0.041200,102736.84,153203.13,50466.29,true,1.2704
286,681034,3,125000,122451,91080.00,157410.00,66330.00,0.5306,true,0.020392,102537.00,152871.61,50334.62,true,1.3178
287,688953,3,125000,130000,99452.00,172425.00,72973.00,0.5838,true,0.040000,102344.67,152336.92,49992.25,true,1.4597
288,696872,3,125000,137200,100980.00,174582.00,73602.00,0.5888,true,0.097600,102289.05,153422.29,51133.24,true,1.4394
289,704791,3,125000,127400,99360.00,166212.00,66852.00,0.5348,true,0.019200,103004.26,153628.51,50624.26,true,1.3206
290,712710,3,125000,148824,112896.00,191748.00,78852.00,0.6308,true,0.190592,102638.98,153095.15,50456.17,true,1.5628
291,720629,3,125000,137376,107800.00,181366.00,73566.00,0.5885,true,0.099008,102165.29,153415.08,51249.79,true,1.4354
292,728548,3,125000,122304,93060.00,160272.00,67212.00,0.5377,true,0.021568,102517.79,153050.91,50533.12,true,1.3301
293,736467,3,125000,119340,92496.00,156408.00,63912.00,0.5113,true,0.045280,102983.24,152981.80,49998.56,true,1.2783
294,744386,3,125000,136864,105264.00,177840.00,72576.00,0.5806,true,0.094912,102769.62,153232.24,50462.62,true,1.4382
295,752305,3,125000,135150,101430.00,172260.00,70830.00,0.5666,true,0.081200,102687.35,152900.57,50213.22,true,1.4106
296,760224,3,125000,122247,88872.00,154275.00,65403.00,0.5232,true,0.022024,102308.62,152409.26,50100.64,true,1.3054
297,768143,3,125000,122059,92880.00,160056.00,67176.00,0.5374,true,0.023528,102816.42,153256.80,50440.38,true,1.3318
298,776062,3,125000,119952,93060.00,160272.00,67212.00,0.5377,true,0.040384,102189.07,153041.33,50852.26,true,1.3217
299,783981,3,125000,112896,87120.00,151686.00,64566.00,0.5165,true,0.096832,103254.33,152649.27,49394.94,true,1.3071
300,0,4,6250000,6945120,4815573.00,9549120.00,4733547.00,0.7574,true,0.111219,5004159.02,7906967.38,2902808.36,true,1.6307
301,7919,4,6250000,5412050,3657150.00,7590024.00,3932874.00,0.6293,true,0.134072,4983911.41,7910148.40,2926236.99,true,1.3440
302,15838,4,6250000,7019691,4872960.00,9824976.00,4952016.00,0.7923,true,0.123151,4982926.71,7917421.09,2934494.39,true,1.6875
303,23757,4,6250000,6996000,4857600.00,9781200.00,4923600.00,0.7878,true,0.119360,4979320.04,7912979.67,2933659.63,true,1.6783
304,31676,4,6250000,5512500,3736125.00,7873200.00,4137075.00,0.6619,true,0.118000,4983119.86,7923405.63,2940285.78,true,1.4070
305,39595,4,6250000,6210000,4443600.00,8761500.00,4317900.00,0.6909,true,0.006400,4976544.53,7904710.56,2928166.03,true,1.4746
306,47514,4,6250000,6624800,4466880.00,9135504.00,4668624.00,0.7470,true,0.059968,4992500.33,7931511.76,2939011.43,true,1.5885
307,55433,4,6250000,6757500,4669920.00,9307872.00,4637952.00,0.7421,true,0.081200,5020805.29,7910197.99,2889392.70,true,1.6052
308,63352,4,6250000,6117552,4373820.00,8975232.00,4601412.00,0.7362,true,0.021192,4997194.52,7904554.47,2907359.95,true,1.5827
309,71271,4,6250000,6857256,4645080.00,9444600.00,4799520.00,0.7679,true,0.097161,5001269.92,7882684.02,2881414.10,true,1.6657
310,79190,4,6250000,6347068,4354560.00,8947746.00,4593186.00,0.7349,true,0.015531,5015783.89,7880165.03,2864381.14,true,1.6036
311,87109,4,6250000,6604416,4458608.00,9105824.00,4647216.00,0.7436,true,0.056707,4983923.87,7911316.21,2927392.34,true,1.5875
312,95028,4,6250000,6232800,4272480.00,8957520.00,4685040.00,0.7496,true,0.002752,5004131.70,7886793.96,2882662.26,true,1.6252
313,102947,4,6250000,6085800,4260060.00,8613000.00,4352940.00,0.6965,true,0.026272,5005460.16,7926569.93,2921109.77,true,1.4902
314,110866,4,6250000,7265664,4954752.00,10135455.00,5180703.00,0.8289,true,0.162506,4982413.68,7912908.18,2930494.49,true,1.7679
315,118785,4,6250000,6762600,4771440.00,9652608.00,4881168.00,0.7810,true,0.082016,4990450.64,7906992.22,2916541.59,true,1.6736
316,126704,4,6250000,7996800,5733624.00,11272800.00,5539176.00,0.8863,true,0.279488,4967322.43,7920964.44,2953642.01,true,1.8754
317,134623,4,6250000,6991712,4853925.00,9797760.00,4943835.00,0.7910,true,0.118674,4973615.02,7930481.90,2956866.88,true,1.6720
318,142542,4,6250000,7126168,4932928.00,9938242.00,5005314.00,0.8009,true,0.140187,4999610.35,7947502.34,2947891.99,true,1.6979
319,150461,4,6250000,5416656,3746160.00,7887672.00,4141512.00,0.6626,true,0.133335,4986635.85,7914075.20,2927439.35,true,1.4147
320,158380,4,6250000,7152138,4863936.00,9812208.00,4948272.00,0.7917,true,0.144342,4982231.67,7905253.75,2923022.08,true,1.6929
321,166299,4,6250000,6726720,4640592.00,9260160.00,4619568.00,0.7391,true,0.076275,5006141.32,7902037.90,2895896.58,true,1.5952
322,174218,4,6250000,6624800,4466880.00,9135504.00,4668624.00,0.7470,true,0.059968,5022978.70,7927253.22,2904274.52,true,1.6075
323,182137,4,6250000,6577368,4433940.00,9088200.00,4654260.00,0.7447,true,0.052379,5000016.88,7889768.13,2889751.26,true,1.6106
324,190056,4,6250000,6732000,4554000.00,9287190.00,4733190.00,0.7573,true,0.077120,4997203.45,7903015.00,2905811.56,true,1.6289
325,197975,4,6250000,6616944,4665408.00,9295104.00,4629696.00,0.7408,true,0.058711,4967197.91,7906057.82,2938859.91,true,1.5753
326,205894,4,6250000,6242400,4471016.00,9141440.00,4670424.00,0.7473,true,0.001216,5008363.45,7920404.25,2912040.80,true,1.6038
327,213813,4,6250000,7143552,5070912.00,10162644.00,5091732.00,0.8147,true,0.142968,5016427.35,7924139.59,2907712.23,true,1.7511
328,221732,4,6250000,6843200,4741266.00,9609600.00,4868334.00,0.7789,true,0.094912,4968544.73,7905650.15,2937105.42,true,1.6575
329,229651,4,6250000,6364800,4466880.00,9135504.00,4668624.00,0.7470,true,0.018368,4977356.03,7950443.47,2973087.44,true,1.5703
330,237570,4,6250000,6122550,4378050.00,8981280.00,4603230.00,0.7365,true,0.020392,4986503.58,7925247.61,2938744.03,true,1.5664
331,245489,4,6250000,6996000,4846100.00,9786920.00,4940820.00,0.7905,true,0.119360,4969539.92,7954819.62,2985279.71,true,1.6551
332,253408,4,6250000,6614400,4466880.00,9120384.00,4653504.00,0.7446,true,0.058304,4985894.76,7900755.92,2914861.16,true,1.5965
333,261327,4,6250000,5806350,3960600.00,8085000.00,4124400.00,0.6599,true,0.070984,5004668.04,7901189.58,2896521.54,true,1.4239
334,269246,4,6250000,5865600,4001580.00,8019648.00,4018068.00,0.6429,true,0.061504,4984326.62,7926172.63,2941846.01,true,1.3658
335,277165,4,6250000,6625000,4665780.00,9474300.00,4808520.00,0.7694,true,0.060000,4988966.19,7901592.76,2912626.57,true,1.6509
336,285084,4,6250000,6359808,4460544.00,9126441.00,4665897.00,0.7465,true,0.017569,4988186.91,7912800.29,2924613.38,true,1.5954
337,293003,4,6250000,7870500,5409600.00,10912935.00,5503335.00,0.8805,true,0.259280,4997302.46,7897541.64,2900239.18,true,1.8975
338,300922,4,6250000,5527200,3740352.00,7879245.00,4138893.00,0.6622,true,0.115648,4974120.79,7927634.34,2953513.55,true,1.4013
339,308841,4,6250000,7138560,4956996.00,9959040.00,5002044.00,0.8003,true,0.142170,4991075.76,7906610.64,2915534.88,true,1.7157
340,316760,4,6250000,6242400,4183470.00,8648640.00,4465170.00,0.7144,true,0.001216,4984593.48,7931846.87,2947253.39,true,1.5150
341,324679,4,6250000,6232200,4369402.00,8790768.00,4421366.00,0.7074,true,0.002848,4993993.77,7940016.36,2946022.59,true,1.5008
342,332598,4,6250000,6622350,4562096.00,9298850.00,4736754.00,0.7579,true,0.059576,5005240.07,7914170.84,2908930.77,true,1.6283
343,340517,4,6250000,6352050,4462368.00,9289280.00,4826912.00,0.7723,true,0.016328,5007473.36,7900495.38,2893022.03,true,1.6685
344,348436,4,6250000,6622350,4570560.00,9310950.00,4740390.00,0.7585,true,0.059576,5017643.91,7893697.98,2876054.07,true,1.6482
345,356355,4,6250000,6760000,4773696.00,9307872.00,4534176.00,0.7255,true,0.081600,4984902.53,7882732.33,2897829.81,true,1.5647
346,364274,4,6250000,6890000,4875264.00,9474084.00,4598820.00,0.7358,true,0.102400,4970668.96,7887626.71,2916957.75,true,1.5766
347,372193,4,6250000,6987255,4747200.00,9433215.00,4686015.00,0.7498,true,0.117961,5023914.65,7903716.47,2879801.82,true,1.6272
348,380112,4,6250000,5877648,3918464.00,8033740.00,4115276.00,0.6584,true,0.059576,4971356.27,7874698.34,2903342.07,true,1.4174
349,388031,4,6250000,6598800,4547250.00,9261702.00,4714452.00,0.7543,true,0.055808,4983351.04,7913620.35,2930269.31,true,1.6089
350,395950,4,6250000,5747700,3997350.00,8173872.00,4176522.00,0.6682,true,0.080368,5000123.19,7876012.10,2875888.91,true,1.4523
351,403869,4,6250000,7590024,5412050.00,10923024.00,5510974.00,0.8818,true,0.214404,4990855.30,7915353.19,2924497.89,true,1.8844
352,411788,4,6250000,5416656,3662912.00,7592727.00,3929815.00,0.6288,true,0.133335,5009964.37,7893182.91,2883218.54,true,1.3630
353,419707,4,6250000,6497400,4375888.00,9138525.00,4762637.00,0.7620,true,0.039584,4993035.94,7906929.90,2913893.96,true,1.6345
354,427626,4,6250000,6110208,4268352.00,8797152.00,4528800.00,0.7246,true,0.022367,4999171.67,7885365.30,2886193.63,true,1.5691
355,435545,4,6250000,7264593,4946656.00,9957640.00,5010984.00,0.8018,true,0.162335,4997029.81,7910383.13,2913353.32,true,1.7200
356,443464,4,6250000,6887244,4771440.00,9824976.00,5053536.00,0.8086,true,0.101959,5010451.08,7869115.33,2858664.25,true,1.7678
357,451383,4,6250000,7027800,4870845.00,9821952.00,4951107.00,0.7922,true,0.124448,4989712.10,7919479.26,2929767.16,true,1.6899
358,459302,4,6250000,6591186,4542692.00,9092892.00,4550200.00,0.7280,true,0.054590,4998524.50,7927661.93,2929137.43,true,1.5534
359,467221,4,6250000,6615000,4462920.00,9129780.00,4666860.00,0.7467,true,0.058400,4995649.13,7920430.66,2924781.53,true,1.5956
360,475140,4,6250000,6609600,4661272.00,9467920.00,4806648.00,0.7691,true,0.057536,4970065.42,7901521.46,2931456.04,true,1.6397
361,483059,4,6250000,6375000,4378050.00,8981280.00,4603230.00,0.7365,true,0.020000,5006776.75,7888199.53,2881422.77,true,1.5976
362,490978,4,6250000,7727400,5292000.00,10532916.00,5240916.00,0.8385,true,0.236384,4966664.59,7909920.87,2943256.28,true,1.7807
363,498897,4,6250000,7162950,4872960.00,9824976.00,4952016.00,0.7923,true,0.146072,4984944.76,7890107.95,2905163.19,true,1.7046
364,506816,4,6250000,5858268,4074336.00,8302392.00,4228056.00,0.6765,true,0.062677,4985456.41,7899783.42,2914327.01,true,1.4508
365,514735,4,6250000,6592352,4642848.00,9441936.00,4799088.00,0.7679,true,0.054776,4968214.36,7919500.47,2951286.10,true,1.6261
366,522654,4,6250000,5865600,4090504.00,8019648.00,3929144.00,0.6287,true,0.061504,4988279.59,7925656.26,2937376.67,true,1.3376
367,530573,4,6250000,6329232,4255944.00,8779344.00,4523400.00,0.7237,true,0.012677,4980955.78,7907760.06,2926804.28,true,1.5455
368,538492,4,6250000,5964300,4167646.00,8625760.00,4458114.00,0.7133,true,0.045712,4976402.93,7893605.21,2917202.28,true,1.5282
369,546411,4,6250000,7022700,4979086.00,10176320.00,5197234.00,0.8316,true,0.123632,5010148.92,7901444.28,2891295.36,true,1.7975
370,554330,4,6250000,6370000,4375888.00,8978200.00,4602312.00,0.7364,true,0.019200,4998298.59,7905084.23,2906785.64,true,1.5833
371,562249,4,6250000,7143552,4854528.00,9798984.00,4944456.00,0.7911,true,0.142968,4963697.93,7894675.97,2930978.04,true,1.6870
372,570168,4,6250000,5992500,4183470.00,8648640.00,4465170.00,0.7144,true,0.041200,5009516.81,7923840.05,2914323.24,true,1.5321
373,578087,4,6250000,5948640,4154612.00,8275904.00,4121292.00,0.6594,true,0.048218,4983502.42,7919599.50,2936097.08,true,1.4037
374,586006,4,6250000,6357456,4456305.00,9120384.00,4664079.00,0.7463,true,0.017193,4987236.46,7878989.47,2891753.01,true,1.6129
375,593925,4,6250000,7661940,5342400.00,10814040.00,5471640.00,0.8755,true,0.225910,4974254.36,7909809.24,2935554.88,true,1.8639
376,601844,4,6250000,5603904,3973200.00,8133327.00,4160127.00,0.6656,true,0.103375,4979460.90,7949239.44,2969778.53,true,1.4008
377,609763,4,6250000,5156370,3541867.00,7540000.00,3998133.00,0.6397,true,0.174981,4998787.51,7910168.53,2911381.03,true,1.3733
378,617682,4,6250000,7165600,4771440.00,9824976.00,5053536.00,0.8086,true,0.146496,4984790.64,7914311.24,2929520.60,true,1.7250
379,625601,4,6250000,6619392,4462368.00,9129120.00,4666752.00,0.7467,true,0.059103,4983196.72,7883274.50,2900077.78,true,1.6092
380,633520,4,6250000,5964300,3982230.00,8449272.00,4467042.00,0.7147,true,0.045712,4961624.79,7913780.41,2952155.61,true,1.5131
381,641439,4,6250000,6835304,4626720.00,9398331.00,4771611.00,0.7635,true,0.093649,4982953.04,7948490.24,2965537.20,true,1.6090
382,649358,4,6250000,6079920,4162400.00,8618012.00,4455612.00,0.7129,true,0.027213,4996906.47,7885677.37,2888770.90,true,1.5424
383,657277,4,6250000,6895200,4875264.00,9828225.00,4952961.00,0.7925,true,0.103232,5008744.59,7922285.32,2913540.72,true,1.7000
384,665196,4,6250000,6370000,4374000.00,8975448.00,4601448.00,0.7362,true,0.019200,4964261.87,7919547.13,2955285.26,true,1.5570
385,673115,4,6250000,6367452,4466880.00,9135504.00,4668624.00,0.7470,true,0.018792,4970675.49,7855910.87,2885235.39,true,1.6181
386,681034,4,6250000,6630000,4574792.00,9317000.00,4742208.00,0.7588,true,0.060800,5004892.86,7924663.56,2919770.69,true,1.6242
387,688953,4,6250000,6115200,4183470.00,8648640.00,4465170.00,0.7144,true,0.021568,4959565.14,7933807.82,2974242.67,true,1.5013
388,696872,4,6250000,6342462,4361490.00,9111960.00,4750470.00,0.7601,true,0.014794,5009370.99,7897365.49,2887994.50,true,1.6449
389,704791,4,6250000,6095000,4073760.00,8310600.00,4236840.00,0.6779,true,0.024800,4978838.78,7899121.79,2920283.02,true,1.4508
390,712710,4,6250000,7884864,5531904.00,10929636.00,5397732.00,0.8636,true,0.261578,4989528.66,7948146.57,2958617.92,true,1.8244
391,720629,4,6250000,6746688,4654363.00,9458176.00,4803813.00,0.7686,true,0.079470,5021998.70,7892638.16,2870639.46,true,1.6734
392,728548,4,6250000,6460884,4343458.00,8932000.00,4588542.00,0.7342,true,0.033741,4980643.06,7887834.90,2907191.84,true,1.5783
393,736467,4,6250000,6115200,4187700.00,8334144.00,4146444.00,0.6634,true,0.021568,4995129.86,7894380.23,2899250.37,true,1.4302
394,744386,4,6250000,6742008,4758750.00,9634464.00,4875714.00,0.7801,true,0.078721,4992915.03,7894161.50,2901246.47,true,1.6806
395,752305,4,6250000,6247500,4282784.00,8657550.00,4374766.00,0.7000,true,0.000400,5017206.47,7927000.03,2909793.55,true,1.5035
396,760224,4,6250000,6232800,4363744.00,8791640.00,4427896.00,0.7085,true,0.002752,4970450.68,7931729.53,2961278.85,true,1.4953
397,768143,4,6250000,6585600,4539510.00,9078264.00,4538754.00,0.7262,true,0.053696,5005273.59,7912784.44,2907510.85,true,1.5610
398,776062,4,6250000,6364800,4367424.00,8966100.00,4598676.00,0.7358,true,0.018368,5034265.21,7929317.78,2895052.56,true,1.5885
399,783981,4,6250000,5655825,3846128.00,8050700.00,4204572.00,0.6727,true,0.095068,5011703.47,7922619.85,2910916.38,true,1.4444
400,0,5,312500000,298148448,187419456.00,465585120.00,278165664.00,0.8901,true,0.045925,244189486.44,406975234.47,162785748.03,true,1.7088
401,7919,5,312500000,279360668,178403904.00,429945300.00,251541396.00,0.8049,true,0.106046,243426322.01,407180229.96,163753907.95,true,1.5361
402,15838,5,312500000,355855356,232239126.00,557239872.00,325000746.00,1.0400,true,0.138737,242819105.84,407802149.24,164983043.40,true,1.9699
403,23757,5,312500000,343429632,218877120.00,548619642.00,329742522.00,1.0552,true,0.098975,242464816.90,409089520.78,166624703.88,true,1.9790
404,31676,5,312500000,286838650,183467025.00,448527456.00,265060431.00,0.8482,true,0.082116,243451064.19,407005399.67,163554335.49,true,1.6206
405,39595,5,312500000,318240000,201104640.00,493480350.00,292375710.00,0.9356,true,0.018368,242972593.47,408109003.48,165136410.02,true,1.7705
406,47514,5,312500000,343612500,218902500.00,529895520.00,310993020.00,0.9952,true,0.099560,242423495.00,407641814.96,165218319.96,true,1.8823
407,55433,5,312500000,335388240,212797200.00,517981296.00,305184096.00,0.9766,true,0.073242,243344194.46,406977756.79,163633562.33,true,1.8650
408,63352,5,312500000,336538800,209545364.00,510578640.00,301033276.00,0.9633,true,0.076924,243912305.25,407935491.64,164023186.39,true,1.8353
409,71271,5,312500000,343699200,218877120.00,538994736.00,320117616.00,1.0244,true,0.099837,244276638.75,406752191.25,162475552.50,true,1.9703
410,79190,5,312500000,323270640,204930000.00,501508260.00,296578260.00,0.9491,true,0.034466,244569115.81,407017125.44,162448009.63,true,1.8257
411,87109,5,312500000,348566400,227335680.00,535867488.00,308531808.00,0.9873,true,0.115412,243773592.21,407379691.61,163606099.41,true,1.8858
412,95028,5,312500000,318122896,201009600.00,493317216.00,292307616.00,0.9354,true,0.017993,242134222.70,409050120.43,166915897.72,true,1.7512
413,102947,5,312500000,315971600,199738440.00,480633945.00,280895505.00,0.8989,true,0.011109,244373730.69,405979237.06,161605506.37,true,1.7382
414,110866,5,312500000,393250000,248630000.00,599676000.00,351046000.00,1.1233,true,0.258400,244815129.00,409662948.94,164847819.94,true,2.1295
415,118785,5,312500000,328753152,203791104.00,498295824.00,294504720.00,0.9424,true,0.052010,245013848.51,407537694.37,162523845.86,true,1.8121
416,126704,5,312500000,409002048,253933386.00,600230400.00,346297014.00,1.1082,true,0.308807,243630645.04,406679959.74,163049314.69,true,2.1239
417,134623,5,312500000,344622096,214608768.00,521062080.00,306453312.00,0.9807,true,0.102791,244045307.86,408397457.86,164352150.00,true,1.8646
418,142542,5,312500000,363854400,238165920.00,568814400.00,330648480.00,1.0581,true,0.164334,242608484.41,408974265.32,166365780.91,true,1.9875
419,150461,5,312500000,268732464,167177120.00,423497984.00,256320864.00,0.8202,true,0.140056,243206784.62,407908961.99,164702177.37,true,1.5563
420,158380,5,312500000,350438400,218877120.00,519861888.00,300984768.00,0.9632,true,0.121403,244231756.03,408810596.01,164578839.97,true,1.8288
421,166299,5,312500000,318132500,196732800.00,484507980.00,287775180.00,0.9209,true,0.018024,242408798.04,409563182.10,167154384.07,true,1.7216
422,174218,5,312500000,337037376,204946602.00,501559296.00,296612694.00,0.9492,true,0.078520,243435072.30,406962639.59,163527567.29,true,1.8138
423,182137,5,312500000,344081088,223741056.00,529488960.00,305747904.00,0.9784,true,0.101059,243283214.55,408831324.29,165548109.73,true,1.8469
424,190056,5,312500000,331107504,201195720.00,502452720.00,301257000.00,0.9640,true,0.059544,244041104.28,407783692.97,163742588.69,true,1.8398
425,197975,5,312500000,331367400,210146400.00,511932960.00,301786560.00,0.9657,true,0.060376,244421634.83,407593257.28,163171622.45,true,1.8495
426,205894,5,312500000,305887400,192456000.00,466889508.00,274433508.00,0.8782,true,0.021160,242829067.35,407386782.39,164557715.03,true,1.6677
427,213813,5,312500000,342524160,208382300.00,508919840.00,300537540.00,0.9617,true,0.096077,243005009.94,408795580.77,165790570.83,true,1.8128
428,221732,5,312500000,331117500,201009600.00,493317216.00,292307616.00,0.9354,true,0.059576,243521793.28,405408218.21,161886424.93,true,1.8056
429,229651,5,312500000,324604800,210042624.00,511757400.00,301714776.00,0.9655,true,0.038735,242809353.45,407258843.07,164449489.62,true,1.8347
430,237570,5,312500000,344500000,214617600.00,511600536.00,296982936.00,0.9503,true,0.102400,242834199.31,408115316.02,165281116.70,true,1.7968
431,245489,5,312500000,326989152,202853790.00,488339280.00,285485490.00,0.9136,true,0.046365,243014096.61,408119765.59,165105668.98,true,1.7291
432,253408,5,312500000,317872800,196534080.00,484169400.00,287635320.00,0.9204,true,0.017193,245354615.73,406146052.73,160791437.00,true,1.7889
433,261327,5,312500000,290344600,178079616.00,438504192.00,260424576.00,0.8334,true,0.070897,243919478.37,405130793.00,161211314.63,true,1.6154
434,269246,5,312500000,293882400,188353440.00,467192880.00,278839440.00,0.8923,true,0.059576,244377971.62,406655484.14,162277512.52,true,1.7183
435,277165,5,312500000,358020000,229037956.00,540207360.00,311169404.00,0.9957,true,0.145664,243209491.13,407986594.80,164777103.67,true,1.8884
436,285084,5,312500000,304686900,200272500.00,465034932.00,264762432.00,0.8472,true,0.025002,242749144.99,408943954.99,166194809.99,true,1.5931
437,293003,5,312500000,387372336,254693376.00,601506864.00,346813488.00,1.1098,true,0.239591,244748610.22,407031982.88,162283372.67,true,2.1371
438,300922,5,312500000,281887200,184072680.00,441400960.00,257328280.00,0.8235,true,0.097961,243585669.24,407296854.97,163711185.73,true,1.5718
439,308841,5,312500000,343980000,219291660.00,540035100.00,320743440.00,1.0264,true,0.100736,244646240.57,406799962.16,162153721.59,true,1.9780
440,316760,5,312500000,312130000,197012250.00,484989120.00,287976870.00,0.9215,true,0.001184,244702313.04,408688248.96,163985935.92,true,1.7561
441,324679,5,312500000,312250050,197105400.00,485149500.00,288044100.00,0.9217,true,0.000800,243614972.91,408571730.77,164956757.87,true,1.7462
442,332598,5,312500000,334929896,216936720.00,526539312.00,309602592.00,0.9907,true,0.071776,242340226.32,408648452.94,166308226.62,true,1.8616
443,340517,5,312500000,347860800,221723910.00,544864320.00,323140410.00,1.0340,true,0.113155,242823811.80,408811816.65,165988004.85,true,1.9468
444,348436,5,312500000,365040000,223851600.00,558970956.00,335119356.00,1.0724,true,0.168128,243924582.43,408262415.90,164337833.48,true,2.0392
445,356355,5,312500000,379338596,238775040.00,569848608.00,331073568.00,1.0594,true,0.213884,244261197.78,408163010.39,163901812.61,true,2.0200
446,364274,5,312500000,363557376,228021816.00,557627840.00,329606024.00,1.0547,true,0.163384,243469287.13,408404855.09,164935567.96,true,1.9984
447,372193,5,312500000,363792000,228307200.00,548067520.00,319760320.00,1.0232,true,0.164134,244349928.03,405775557.66,161425629.62,true,1.9809
448,380112,5,312500000,305270784,183894832.00,449426432.00,265531600.00,0.8497,true,0.023133,242980071.91,409127571.09,166147499.19,true,1.5982
449,388031,5,312500000,323534750,204930000.00,491462640.00,286532640.00,0.9169,true,0.035311,243103735.97,408139538.16,165035802.20,true,1.7362
450,395950,5,312500000,264600000,164308320.00,408793770.00,244485450.00,0.7824,true,0.153280,242763120.09,408588760.53,165825640.44,true,1.4744
451,403869,5,312500000,385945560,238360500.00,558607280.00,320246780.00,1.0248,true,0.235026,244340052.41,407288995.26,162948942.85,true,1.9653
452,411788,5,312500000,259308000,168042600.00,409266000.00,241223400.00,0.7719,true,0.170214,243476997.73,408853943.51,165376945.78,true,1.4586
453,419707,5,312500000,312500000,197105400.00,485149500.00,288044100.00,0.9217,true,0.000000,243151615.86,407384376.69,164232760.83,true,1.7539
454,427626,5,312500000,330720000,209848320.00,511425090.00,301576770.00,0.9650,true,0.058304,243241820.48,407580338.64,164338518.16,true,1.8351
455,435545,5,312500000,351655200,219386880.00,530724150.00,311337270.00,0.9963,true,0.125297,242556136.83,405607990.18,163051853.35,true,1.9094
456,443464,5,312500000,350484750,218902500.00,529895520.00,310993020.00,0.9952,true,0.121551,244462803.34,407303756.88,162840953.54,true,1.9098
457,451383,5,312500000,368602500,231270336.00,555526125.00,324255789.00,1.0376,true,0.179528,244421623.89,410140055.63,165718431.74,true,1.9567
458,459302,5,312500000,324074400,204664320.00,501073776.00,296409456.00,0.9485,true,0.037038,244678624.10,408220325.45,163541701.35,true,1.8124
459,467221,5,312500000,335016000,213228400.00,527649980.00,314421580.00,1.0061,true,0.072051,243275563.35,409820714.22,166545150.88,true,1.8879
460,475140,5,312500000,330433641,218755061.00,519472128.00,300717067.00,0.9623,true,0.057388,244042492.50,406190504.29,162148011.79,true,1.8546
461,483059,5,312500000,305877600,184072680.00,458377920.00,274305240.00,0.8778,true,0.021192,242633194.06,405951817.38,163318623.32,true,1.6796
462,490978,5,312500000,365040000,233496000.00,559334160.00,325838160.00,1.0427,true,0.168128,242031809.33,408072916.84,166041107.51,true,1.9624
463,498897,5,312500000,350625000,228350256.00,549037500.00,320687244.00,1.0262,true,0.122000,243134338.47,406564928.88,163430590.40,true,1.9622
464,506816,5,312500000,276134400,172149296.00,409574880.00,237425584.00,0.7598,true,0.116370,243099061.85,405781797.30,162682735.45,true,1.4594
465,514735,5,312500000,357177600,213902640.00,528825024.00,314922384.00,1.0078,true,0.142968,244574553.26,409610604.54,165036051.29,true,1.9082
466,522654,5,312500000,310845000,191963520.00,465547500.00,273583980.00,0.8755,true,0.005296,242350914.83,408274491.85,165923577.02,true,1.6489
467,530573,5,312500000,323616384,200637360.00,501170544.00,300533184.00,0.9617,true,0.035572,243832386.84,409865136.76,166032749.92,true,1.8101
468,538492,5,312500000,309569260,199692000.00,472346802.00,272654802.00,0.8725,true,0.009378,243654105.34,408209049.70,164554944.37,true,1.6569
469,546411,5,312500000,398669040,246651300.00,596504160.00,349852860.00,1.1195,true,0.275741,242472644.77,409313928.76,166841283.99,true,2.0969
470,554330,5,312500000,324870000,201390300.00,493970400.00,292580100.00,0.9363,true,0.039584,243390702.50,405484120.11,162093417.61,true,1.8050
471,562249,5,312500000,357876792,219291660.00,540035100.00,320743440.00,1.0264,true,0.145206,242918670.18,407623730.64,164705060.46,true,1.9474
472,570168,5,312500000,311006332,196162560.00,483529176.00,287366616.00,0.9196,true,0.004780,243498689.76,408357612.60,164858922.84,true,1.7431
473,578087,5,312500000,310050000,191466720.00,464531760.00,273065040.00,0.8738,true,0.007840,244237089.26,406002038.91,161764949.65,true,1.6880
474,586006,5,312500000,337220450,200724480.00,492827814.00,292103334.00,0.9347,true,0.079105,243622324.65,408983331.19,165361006.55,true,1.7665
475,593925,5,312500000,394259580,259778400.00,611689344.00,351910944.00,1.1261,true,0.261631,242900414.81,406882510.41,163982095.61,true,2.1460
476,601844,5,312500000,293132700,179411408.00,448910000.00,269498592.00,0.8624,true,0.061975,243154916.05,408162930.28,165008014.23,true,1.6332
477,609763,5,312500000,270112500,160300800.00,408793770.00,248492970.00,0.7952,true,0.135640,242465934.87,405274780.05,162808845.18,true,1.5263
478,617682,5,312500000,358280000,233694720.00,559672740.00,325978020.00,1.0431,true,0.146496,243261173.38,408384911.01,165123737.63,true,1.9741
479,625601,5,312500000,343699200,223550800.00,529168640.00,305617840.00,0.9780,true,0.099837,241929335.62,408121424.66,166192089.04,true,1.8389
480,633520,5,312500000,299145600,187989120.00,457590870.00,269601750.00,0.8627,true,0.042734,243110917.03,407966538.26,164855621.23,true,1.6354
481,641439,5,312500000,344362200,214608768.00,511588224.00,296979456.00,0.9503,true,0.101959,243263790.97,408067262.06,164803471.08,true,1.8020
482,649358,5,312500000,322664212,208744704.00,499748184.00,291003480.00,0.9312,true,0.032525,244060600.30,407765013.24,163704412.94,true,1.7776
483,657277,5,312500000,344489600,223838208.00,530022366.00,306184158.00,0.9798,true,0.102367,243164789.10,408063387.92,164898598.82,true,1.8568
484,665196,5,312500000,318372600,192539072.00,475844600.00,283305528.00,0.9066,true,0.018792,246093309.31,406881356.64,160788047.34,true,1.7620
485,673115,5,312500000,337100400,209563200.00,510935688.00,301372488.00,0.9644,true,0.078721,243405544.49,408911783.97,165506239.48,true,1.8209
486,681034,5,312500000,298910976,191803392.00,474574932.00,282771540.00,0.9049,true,0.043485,243020062.19,405265101.00,162245038.81,true,1.7429
487,688953,5,312500000,311375000,196534080.00,466224660.00,269690580.00,0.8630,true,0.003600,243432288.80,407626176.52,164193887.73,true,1.6425
488,696872,5,312500000,335602176,208422720.00,517461048.00,309038328.00,0.9889,true,0.073927,242459161.52,410087213.17,167628051.65,true,1.8436
489,704791,5,312500000,317301192,191644004.00,482790000.00,291145996.00,0.9317,true,0.015364,243307914.00,406198236.00,162890322.00,true,1.7874
490,712710,5,312500000,372616659,238996128.00,570218880.00,331222752.00,1.0599,true,0.192373,244461995.64,407481973.85,163019978.21,true,2.0318
491,720629,5,312500000,335301120,203852250.00,507324480.00,303472230.00,0.9711,true,0.072964,243778098.51,407453417.35,163675318.83,true,1.8541
492,728548,5,312500000,311385600,200637360.00,483380352.00,282742992.00,0.9048,true,0.003566,242899390.86,406540550.46,163641159.60,true,1.7278
493,736467,5,312500000,324625000,201104640.00,484507980.00,283403340.00,0.9069,true,0.038800,244493428.73,407378726.85,162885298.12,true,1.7399
494,744386,5,312500000,358147500,224156160.00,559500480.00,335344320.00,1.0731,true,0.146072,241758952.45,409149298.14,167390345.69,true,2.0034
495,752305,5,312500000,312000000,201104640.00,484507980.00,283403340.00,0.9069,true,0.001600,244312369.18,405536539.98,161224170.80,true,1.7578
496,760224,5,312500000,292941600,175728960.00,440221392.00,264492432.00,0.8464,true,0.062587,244276877.27,407770631.43,163493754.16,true,1.6178
497,768143,5,312500000,312250050,196821900.00,484662528.00,287840628.00,0.9211,true,0.000800,243469434.16,407356566.68,163887132.51,true,1.7563
498,776062,5,312500000,329412096,204791972.00,490980672.00,286188700.00,0.9158,true,0.054119,243221914.31,408334920.68,165113006.37,true,1.7333
499,783981,5,312500000,293760000,180338400.00,450507420.00,270169020.00,0.8645,true,0.059968,242975872.80,408764833.91,165788961.10,true,1.6296
