trial_id,seed,scenario,witness_density,sample_size,witness_found,tests_run,elapsed_micros,witness_value
0,0,sparse,0.0001,50,false,50,1944,
1,7919,sparse,0.0001,50,false,50,230,
2,15838,sparse,0.0001,50,false,50,201,
3,23757,sparse,0.0001,50,false,50,186,
4,31676,sparse,0.0001,50,false,50,655,
5,39595,sparse,0.0001,50,false,50,181,
6,47514,sparse,0.0001,50,false,50,174,
7,55433,sparse,0.0001,50,false,50,154,
8,63352,sparse,0.0001,50,false,50,188,
9,71271,sparse,0.0001,50,false,50,304,
10,79190,sparse,0.0001,50,false,50,217,
11,87109,sparse,0.0001,50,false,50,146,
12,95028,sparse,0.0001,50,false,50,111,
13,102947,sparse,0.0001,50,false,50,96,
14,110866,sparse,0.0001,50,false,50,91,
15,118785,sparse,0.0001,50,false,50,125,
16,126704,sparse,0.0001,50,false,50,106,
17,134623,sparse,0.0001,50,false,50,95,
18,142542,sparse,0.0001,50,false,50,88,
19,150461,sparse,0.0001,50,false,50,75,
20,158380,sparse,0.0001,50,false,50,90,
21,166299,sparse,0.0001,50,false,50,120,
22,174218,sparse,0.0001,50,false,50,83,
23,182137,sparse,0.0001,50,false,50,90,
24,190056,sparse,0.0001,50,false,50,100,
25,197975,sparse,0.0001,50,false,50,78,
26,205894,sparse,0.0001,50,false,50,91,
27,213813,sparse,0.0001,50,false,50,76,
28,221732,sparse,0.0001,50,false,50,96,
29,229651,sparse,0.0001,50,false,50,71,
30,237570,sparse,0.0001,50,false,50,399,
31,245489,sparse,0.0001,50,false,50,91,
32,253408,sparse,0.0001,50,false,50,70,
33,261327,sparse,0.0001,50,false,50,67,
34,269246,sparse,0.0001,50,false,50,61,
35,277165,sparse,0.0001,50,false,50,63,
36,285084,sparse,0.0001,50,false,50,64,
37,293003,sparse,0.0001,50,false,50,65,
38,300922,sparse,0.0001,50,false,50,65,
39,308841,sparse,0.0001,50,false,50,60,
40,316760,sparse,0.0001,50,false,50,87,
41,324679,sparse,0.0001,50,false,50,73,
42,332598,sparse,0.0001,50,false,50,67,
43,340517,sparse,0.0001,50,false,50,60,
44,348436,sparse,0.0001,50,false,50,83,
45,356355,sparse,0.0001,50,false,50,76,
46,364274,sparse,0.0001,50,false,50,80,
47,372193,sparse,0.0001,50,false,50,74,
48,380112,sparse,0.0001,50,false,50,75,
49,388031,sparse,0.0001,50,false,50,78,
50,395950,sparse,0.0001,100,false,100,186,
51,403869,sparse,0.0001,100,false,100,127,
52,411788,sparse,0.0001,100,false,100,136,
53,419707,sparse,0.0001,100,false,100,128,
54,427626,sparse,0.0001,100,false,100,127,
55,435545,sparse,0.0001,100,false,100,225,
56,443464,sparse,0.0001,100,true,19,305,"{""x"":370000}"
57,451383,sparse,0.0001,100,false,100,182,
58,459302,sparse,0.0001,100,false,100,136,
59,467221,sparse,0.0001,100,false,100,135,
60,475140,sparse,0.0001,100,false,100,131,
61,483059,sparse,0.0001,100,false,100,139,
62,490978,sparse,0.0001,100,false,100,173,
63,498897,sparse,0.0001,100,false,100,128,
64,506816,sparse,0.0001,100,false,100,120,
65,514735,sparse,0.0001,100,false,100,209,
66,522654,sparse,0.0001,100,false,100,147,
67,530573,sparse,0.0001,100,false,100,123,
68,538492,sparse,0.0001,100,false,100,125,
69,546411,sparse,0.0001,100,false,100,125,
70,554330,sparse,0.0001,100,false,100,122,
71,562249,sparse,0.0001,100,true,73,157,"{""x"":430000}"
72,570168,sparse,0.0001,100,false,100,276,
73,578087,sparse,0.0001,100,false,100,104,
74,586006,sparse,0.0001,100,false,100,94,
75,593925,sparse,0.0001,100,false,100,112,
76,601844,sparse,0.0001,100,false,100,120,
77,609763,sparse,0.0001,100,false,100,142,
78,617682,sparse,0.0001,100,false,100,106,
79,625601,sparse,0.0001,100,false,100,105,
80,633520,sparse,0.0001,100,false,100,101,
81,641439,sparse,0.0001,100,false,100,103,
82,649358,sparse,0.0001,100,false,100,97,
83,657277,sparse,0.0001,100,false,100,95,
84,665196,sparse,0.0001,100,false,100,116,
85,673115,sparse,0.0001,100,false,100,105,
86,681034,sparse,0.0001,100,false,100,105,
87,688953,sparse,0.0001,100,false,100,94,
88,696872,sparse,0.0001,100,false,100,94,
89,704791,sparse,0.0001,100,false,100,211,
90,712710,sparse,0.0001,100,false,100,94,
91,720629,sparse,0.0001,100,false,100,94,
92,728548,sparse,0.0001,100,false,100,93,
93,736467,sparse,0.0001,100,false,100,94,
94,744386,sparse,0.0001,100,false,100,93,
95,752305,sparse,0.0001,100,false,100,96,
96,760224,sparse,0.0001,100,false,100,94,
97,768143,sparse,0.0001,100,false,100,93,
98,776062,sparse,0.0001,100,false,100,93,
99,783981,sparse,0.0001,100,false,100,96,
100,791900,sparse,0.0001,200,false,200,175,
101,799819,sparse,0.0001,200,false,200,180,
102,807738,sparse,0.0001,200,false,200,175,
103,815657,sparse,0.0001,200,false,200,257,
104,823576,sparse,0.0001,200,false,200,192,
105,831495,sparse,0.0001,200,false,200,202,
106,839414,sparse,0.0001,200,false,200,173,
107,847333,sparse,0.0001,200,false,200,199,
108,855252,sparse,0.0001,200,false,200,167,
109,863171,sparse,0.0001,200,false,200,178,
110,871090,sparse,0.0001,200,false,200,164,
111,879009,sparse,0.0001,200,false,200,231,
112,886928,sparse,0.0001,200,false,200,166,
113,894847,sparse,0.0001,200,false,200,165,
114,902766,sparse,0.0001,200,false,200,164,
115,910685,sparse,0.0001,200,false,200,164,
116,918604,sparse,0.0001,200,false,200,164,
117,926523,sparse,0.0001,200,false,200,163,
118,934442,sparse,0.0001,200,false,200,164,
119,942361,sparse,0.0001,200,false,200,166,
120,950280,sparse,0.0001,200,false,200,247,
121,958199,sparse,0.0001,200,false,200,185,
122,966118,sparse,0.0001,200,false,200,169,
123,974037,sparse,0.0001,200,false,200,178,
124,981956,sparse,0.0001,200,false,200,163,
125,989875,sparse,0.0001,200,false,200,180,
126,997794,sparse,0.0001,200,false,200,171,
127,1005713,sparse,0.0001,200,false,200,187,
128,1013632,sparse,0.0001,200,false,200,164,
129,1021551,sparse,0.0001,200,false,200,249,
130,1029470,sparse,0.0001,200,false,200,166,
131,1037389,sparse,0.0001,200,false,200,164,
132,1045308,sparse,0.0001,200,false,200,164,
133,1053227,sparse,0.0001,200,false,200,163,
134,1061146,sparse,0.0001,200,false,200,174,
135,1069065,sparse,0.0001,200,false,200,165,
136,1076984,sparse,0.0001,200,false,200,185,
137,1084903,sparse,0.0001,200,false,200,165,
138,1092822,sparse,0.0001,200,false,200,253,
139,1100741,sparse,0.0001,200,false,200,171,
140,1108660,sparse,0.0001,200,false,200,168,
141,1116579,sparse,0.0001,200,false,200,169,
142,1124498,sparse,0.0001,200,false,200,168,
143,1132417,sparse,0.0001,200,false,200,169,
144,1140336,sparse,0.0001,200,false,200,169,
145,1148255,sparse,0.0001,200,false,200,184,
146,1156174,sparse,0.0001,200,false,200,186,
147,1164093,sparse,0.0001,200,false,200,437,
148,1172012,sparse,0.0001,200,false,200,200,
149,1179931,sparse,0.0001,200,false,200,190,
150,1187850,sparse,0.0001,500,false,500,447,
151,1195769,sparse,0.0001,500,false,500,414,
152,1203688,sparse,0.0001,500,false,500,503,
153,1211607,sparse,0.0001,500,false,500,411,
154,1219526,sparse,0.0001,500,false,500,440,
155,1227445,sparse,0.0001,500,false,500,399,
156,1235364,sparse,0.0001,500,false,500,369,
157,1243283,sparse,0.0001,500,false,500,516,
158,1251202,sparse,0.0001,500,false,500,360,
159,1259121,sparse,0.0001,500,false,500,362,
160,1267040,sparse,0.0001,500,false,500,370,
161,1274959,sparse,0.0001,500,false,500,544,
162,1282878,sparse,0.0001,500,false,500,404,
163,1290797,sparse,0.0001,500,false,500,367,
164,1298716,sparse,0.0001,500,false,500,367,
165,1306635,sparse,0.0001,500,false,500,504,
166,1314554,sparse,0.0001,500,false,500,379,
167,1322473,sparse,0.0001,500,false,500,412,
168,1330392,sparse,0.0001,500,true,50,94,"{""x"":300000}"
169,1338311,sparse,0.0001,500,false,500,411,
170,1346230,sparse,0.0001,500,false,500,476,
171,1354149,sparse,0.0001,500,false,500,357,
172,1362068,sparse,0.0001,500,false,500,355,
173,1369987,sparse,0.0001,500,false,500,353,
174,1377906,sparse,0.0001,500,false,500,361,
175,1385825,sparse,0.0001,500,false,500,443,
176,1393744,sparse,0.0001,500,false,500,376,
177,1401663,sparse,0.0001,500,false,500,363,
178,1409582,sparse,0.0001,500,false,500,369,
179,1417501,sparse,0.0001,500,false,500,456,
180,1425420,sparse,0.0001,500,false,500,366,
181,1433339,sparse,0.0001,500,false,500,394,
182,1441258,sparse,0.0001,500,false,500,413,
183,1449177,sparse,0.0001,500,true,133,162,"{""x"":950000}"
184,1457096,sparse,0.0001,500,false,500,462,
185,1465015,sparse,0.0001,500,false,500,358,
186,1472934,sparse,0.0001,500,false,500,355,
187,1480853,sparse,0.0001,500,true,314,324,"{""x"":220000}"
188,1488772,sparse,0.0001,500,false,500,538,
189,1496691,sparse,0.0001,500,false,500,372,
190,1504610,sparse,0.0001,500,false,500,380,
191,1512529,sparse,0.0001,500,false,500,369,
192,1520448,sparse,0.0001,500,false,500,373,
193,1528367,sparse,0.0001,500,false,500,454,
194,1536286,sparse,0.0001,500,false,500,364,
195,1544205,sparse,0.0001,500,false,500,367,
196,1552124,sparse,0.0001,500,false,500,364,
197,1560043,sparse,0.0001,500,false,500,425,
198,1567962,sparse,0.0001,500,false,500,364,
199,1575881,sparse,0.0001,500,true,89,104,"{""x"":840000}"
200,1583800,rare,0.01,50,true,21,118,"{""x"":414200}"
201,1591719,rare,0.01,50,true,38,60,"{""x"":231500}"
202,1599638,rare,0.01,50,true,30,64,"{""x"":544700}"
203,1607557,rare,0.01,50,true,6,43,"{""x"":43400}"
204,1615476,rare,0.01,50,true,28,49,"{""x"":449800}"
205,1623395,rare,0.01,50,false,50,57,
206,1631314,rare,0.01,50,false,50,74,
207,1639233,rare,0.01,50,false,50,70,
208,1647152,rare,0.01,50,false,50,67,
209,1655071,rare,0.01,50,false,50,64,
210,1662990,rare,0.01,50,true,11,29,"{""x"":812200}"
211,1670909,rare,0.01,50,false,50,61,
212,1678828,rare,0.01,50,false,50,59,
213,1686747,rare,0.01,50,false,50,63,
214,1694666,rare,0.01,50,true,22,48,"{""x"":462500}"
215,1702585,rare,0.01,50,false,50,61,
216,1710504,rare,0.01,50,true,28,55,"{""x"":31100}"
217,1718423,rare,0.01,50,false,50,75,
218,1726342,rare,0.01,50,false,50,52,
219,1734261,rare,0.01,50,false,50,59,
220,1742180,rare,0.01,50,false,50,53,
221,1750099,rare,0.01,50,true,41,43,"{""x"":882700}"
222,1758018,rare,0.01,50,false,50,53,
223,1765937,rare,0.01,50,false,50,92,
224,1773856,rare,0.01,50,true,26,42,"{""x"":971100}"
225,1781775,rare,0.01,50,false,50,50,
226,1789694,rare,0.01,50,true,2,17,"{""x"":395500}"
227,1797613,rare,0.01,50,true,25,32,"{""x"":364500}"
228,1805532,rare,0.01,50,true,15,25,"{""x"":909800}"
229,1813451,rare,0.01,50,true,10,21,"{""x"":379700}"
230,1821370,rare,0.01,50,true,33,38,"{""x"":296600}"
231,1829289,rare,0.01,50,true,20,28,"{""x"":811000}"
232,1837208,rare,0.01,50,false,50,51,
233,1845127,rare,0.01,50,true,14,24,"{""x"":124700}"
234,1853046,rare,0.01,50,false,50,49,
235,1860965,rare,0.01,50,false,50,47,
236,1868884,rare,0.01,50,false,50,47,
237,1876803,rare,0.01,50,false,50,47,
238,1884722,rare,0.01,50,true,43,46,"{""x"":712300}"
239,1892641,rare,0.01,50,false,50,47,
240,1900560,rare,0.01,50,true,14,23,"{""x"":909800}"
241,1908479,rare,0.01,50,true,6,18,"{""x"":992300}"
242,1916398,rare,0.01,50,true,39,44,"{""x"":247700}"
243,1924317,rare,0.01,50,true,16,32,"{""x"":928900}"
244,1932236,rare,0.01,50,false,50,48,
245,1940155,rare,0.01,50,true,44,44,"{""x"":59100}"
246,1948074,rare,0.01,50,false,50,48,
247,1955993,rare,0.01,50,true,37,39,"{""x"":150500}"
248,1963912,rare,0.01,50,false,50,48,
249,1971831,rare,0.01,50,false,50,47,
250,1979750,rare,0.01,100,false,100,83,
251,1987669,rare,0.01,100,true,32,37,"{""x"":556500}"
252,1995588,rare,0.01,100,true,56,53,"{""x"":108600}"
253,2003507,rare,0.01,100,true,19,48,"{""x"":243300}"
254,2011426,rare,0.01,100,false,100,92,
255,2019345,rare,0.01,100,true,7,40,"{""x"":339300}"
256,2027264,rare,0.01,100,true,32,49,"{""x"":681700}"
257,2035183,rare,0.01,100,false,100,104,
258,2043102,rare,0.01,100,true,46,56,"{""x"":897500}"
259,2051021,rare,0.01,100,true,42,44,"{""x"":472200}"
260,2058940,rare,0.01,100,true,27,33,"{""x"":553300}"
261,2066859,rare,0.01,100,true,16,25,"{""x"":95400}"
262,2074778,rare,0.01,100,false,100,205,
263,2082697,rare,0.01,100,false,100,94,
264,2090616,rare,0.01,100,true,43,46,"{""x"":571900}"
265,2098535,rare,0.01,100,true,51,50,"{""x"":262900}"
266,2106454,rare,0.01,100,false,100,86,
267,2114373,rare,0.01,100,false,100,83,
268,2122292,rare,0.01,100,false,100,85,
269,2130211,rare,0.01,100,true,40,64,"{""x"":509000}"
270,2138130,rare,0.01,100,true,10,22,"{""x"":973700}"
271,2146049,rare,0.01,100,true,39,41,"{""x"":734100}"
272,2153968,rare,0.01,100,false,100,82,
273,2161887,rare,0.01,100,true,82,71,"{""x"":570200}"
274,2169806,rare,0.01,100,true,4,17,"{""x"":115800}"
275,2177725,rare,0.01,100,true,31,35,"{""x"":351200}"
276,2185644,rare,0.01,100,true,33,37,"{""x"":706000}"
277,2193563,rare,0.01,100,false,100,82,
278,2201482,rare,0.01,100,true,40,42,"{""x"":186600}"
279,2209401,rare,0.01,100,true,66,59,"{""x"":528900}"
280,2217320,rare,0.01,100,true,98,82,"{""x"":674800}"
281,2225239,rare,0.01,100,true,80,69,"{""x"":854300}"
282,2233158,rare,0.01,100,false,100,85,
283,2241077,rare,0.01,100,false,100,101,
284,2248996,rare,0.01,100,true,93,83,"{""x"":184400}"
285,2256915,rare,0.01,100,false,100,83,
286,2264834,rare,0.01,100,true,95,328,"{""x"":565600}"
287,2272753,rare,0.01,100,true,45,64,"{""x"":771300}"
288,2280672,rare,0.01,100,false,100,86,
289,2288591,rare,0.01,100,true,60,56,"{""x"":193800}"
290,2296510,rare,0.01,100,true,17,27,"{""x"":938800}"
291,2304429,rare,0.01,100,false,100,82,
292,2312348,rare,0.01,100,false,100,81,
293,2320267,rare,0.01,100,true,74,65,"{""x"":216700}"
294,2328186,rare,0.01,100,false,100,82,
295,2336105,rare,0.01,100,true,43,43,"{""x"":307200}"
296,2344024,rare,0.01,100,false,100,84,
297,2351943,rare,0.01,100,true,23,30,"{""x"":148800}"
298,2359862,rare,0.01,100,true,26,33,"{""x"":442200}"
299,2367781,rare,0.01,100,false,100,83,
300,2375700,rare,0.01,200,true,119,99,"{""x"":547600}"
301,2383619,rare,0.01,200,true,23,45,"{""x"":480600}"
302,2391538,rare,0.01,200,true,7,21,"{""x"":366000}"
303,2399457,rare,0.01,200,false,200,157,
304,2407376,rare,0.01,200,true,14,26,"{""x"":160600}"
305,2415295,rare,0.01,200,false,200,161,
306,2423214,rare,0.01,200,true,72,69,"{""x"":292200}"
307,2431133,rare,0.01,200,true,84,79,"{""x"":80600}"
308,2439052,rare,0.01,200,true,9,123,"{""x"":760400}"
309,2446971,rare,0.01,200,true,71,70,"{""x"":722300}"
310,2454890,rare,0.01,200,true,61,65,"{""x"":963300}"
311,2462809,rare,0.01,200,true,8,22,"{""x"":301700}"
312,2470728,rare,0.01,200,true,41,47,"{""x"":233500}"
313,2478647,rare,0.01,200,true,110,99,"{""x"":551400}"
314,2486566,rare,0.01,200,true,84,78,"{""x"":282400}"
315,2494485,rare,0.01,200,true,50,54,"{""x"":424300}"
316,2502404,rare,0.01,200,true,87,128,"{""x"":806500}"
317,2510323,rare,0.01,200,true,12,36,"{""x"":520800}"
318,2518242,rare,0.01,200,true,163,157,"{""x"":994400}"
319,2526161,rare,0.01,200,true,82,76,"{""x"":329800}"
320,2534080,rare,0.01,200,true,109,108,"{""x"":661000}"
321,2541999,rare,0.01,200,true,104,89,"{""x"":207100}"
322,2549918,rare,0.01,200,true,102,102,"{""x"":585900}"
323,2557837,rare,0.01,200,true,142,132,"{""x"":726900}"
324,2565756,rare,0.01,200,true,2,25,"{""x"":304300}"
325,2573675,rare,0.01,200,true,64,139,"{""x"":105300}"
326,2581594,rare,0.01,200,true,122,120,"{""x"":712000}"
327,2589513,rare,0.01,200,true,52,53,"{""x"":72900}"
328,2597432,rare,0.01,200,true,180,141,"{""x"":158500}"
329,2605351,rare,0.01,200,false,200,576,
330,2613270,rare,0.01,200,false,200,141,
331,2621189,rare,0.01,200,true,13,27,"{""x"":334600}"
332,2629108,rare,0.01,200,true,107,84,"{""x"":172000}"
333,2637027,rare,0.01,200,true,100,74,"{""x"":66400}"
334,2644946,rare,0.01,200,true,101,73,"{""x"":608900}"
335,2652865,rare,0.01,200,true,130,91,"{""x"":976200}"
336,2660784,rare,0.01,200,true,71,55,"{""x"":107000}"
337,2668703,rare,0.01,200,true,80,61,"{""x"":4200}"
338,2676622,rare,0.01,200,true,173,119,"{""x"":690100}"
339,2684541,rare,0.01,200,true,24,31,"{""x"":642900}"
340,2692460,rare,0.01,200,true,20,27,"{""x"":886100}"
341,2700379,rare,0.01,200,false,200,133,
342,2708298,rare,0.01,200,true,166,121,"{""x"":547800}"
343,2716217,rare,0.01,200,false,200,126,
344,2724136,rare,0.01,200,true,59,47,"{""x"":336600}"
345,2732055,rare,0.01,200,true,87,188,"{""x"":332300}"
346,2739974,rare,0.01,200,true,64,52,"{""x"":332300}"
347,2747893,rare,0.01,200,true,80,61,"{""x"":293100}"
348,2755812,rare,0.01,200,true,142,97,"{""x"":644500}"
349,2763731,rare,0.01,200,false,200,128,
350,2771650,rare,0.01,500,true,197,133,"{""x"":198500}"
351,2779569,rare,0.01,500,true,146,101,"{""x"":851500}"
352,2787488,rare,0.01,500,true,80,64,"{""x"":704900}"
353,2795407,rare,0.01,500,true,10,24,"{""x"":351800}"
354,2803326,rare,0.01,500,true,37,39,"{""x"":121000}"
355,2811245,rare,0.01,500,true,45,44,"{""x"":902600}"
356,2819164,rare,0.01,500,true,16,35,"{""x"":579000}"
357,2827083,rare,0.01,500,true,50,48,"{""x"":260200}"
358,2835002,rare,0.01,500,true,342,220,"{""x"":723300}"
359,2842921,rare,0.01,500,true,183,125,"{""x"":479800}"
360,2850840,rare,0.01,500,true,39,166,"{""x"":487500}"
361,2858759,rare,0.01,500,true,129,102,"{""x"":644300}"
362,2866678,rare,0.01,500,true,266,188,"{""x"":686100}"
363,2874597,rare,0.01,500,true,28,35,"{""x"":582600}"
364,2882516,rare,0.01,500,true,27,33,"{""x"":449100}"
365,2890435,rare,0.01,500,true,6,22,"{""x"":907800}"
366,2898354,rare,0.01,500,true,61,52,"{""x"":252600}"
367,2906273,rare,0.01,500,true,267,169,"{""x"":226300}"
368,2914192,rare,0.01,500,true,41,41,"{""x"":881800}"
369,2922111,rare,0.01,500,true,52,47,"{""x"":842300}"
370,2930030,rare,0.01,500,true,14,25,"{""x"":65600}"
371,2937949,rare,0.01,500,true,7,21,"{""x"":836200}"
372,2945868,rare,0.01,500,true,69,56,"{""x"":926600}"
373,2953787,rare,0.01,500,true,6,21,"{""x"":157800}"
374,2961706,rare,0.01,500,true,249,158,"{""x"":937700}"
375,2969625,rare,0.01,500,true,36,38,"{""x"":328200}"
376,2977544,rare,0.01,500,true,83,63,"{""x"":606300}"
377,2985463,rare,0.01,500,true,24,31,"{""x"":290400}"
378,2993382,rare,0.01,500,true,77,69,"{""x"":255700}"
379,3001301,rare,0.01,500,true,204,226,"{""x"":958800}"
380,3009220,rare,0.01,500,true,32,36,"{""x"":898200}"
381,3017139,rare,0.01,500,true,122,86,"{""x"":630000}"
382,3025058,rare,0.01,500,true,36,37,"{""x"":115100}"
383,3032977,rare,0.01,500,true,249,157,"{""x"":664700}"
384,3040896,rare,0.01,500,true,137,94,"{""x"":907200}"
385,3048815,rare,0.01,500,true,196,126,"{""x"":653900}"
386,3056734,rare,0.01,500,true,412,248,"{""x"":224700}"
387,3064653,rare,0.01,500,true,44,42,"{""x"":170800}"
388,3072572,rare,0.01,500,true,35,38,"{""x"":275200}"
389,3080491,rare,0.01,500,true,58,49,"{""x"":65300}"
390,3088410,rare,0.01,500,true,156,105,"{""x"":400600}"
391,3096329,rare,0.01,500,true,305,270,"{""x"":937900}"
392,3104248,rare,0.01,500,true,35,38,"{""x"":485300}"
393,3112167,rare,0.01,500,true,76,60,"{""x"":688200}"
394,3120086,rare,0.01,500,true,37,38,"{""x"":768800}"
395,3128005,rare,0.01,500,true,235,149,"{""x"":180000}"
396,3135924,rare,0.01,500,true,79,61,"{""x"":870300}"
397,3143843,rare,0.01,500,true,157,144,"{""x"":341600}"
398,3151762,rare,0.01,500,true,32,35,"{""x"":193600}"
399,3159681,rare,0.01,500,true,44,41,"{""x"":118100}"
400,3167600,moderate,0.1,50,true,1,37,"{""x"":876220}"
401,3175519,moderate,0.1,50,true,6,18,"{""x"":308980}"
402,3183438,moderate,0.1,50,true,2,16,"{""x"":553160}"
403,3191357,moderate,0.1,50,true,9,21,"{""x"":134680}"
404,3199276,moderate,0.1,50,true,20,24,"{""x"":172580}"
405,3207195,moderate,0.1,50,true,5,15,"{""x"":186400}"
406,3215114,moderate,0.1,50,true,7,16,"{""x"":72100}"
407,3223033,moderate,0.1,50,true,2,14,"{""x"":6980}"
408,3230952,moderate,0.1,50,true,17,22,"{""x"":521840}"
409,3238871,moderate,0.1,50,true,2,24,"{""x"":767990}"
410,3246790,moderate,0.1,50,true,5,76,"{""x"":911550}"
411,3254709,moderate,0.1,50,true,12,20,"{""x"":775610}"
412,3262628,moderate,0.1,50,true,4,15,"{""x"":571530}"
413,3270547,moderate,0.1,50,true,4,15,"{""x"":56440}"
414,3278466,moderate,0.1,50,true,22,31,"{""x"":441930}"
415,3286385,moderate,0.1,50,true,1,13,"{""x"":835070}"
416,3294304,moderate,0.1,50,true,3,14,"{""x"":239130}"
417,3302223,moderate,0.1,50,true,14,29,"{""x"":375770}"
418,3310142,moderate,0.1,50,true,21,30,"{""x"":151350}"
419,3318061,moderate,0.1,50,true,1,20,"{""x"":476460}"
420,3325980,moderate,0.1,50,true,16,29,"{""x"":315110}"
421,3333899,moderate,0.1,50,true,1,21,"{""x"":644480}"
422,3341818,moderate,0.1,50,true,10,18,"{""x"":432410}"
423,3349737,moderate,0.1,50,true,1,12,"{""x"":733880}"
424,3357656,moderate,0.1,50,true,13,22,"{""x"":743460}"
425,3365575,moderate,0.1,50,true,8,22,"{""x"":458490}"
426,3373494,moderate,0.1,50,true,7,16,"{""x"":472040}"
427,3381413,moderate,0.1,50,true,13,22,"{""x"":900440}"
428,3389332,moderate,0.1,50,true,17,21,"{""x"":580570}"
429,3397251,moderate,0.1,50,true,3,14,"{""x"":730520}"
430,3405170,moderate,0.1,50,true,5,24,"{""x"":589580}"
431,3413089,moderate,0.1,50,true,2,13,"{""x"":451700}"
432,3421008,moderate,0.1,50,true,4,15,"{""x"":439880}"
433,3428927,moderate,0.1,50,true,25,26,"{""x"":774790}"
434,3436846,moderate,0.1,50,true,3,13,"{""x"":170980}"
435,3444765,moderate,0.1,50,true,3,14,"{""x"":576450}"
436,3452684,moderate,0.1,50,true,5,15,"{""x"":381680}"
437,3460603,moderate,0.1,50,true,7,16,"{""x"":3620}"
438,3468522,moderate,0.1,50,true,32,30,"{""x"":381000}"
439,3476441,moderate,0.1,50,true,8,16,"{""x"":448600}"
440,3484360,moderate,0.1,50,true,2,13,"{""x"":318470}"
441,3492279,moderate,0.1,50,true,1,27,"{""x"":655110}"
442,3500198,moderate,0.1,50,true,3,25,"{""x"":204200}"
443,3508117,moderate,0.1,50,true,50,41,"{""x"":276680}"
444,3516036,moderate,0.1,50,true,4,28,"{""x"":682890}"
445,3523955,moderate,0.1,50,true,1,188,"{""x"":819580}"
446,3531874,moderate,0.1,50,true,2,30,"{""x"":30820}"
447,3539793,moderate,0.1,50,true,11,20,"{""x"":135730}"
448,3547712,moderate,0.1,50,true,20,25,"{""x"":60070}"
449,3555631,moderate,0.1,50,true,20,24,"{""x"":378230}"
450,3563550,moderate,0.1,100,true,16,24,"{""x"":332940}"
451,3571469,moderate,0.1,100,true,5,58,"{""x"":567150}"
452,3579388,moderate,0.1,100,true,38,50,"{""x"":187080}"
453,3587307,moderate,0.1,100,true,2,15,"{""x"":173610}"
454,3595226,moderate,0.1,100,true,5,16,"{""x"":658250}"
455,3603145,moderate,0.1,100,true,5,26,"{""x"":488790}"
456,3611064,moderate,0.1,100,true,11,33,"{""x"":485380}"
457,3618983,moderate,0.1,100,true,2,21,"{""x"":31890}"
458,3626902,moderate,0.1,100,true,3,15,"{""x"":349330}"
459,3634821,moderate,0.1,100,true,4,15,"{""x"":980660}"
460,3642740,moderate,0.1,100,true,5,15,"{""x"":644720}"
461,3650659,moderate,0.1,100,true,11,26,"{""x"":677760}"
462,3658578,moderate,0.1,100,true,1,13,"{""x"":332480}"
463,3666497,moderate,0.1,100,true,17,21,"{""x"":847470}"
464,3674416,moderate,0.1,100,true,2,13,"{""x"":218640}"
465,3682335,moderate,0.1,100,true,15,20,"{""x"":547530}"
466,3690254,moderate,0.1,100,true,12,19,"{""x"":320}"
467,3698173,moderate,0.1,100,true,38,34,"{""x"":107650}"
468,3706092,moderate,0.1,100,true,16,21,"{""x"":629740}"
469,3714011,moderate,0.1,100,true,2,13,"{""x"":720}"
470,3721930,moderate,0.1,100,true,10,26,"{""x"":156210}"
471,3729849,moderate,0.1,100,true,9,17,"{""x"":556400}"
472,3737768,moderate,0.1,100,true,2,14,"{""x"":436580}"
473,3745687,moderate,0.1,100,true,12,19,"{""x"":697880}"
474,3753606,moderate,0.1,100,true,7,16,"{""x"":791840}"
475,3761525,moderate,0.1,100,true,24,26,"{""x"":300260}"
476,3769444,moderate,0.1,100,true,2,14,"{""x"":423560}"
477,3777363,moderate,0.1,100,true,1,13,"{""x"":193030}"
478,3785282,moderate,0.1,100,true,9,35,"{""x"":264160}"
479,3793201,moderate,0.1,100,true,3,14,"{""x"":325950}"
480,3801120,moderate,0.1,100,true,16,21,"{""x"":106980}"
481,3809039,moderate,0.1,100,true,25,26,"{""x"":477470}"
482,3816958,moderate,0.1,100,true,13,19,"{""x"":99520}"
483,3824877,moderate,0.1,100,true,10,18,"{""x"":24300}"
484,3832796,moderate,0.1,100,true,13,19,"{""x"":619920}"
485,3840715,moderate,0.1,100,true,10,18,"{""x"":935150}"
486,3848634,moderate,0.1,100,true,24,25,"{""x"":507200}"
487,3856553,moderate,0.1,100,true,18,28,"{""x"":957140}"
488,3864472,moderate,0.1,100,true,3,14,"{""x"":480890}"
489,3872391,moderate,0.1,100,true,1,12,"{""x"":994060}"
490,3880310,moderate,0.1,100,true,11,18,"{""x"":432000}"
491,3888229,moderate,0.1,100,true,8,16,"{""x"":871090}"
492,3896148,moderate,0.1,100,true,22,24,"{""x"":328810}"
493,3904067,moderate,0.1,100,true,1,13,"{""x"":91800}"
494,3911986,moderate,0.1,100,true,2,13,"{""x"":223650}"
495,3919905,moderate,0.1,100,true,30,29,"{""x"":947810}"
496,3927824,moderate,0.1,100,true,13,20,"{""x"":834470}"
497,3935743,moderate,0.1,100,true,11,19,"{""x"":262560}"
498,3943662,moderate,0.1,100,true,3,15,"{""x"":693590}"
499,3951581,moderate,0.1,100,true,14,20,"{""x"":940910}"
500,3959500,moderate,0.1,200,true,3,16,"{""x"":242060}"
501,3967419,moderate,0.1,200,true,3,18,"{""x"":52850}"
502,3975338,moderate,0.1,200,true,16,24,"{""x"":213050}"
503,3983257,moderate,0.1,200,true,34,33,"{""x"":454310}"
504,3991176,moderate,0.1,200,true,4,22,"{""x"":565510}"
505,3999095,moderate,0.1,200,true,10,20,"{""x"":864180}"
506,4007014,moderate,0.1,200,true,1,14,"{""x"":643290}"
507,4014933,moderate,0.1,200,true,6,17,"{""x"":852880}"
508,4022852,moderate,0.1,200,true,16,24,"{""x"":173580}"
509,4030771,moderate,0.1,200,true,3,30,"{""x"":98120}"
510,4038690,moderate,0.1,200,true,9,208,"{""x"":34020}"
511,4046609,moderate,0.1,200,true,6,21,"{""x"":315770}"
512,4054528,moderate,0.1,200,true,1,14,"{""x"":505570}"
513,4062447,moderate,0.1,200,true,17,30,"{""x"":622340}"
514,4070366,moderate,0.1,200,true,15,31,"{""x"":152740}"
515,4078285,moderate,0.1,200,true,28,32,"{""x"":858250}"
516,4086204,moderate,0.1,200,true,15,27,"{""x"":642270}"
517,4094123,moderate,0.1,200,true,10,19,"{""x"":849830}"
518,4102042,moderate,0.1,200,true,3,15,"{""x"":873600}"
519,4109961,moderate,0.1,200,true,1,17,"{""x"":205410}"
520,4117880,moderate,0.1,200,true,8,18,"{""x"":306000}"
521,4125799,moderate,0.1,200,true,4,19,"{""x"":217310}"
522,4133718,moderate,0.1,200,true,5,25,"{""x"":517140}"
523,4141637,moderate,0.1,200,true,11,26,"{""x"":756940}"
524,4149556,moderate,0.1,200,true,10,20,"{""x"":225710}"
525,4157475,moderate,0.1,200,true,8,21,"{""x"":652320}"
526,4165394,moderate,0.1,200,true,1,172,"{""x"":989420}"
527,4173313,moderate,0.1,200,true,7,19,"{""x"":771090}"
528,4181232,moderate,0.1,200,true,5,16,"{""x"":946900}"
529,4189151,moderate,0.1,200,true,28,29,"{""x"":707310}"
530,4197070,moderate,0.1,200,true,4,21,"{""x"":911230}"
531,4204989,moderate,0.1,200,true,5,16,"{""x"":178780}"
532,4212908,moderate,0.1,200,true,3,14,"{""x"":778920}"
533,4220827,moderate,0.1,200,true,19,24,"{""x"":860000}"
534,4228746,moderate,0.1,200,true,1,13,"{""x"":927040}"
535,4236665,moderate,0.1,200,true,32,31,"{""x"":763540}"
536,4244584,moderate,0.1,200,true,3,14,"{""x"":26790}"
537,4252503,moderate,0.1,200,true,16,21,"{""x"":118990}"
538,4260422,moderate,0.1,200,true,19,25,"{""x"":294370}"
539,4268341,moderate,0.1,200,true,10,18,"{""x"":356140}"
540,4276260,moderate,0.1,200,true,15,21,"{""x"":493590}"
541,4284179,moderate,0.1,200,true,4,15,"{""x"":554660}"
542,4292098,moderate,0.1,200,true,4,15,"{""x"":894300}"
543,4300017,moderate,0.1,200,true,12,30,"{""x"":604190}"
544,4307936,moderate,0.1,200,true,4,16,"{""x"":164180}"
545,4315855,moderate,0.1,200,true,4,21,"{""x"":244480}"
546,4323774,moderate,0.1,200,true,14,20,"{""x"":364090}"
547,4331693,moderate,0.1,200,true,8,17,"{""x"":202790}"
548,4339612,moderate,0.1,200,true,10,19,"{""x"":300940}"
549,4347531,moderate,0.1,200,true,5,15,"{""x"":491180}"
550,4355450,moderate,0.1,500,true,1,17,"{""x"":677460}"
551,4363369,moderate,0.1,500,true,20,28,"{""x"":694340}"
552,4371288,moderate,0.1,500,true,4,19,"{""x"":176950}"
553,4379207,moderate,0.1,500,true,4,26,"{""x"":281550}"
554,4387126,moderate,0.1,500,true,1,18,"{""x"":467750}"
555,4395045,moderate,0.1,500,true,11,24,"{""x"":966690}"
556,4402964,moderate,0.1,500,true,5,24,"{""x"":903840}"
557,4410883,moderate,0.1,500,true,11,52,"{""x"":434380}"
558,4418802,moderate,0.1,500,true,1,19,"{""x"":993820}"
559,4426721,moderate,0.1,500,true,2,18,"{""x"":586400}"
560,4434640,moderate,0.1,500,true,1,17,"{""x"":279400}"
561,4442559,moderate,0.1,500,true,31,34,"{""x"":463700}"
562,4450478,moderate,0.1,500,true,14,24,"{""x"":161620}"
563,4458397,moderate,0.1,500,true,1,26,"{""x"":884000}"
564,4466316,moderate,0.1,500,true,3,19,"{""x"":873700}"
565,4474235,moderate,0.1,500,true,9,21,"{""x"":244220}"
566,4482154,moderate,0.1,500,true,3,19,"{""x"":539980}"
567,4490073,moderate,0.1,500,true,62,56,"{""x"":273410}"
568,4497992,moderate,0.1,500,true,9,21,"{""x"":172000}"
569,4505911,moderate,0.1,500,true,35,40,"{""x"":788870}"
570,4513830,moderate,0.1,500,true,3,21,"{""x"":524570}"
571,4521749,moderate,0.1,500,true,13,24,"{""x"":720980}"
572,4529668,moderate,0.1,500,true,22,33,"{""x"":664430}"
573,4537587,moderate,0.1,500,true,20,27,"{""x"":326230}"
574,4545506,moderate,0.1,500,true,13,23,"{""x"":277820}"
575,4553425,moderate,0.1,500,true,10,21,"{""x"":990490}"
576,4561344,moderate,0.1,500,true,1,24,"{""x"":105890}"
577,4569263,moderate,0.1,500,true,16,26,"{""x"":580800}"
578,4577182,moderate,0.1,500,true,5,18,"{""x"":970420}"
579,4585101,moderate,0.1,500,true,10,29,"{""x"":678100}"
580,4593020,moderate,0.1,500,true,32,338,"{""x"":167090}"
581,4600939,moderate,0.1,500,true,5,38,"{""x"":896420}"
582,4608858,moderate,0.1,500,true,3,31,"{""x"":193040}"
583,4616777,moderate,0.1,500,true,8,22,"{""x"":911690}"
584,4624696,moderate,0.1,500,true,10,25,"{""x"":926580}"
585,4632615,moderate,0.1,500,true,7,21,"{""x"":438440}"
586,4640534,moderate,0.1,500,true,10,28,"{""x"":979670}"
587,4648453,moderate,0.1,500,true,4,19,"{""x"":741470}"
588,4656372,moderate,0.1,500,true,6,23,"{""x"":812140}"
589,4664291,moderate,0.1,500,true,15,29,"{""x"":317390}"
590,4672210,moderate,0.1,500,true,2,18,"{""x"":271160}"
591,4680129,moderate,0.1,500,true,9,24,"{""x"":511670}"
592,4688048,moderate,0.1,500,true,10,22,"{""x"":329980}"
593,4695967,moderate,0.1,500,true,8,21,"{""x"":612780}"
594,4703886,moderate,0.1,500,true,14,26,"{""x"":415720}"
595,4711805,moderate,0.1,500,true,20,32,"{""x"":776840}"
596,4719724,moderate,0.1,500,true,2,24,"{""x"":880090}"
597,4727643,moderate,0.1,500,true,5,24,"{""x"":428040}"
598,4735562,moderate,0.1,500,true,10,34,"{""x"":614310}"
599,4743481,moderate,0.1,500,true,13,27,"{""x"":622940}"
600,4751400,dense,0.5,50,true,1,31,"{""x"":21784}"
601,4759319,dense,0.5,50,true,3,23,"{""x"":609250}"
602,4767238,dense,0.5,50,true,2,14,"{""x"":577368}"
603,4775157,dense,0.5,50,true,2,17,"{""x"":253234}"
604,4783076,dense,0.5,50,true,5,19,"{""x"":35706}"
605,4790995,dense,0.5,50,true,1,16,"{""x"":366332}"
606,4798914,dense,0.5,50,true,4,14,"{""x"":647584}"
607,4806833,dense,0.5,50,true,1,11,"{""x"":363406}"
608,4814752,dense,0.5,50,true,1,12,"{""x"":849914}"
609,4822671,dense,0.5,50,true,1,16,"{""x"":176996}"
610,4830590,dense,0.5,50,true,3,13,"{""x"":17066}"
611,4838509,dense,0.5,50,true,3,16,"{""x"":777190}"
612,4846428,dense,0.5,50,true,1,18,"{""x"":726396}"
613,4854347,dense,0.5,50,true,1,13,"{""x"":62580}"
614,4862266,dense,0.5,50,true,4,14,"{""x"":428548}"
615,4870185,dense,0.5,50,true,1,11,"{""x"":289128}"
616,4878104,dense,0.5,50,true,1,11,"{""x"":337594}"
617,4886023,dense,0.5,50,true,1,18,"{""x"":856488}"
618,4893942,dense,0.5,50,true,2,18,"{""x"":343008}"
619,4901861,dense,0.5,50,true,1,14,"{""x"":409252}"
620,4909780,dense,0.5,50,true,1,11,"{""x"":45736}"
621,4917699,dense,0.5,50,true,5,16,"{""x"":533686}"
622,4925618,dense,0.5,50,true,1,15,"{""x"":624320}"
623,4933537,dense,0.5,50,true,1,13,"{""x"":419730}"
624,4941456,dense,0.5,50,true,1,16,"{""x"":315266}"
625,4949375,dense,0.5,50,true,6,20,"{""x"":314846}"
626,4957294,dense,0.5,50,true,3,12,"{""x"":71484}"
627,4965213,dense,0.5,50,true,1,11,"{""x"":756222}"
628,4973132,dense,0.5,50,true,1,10,"{""x"":471530}"
629,4981051,dense,0.5,50,true,1,10,"{""x"":438664}"
630,4988970,dense,0.5,50,true,2,17,"{""x"":897152}"
631,4996889,dense,0.5,50,true,1,14,"{""x"":280066}"
632,5004808,dense,0.5,50,true,1,10,"{""x"":181626}"
633,5012727,dense,0.5,50,true,1,10,"{""x"":600540}"
634,5020646,dense,0.5,50,true,1,19,"{""x"":301602}"
635,5028565,dense,0.5,50,true,1,12,"{""x"":420014}"
636,5036484,dense,0.5,50,true,5,12,"{""x"":183766}"
637,5044403,dense,0.5,50,true,2,11,"{""x"":620794}"
638,5052322,dense,0.5,50,true,2,24,"{""x"":462786}"
639,5060241,dense,0.5,50,true,1,10,"{""x"":75282}"
640,5068160,dense,0.5,50,true,3,13,"{""x"":358590}"
641,5076079,dense,0.5,50,true,2,14,"{""x"":738536}"
642,5083998,dense,0.5,50,true,3,11,"{""x"":146920}"
643,5091917,dense,0.5,50,true,1,19,"{""x"":728462}"
644,5099836,dense,0.5,50,true,1,10,"{""x"":228854}"
645,5107755,dense,0.5,50,true,1,10,"{""x"":679596}"
646,5115674,dense,0.5,50,true,3,20,"{""x"":647726}"
647,5123593,dense,0.5,50,true,1,11,"{""x"":955226}"
648,5131512,dense,0.5,50,true,1,13,"{""x"":205132}"
649,5139431,dense,0.5,50,true,1,10,"{""x"":409408}"
650,5147350,dense,0.5,100,true,3,13,"{""x"":611158}"
651,5155269,dense,0.5,100,true,2,12,"{""x"":876682}"
652,5163188,dense,0.5,100,true,2,11,"{""x"":474178}"
653,5171107,dense,0.5,100,true,2,12,"{""x"":275312}"
654,5179026,dense,0.5,100,true,2,14,"{""x"":273600}"
655,5186945,dense,0.5,100,true,1,11,"{""x"":532918}"
656,5194864,dense,0.5,100,true,3,12,"{""x"":346556}"
657,5202783,dense,0.5,100,true,1,10,"{""x"":182542}"
658,5210702,dense,0.5,100,true,1,10,"{""x"":6968}"
659,5218621,dense,0.5,100,true,1,10,"{""x"":854722}"
660,5226540,dense,0.5,100,true,1,10,"{""x"":566948}"
661,5234459,dense,0.5,100,true,2,20,"{""x"":25090}"
662,5242378,dense,0.5,100,true,1,13,"{""x"":186980}"
663,5250297,dense,0.5,100,true,2,14,"{""x"":113720}"
664,5258216,dense,0.5,100,true,1,10,"{""x"":626238}"
665,5266135,dense,0.5,100,true,2,11,"{""x"":532730}"
666,5274054,dense,0.5,100,true,1,11,"{""x"":688550}"
667,5281973,dense,0.5,100,true,2,16,"{""x"":945620}"
668,5289892,dense,0.5,100,true,1,14,"{""x"":936160}"
669,5297811,dense,0.5,100,true,3,12,"{""x"":488468}"
670,5305730,dense,0.5,100,true,4,12,"{""x"":806676}"
671,5313649,dense,0.5,100,true,2,11,"{""x"":430788}"
672,5321568,dense,0.5,100,true,1,10,"{""x"":180868}"
673,5329487,dense,0.5,100,true,3,18,"{""x"":821722}"
674,5337406,dense,0.5,100,true,1,13,"{""x"":881032}"
675,5345325,dense,0.5,100,true,1,13,"{""x"":332852}"
676,5353244,dense,0.5,100,true,1,9,"{""x"":173054}"
677,5361163,dense,0.5,100,true,1,9,"{""x"":301320}"
678,5369082,dense,0.5,100,true,1,12,"{""x"":731770}"
679,5377001,dense,0.5,100,true,5,12,"{""x"":385636}"
680,5384920,dense,0.5,100,true,4,161,"{""x"":622048}"
681,5392839,dense,0.5,100,true,2,15,"{""x"":74914}"
682,5400758,dense,0.5,100,true,3,12,"{""x"":966234}"
683,5408677,dense,0.5,100,true,3,11,"{""x"":382926}"
684,5416596,dense,0.5,100,true,2,10,"{""x"":14826}"
685,5424515,dense,0.5,100,true,5,12,"{""x"":205772}"
686,5432434,dense,0.5,100,true,2,11,"{""x"":410064}"
687,5440353,dense,0.5,100,true,2,10,"{""x"":162334}"
688,5448272,dense,0.5,100,true,1,10,"{""x"":404322}"
689,5456191,dense,0.5,100,true,1,10,"{""x"":941978}"
690,5464110,dense,0.5,100,true,2,10,"{""x"":232284}"
691,5472029,dense,0.5,100,true,2,10,"{""x"":807848}"
692,5479948,dense,0.5,100,true,1,10,"{""x"":435638}"
693,5487867,dense,0.5,100,true,2,10,"{""x"":147566}"
694,5495786,dense,0.5,100,true,1,10,"{""x"":356200}"
695,5503705,dense,0.5,100,true,1,9,"{""x"":207452}"
696,5511624,dense,0.5,100,true,6,12,"{""x"":936278}"
697,5519543,dense,0.5,100,true,1,9,"{""x"":332174}"
698,5527462,dense,0.5,100,true,4,11,"{""x"":561234}"
699,5535381,dense,0.5,100,true,1,9,"{""x"":63140}"
700,5543300,dense,0.5,200,true,2,11,"{""x"":89928}"
701,5551219,dense,0.5,200,true,1,11,"{""x"":464478}"
702,5559138,dense,0.5,200,true,2,11,"{""x"":877616}"
703,5567057,dense,0.5,200,true,4,13,"{""x"":119714}"
704,5574976,dense,0.5,200,true,3,12,"{""x"":81504}"
705,5582895,dense,0.5,200,true,3,12,"{""x"":623684}"
706,5590814,dense,0.5,200,true,4,13,"{""x"":52428}"
707,5598733,dense,0.5,200,true,2,12,"{""x"":828048}"
708,5606652,dense,0.5,200,true,5,13,"{""x"":763032}"
709,5614571,dense,0.5,200,true,3,12,"{""x"":199738}"
710,5622490,dense,0.5,200,true,1,11,"{""x"":664142}"
711,5630409,dense,0.5,200,true,3,12,"{""x"":592572}"
712,5638328,dense,0.5,200,true,1,11,"{""x"":457958}"
713,5646247,dense,0.5,200,true,1,11,"{""x"":33162}"
714,5654166,dense,0.5,200,true,3,12,"{""x"":812600}"
715,5662085,dense,0.5,200,true,2,11,"{""x"":764014}"
716,5670004,dense,0.5,200,true,1,10,"{""x"":566296}"
717,5677923,dense,0.5,200,true,1,10,"{""x"":490714}"
718,5685842,dense,0.5,200,true,1,10,"{""x"":299482}"
719,5693761,dense,0.5,200,true,1,11,"{""x"":45298}"
720,5701680,dense,0.5,200,true,2,11,"{""x"":10650}"
721,5709599,dense,0.5,200,true,3,12,"{""x"":762090}"
722,5717518,dense,0.5,200,true,3,12,"{""x"":814194}"
723,5725437,dense,0.5,200,true,1,11,"{""x"":413652}"
724,5733356,dense,0.5,200,true,4,12,"{""x"":124218}"
725,5741275,dense,0.5,200,true,1,11,"{""x"":553938}"
726,5749194,dense,0.5,200,true,6,14,"{""x"":619340}"
727,5757113,dense,0.5,200,true,2,11,"{""x"":816988}"
728,5765032,dense,0.5,200,true,3,12,"{""x"":136898}"
729,5772951,dense,0.5,200,true,1,10,"{""x"":738388}"
730,5780870,dense,0.5,200,true,2,11,"{""x"":718060}"
731,5788789,dense,0.5,200,true,1,11,"{""x"":843292}"
732,5796708,dense,0.5,200,true,2,11,"{""x"":131104}"
733,5804627,dense,0.5,200,true,2,11,"{""x"":680692}"
734,5812546,dense,0.5,200,true,2,11,"{""x"":7672}"
735,5820465,dense,0.5,200,true,1,10,"{""x"":323818}"
736,5828384,dense,0.5,200,true,1,10,"{""x"":965972}"
737,5836303,dense,0.5,200,true,3,12,"{""x"":439890}"
738,5844222,dense,0.5,200,true,3,12,"{""x"":429850}"
739,5852141,dense,0.5,200,true,1,10,"{""x"":692854}"
740,5860060,dense,0.5,200,true,1,10,"{""x"":669674}"
741,5867979,dense,0.5,200,true,1,11,"{""x"":976590}"
742,5875898,dense,0.5,200,true,2,11,"{""x"":186930}"
743,5883817,dense,0.5,200,true,4,12,"{""x"":276312}"
744,5891736,dense,0.5,200,true,1,14,"{""x"":36480}"
745,5899655,dense,0.5,200,true,6,13,"{""x"":832324}"
746,5907574,dense,0.5,200,true,3,14,"{""x"":907128}"
747,5915493,dense,0.5,200,true,3,12,"{""x"":425508}"
748,5923412,dense,0.5,200,true,5,13,"{""x"":642512}"
749,5931331,dense,0.5,200,true,4,13,"{""x"":82346}"
750,5939250,dense,0.5,500,true,2,15,"{""x"":631800}"
751,5947169,dense,0.5,500,true,6,17,"{""x"":539064}"
752,5955088,dense,0.5,500,true,2,17,"{""x"":698472}"
753,5963007,dense,0.5,500,true,3,18,"{""x"":319936}"
754,5970926,dense,0.5,500,true,3,16,"{""x"":97696}"
755,5978845,dense,0.5,500,true,1,16,"{""x"":432238}"
756,5986764,dense,0.5,500,true,1,36,"{""x"":67268}"
757,5994683,dense,0.5,500,true,3,18,"{""x"":78294}"
758,6002602,dense,0.5,500,true,3,18,"{""x"":674752}"
759,6010521,dense,0.5,500,true,2,17,"{""x"":761690}"
760,6018440,dense,0.5,500,true,3,18,"{""x"":50296}"
761,6026359,dense,0.5,500,true,1,15,"{""x"":52268}"
762,6034278,dense,0.5,500,true,3,16,"{""x"":712628}"
763,6042197,dense,0.5,500,true,1,24,"{""x"":964822}"
764,6050116,dense,0.5,500,true,2,16,"{""x"":46974}"
765,6058035,dense,0.5,500,true,1,21,"{""x"":514928}"
766,6065954,dense,0.5,500,true,1,21,"{""x"":164552}"
767,6073873,dense,0.5,500,true,1,137,"{""x"":271136}"
768,6081792,dense,0.5,500,true,5,17,"{""x"":946668}"
769,6089711,dense,0.5,500,true,1,22,"{""x"":743650}"
770,6097630,dense,0.5,500,true,1,15,"{""x"":181408}"
771,6105549,dense,0.5,500,true,2,15,"{""x"":826026}"
772,6113468,dense,0.5,500,true,1,14,"{""x"":910258}"
773,6121387,dense,0.5,500,true,1,18,"{""x"":678398}"
774,6129306,dense,0.5,500,true,2,19,"{""x"":227450}"
775,6137225,dense,0.5,500,true,2,16,"{""x"":352202}"
776,6145144,dense,0.5,500,true,1,19,"{""x"":854178}"
777,6153063,dense,0.5,500,true,5,18,"{""x"":547428}"
778,6160982,dense,0.5,500,true,2,19,"{""x"":502994}"
779,6168901,dense,0.5,500,true,1,15,"{""x"":786958}"
780,6176820,dense,0.5,500,true,2,19,"{""x"":877050}"
781,6184739,dense,0.5,500,true,2,20,"{""x"":494344}"
782,6192658,dense,0.5,500,true,1,14,"{""x"":468210}"
783,6200577,dense,0.5,500,true,1,14,"{""x"":286246}"
784,6208496,dense,0.5,500,true,2,16,"{""x"":867544}"
785,6216415,dense,0.5,500,true,1,14,"{""x"":309208}"
786,6224334,dense,0.5,500,true,3,15,"{""x"":895174}"
787,6232253,dense,0.5,500,true,2,15,"{""x"":399288}"
788,6240172,dense,0.5,500,true,3,15,"{""x"":751772}"
789,6248091,dense,0.5,500,true,1,14,"{""x"":725526}"
790,6256010,dense,0.5,500,true,2,15,"{""x"":430606}"
791,6263929,dense,0.5,500,true,2,15,"{""x"":299198}"
792,6271848,dense,0.5,500,true,2,15,"{""x"":119902}"
793,6279767,dense,0.5,500,true,2,16,"{""x"":33400}"
794,6287686,dense,0.5,500,true,1,15,"{""x"":601504}"
795,6295605,dense,0.5,500,true,1,15,"{""x"":408248}"
796,6303524,dense,0.5,500,true,1,15,"{""x"":181660}"
797,6311443,dense,0.5,500,true,7,18,"{""x"":312392}"
798,6319362,dense,0.5,500,true,2,17,"{""x"":185484}"
799,6327281,dense,0.5,500,true,2,16,"{""x"":850984}"
800,6335200,exists_forall,0.5,50,true,8,296,"{""a"":533721}"
801,6343119,exists_forall,0.5,50,true,8,60,"{""a"":624524}"
802,6351038,exists_forall,0.5,50,true,7,31,"{""a"":556698}"
803,6358957,exists_forall,0.5,50,true,10,31,"{""a"":594722}"
804,6366876,exists_forall,0.5,50,true,7,23,"{""a"":826129}"
805,6374795,exists_forall,0.5,50,true,7,20,"{""a"":941594}"
806,6382714,exists_forall,0.5,50,true,8,31,"{""a"":818161}"
807,6390633,exists_forall,0.5,50,true,7,21,"{""a"":548760}"
808,6398552,exists_forall,0.5,50,true,7,21,"{""a"":694192}"
809,6406471,exists_forall,0.5,50,true,10,33,"{""a"":633839}"
810,6414390,exists_forall,0.5,50,true,8,40,"{""a"":530617}"
811,6422309,exists_forall,0.5,50,true,9,28,"{""a"":676946}"
812,6430228,exists_forall,0.5,50,true,7,19,"{""a"":553102}"
813,6438147,exists_forall,0.5,50,true,7,19,"{""a"":635278}"
814,6446066,exists_forall,0.5,50,true,8,21,"{""a"":621676}"
815,6453985,exists_forall,0.5,50,true,10,25,"{""a"":531628}"
816,6461904,exists_forall,0.5,50,true,8,20,"{""a"":517875}"
817,6469823,exists_forall,0.5,50,true,9,42,"{""a"":994782}"
818,6477742,exists_forall,0.5,50,true,7,21,"{""a"":617846}"
819,6485661,exists_forall,0.5,50,true,7,23,"{""a"":512470}"
820,6493580,exists_forall,0.5,50,true,10,33,"{""a"":590698}"
821,6501499,exists_forall,0.5,50,true,7,24,"{""a"":804373}"
822,6509418,exists_forall,0.5,50,true,7,20,"{""a"":861374}"
823,6517337,exists_forall,0.5,50,true,7,18,"{""a"":971045}"
824,6525256,exists_forall,0.5,50,true,7,23,"{""a"":612052}"
825,6533175,exists_forall,0.5,50,true,11,27,"{""a"":864319}"
826,6541094,exists_forall,0.5,50,true,8,21,"{""a"":615445}"
827,6549013,exists_forall,0.5,50,true,7,19,"{""a"":937643}"
828,6556932,exists_forall,0.5,50,true,12,28,"{""a"":651880}"
829,6564851,exists_forall,0.5,50,true,8,20,"{""a"":828431}"
830,6572770,exists_forall,0.5,50,true,7,18,"{""a"":833649}"
831,6580689,exists_forall,0.5,50,true,7,18,"{""a"":560906}"
832,6588608,exists_forall,0.5,50,true,7,30,"{""a"":652177}"
833,6596527,exists_forall,0.5,50,true,9,23,"{""a"":741029}"
834,6604446,exists_forall,0.5,50,true,7,19,"{""a"":821743}"
835,6612365,exists_forall,0.5,50,true,8,21,"{""a"":659452}"
836,6620284,exists_forall,0.5,50,true,7,18,"{""a"":911454}"
837,6628203,exists_forall,0.5,50,true,7,18,"{""a"":847529}"
838,6636122,exists_forall,0.5,50,true,8,20,"{""a"":544380}"
839,6644041,exists_forall,0.5,50,true,7,18,"{""a"":744881}"
840,6651960,exists_forall,0.5,50,true,7,135,"{""a"":814633}"
841,6659879,exists_forall,0.5,50,true,7,18,"{""a"":922955}"
842,6667798,exists_forall,0.5,50,true,7,18,"{""a"":980417}"
843,6675717,exists_forall,0.5,50,true,7,18,"{""a"":649052}"
844,6683636,exists_forall,0.5,50,true,9,30,"{""a"":849474}"
845,6691555,exists_forall,0.5,50,true,7,20,"{""a"":652886}"
846,6699474,exists_forall,0.5,50,true,9,23,"{""a"":906191}"
847,6707393,exists_forall,0.5,50,true,7,17,"{""a"":903338}"
848,6715312,exists_forall,0.5,50,true,7,18,"{""a"":996204}"
849,6723231,exists_forall,0.5,50,true,7,29,"{""a"":524548}"
850,6731150,exists_forall,0.5,100,true,10,22,"{""a"":583165}"
851,6739069,exists_forall,0.5,100,true,13,27,"{""a"":927442}"
852,6746988,exists_forall,0.5,100,true,12,25,"{""a"":609910}"
853,6754907,exists_forall,0.5,100,true,11,22,"{""a"":975631}"
854,6762826,exists_forall,0.5,100,true,13,27,"{""a"":870453}"
855,6770745,exists_forall,0.5,100,true,10,20,"{""a"":830264}"
856,6778664,exists_forall,0.5,100,true,11,31,"{""a"":502250}"
857,6786583,exists_forall,0.5,100,true,10,20,"{""a"":686596}"
858,6794502,exists_forall,0.5,100,true,11,22,"{""a"":644534}"
859,6802421,exists_forall,0.5,100,true,10,20,"{""a"":754703}"
860,6810340,exists_forall,0.5,100,true,12,33,"{""a"":711586}"
861,6818259,exists_forall,0.5,100,true,13,27,"{""a"":878173}"
862,6826178,exists_forall,0.5,100,true,11,31,"{""a"":959690}"
863,6834097,exists_forall,0.5,100,true,10,20,"{""a"":621243}"
864,6842016,exists_forall,0.5,100,true,11,22,"{""a"":612476}"
865,6849935,exists_forall,0.5,100,true,10,20,"{""a"":937993}"
866,6857854,exists_forall,0.5,100,true,11,32,"{""a"":548758}"
867,6865773,exists_forall,0.5,100,true,11,23,"{""a"":874156}"
868,6873692,exists_forall,0.5,100,true,10,20,"{""a"":765220}"
869,6881611,exists_forall,0.5,100,true,10,36,"{""a"":647407}"
870,6889530,exists_forall,0.5,100,true,10,22,"{""a"":707353}"
871,6897449,exists_forall,0.5,100,true,10,27,"{""a"":613595}"
872,6905368,exists_forall,0.5,100,true,10,20,"{""a"":557905}"
873,6913287,exists_forall,0.5,100,true,10,20,"{""a"":571182}"
874,6921206,exists_forall,0.5,100,true,12,23,"{""a"":686949}"
875,6929125,exists_forall,0.5,100,true,11,29,"{""a"":828670}"
876,6937044,exists_forall,0.5,100,true,10,19,"{""a"":998294}"
877,6944963,exists_forall,0.5,100,true,13,24,"{""a"":915384}"
878,6952882,exists_forall,0.5,100,true,10,19,"{""a"":944355}"
879,6960801,exists_forall,0.5,100,false,10,29,
880,6968720,exists_forall,0.5,100,true,11,21,"{""a"":948891}"
881,6976639,exists_forall,0.5,100,true,15,29,"{""a"":726377}"
882,6984558,exists_forall,0.5,100,true,10,28,"{""a"":998315}"
883,6992477,exists_forall,0.5,100,true,10,20,"{""a"":888655}"
884,7000396,exists_forall,0.5,100,true,11,20,"{""a"":806738}"
885,7008315,exists_forall,0.5,100,true,12,22,"{""a"":676372}"
886,7016234,exists_forall,0.5,100,true,10,19,"{""a"":563250}"
887,7024153,exists_forall,0.5,100,true,11,20,"{""a"":713248}"
888,7032072,exists_forall,0.5,100,true,10,31,"{""a"":630721}"
889,7039991,exists_forall,0.5,100,true,10,19,"{""a"":802423}"
890,7047910,exists_forall,0.5,100,true,11,20,"{""a"":960356}"
891,7055829,exists_forall,0.5,100,true,11,20,"{""a"":660965}"
892,7063748,exists_forall,0.5,100,true,13,23,"{""a"":618273}"
893,7071667,exists_forall,0.5,100,true,10,18,"{""a"":912633}"
894,7079586,exists_forall,0.5,100,true,10,18,"{""a"":901318}"
895,7087505,exists_forall,0.5,100,true,10,21,"{""a"":881325}"
896,7095424,exists_forall,0.5,100,true,11,20,"{""a"":964063}"
897,7103343,exists_forall,0.5,100,true,12,21,"{""a"":511301}"
898,7111262,exists_forall,0.5,100,true,10,18,"{""a"":993586}"
899,7119181,exists_forall,0.5,100,true,12,22,"{""a"":769911}"
900,7127100,exists_forall,0.5,200,true,14,21,"{""a"":870115}"
901,7135019,exists_forall,0.5,200,true,14,21,"{""a"":658033}"
902,7142938,exists_forall,0.5,200,true,14,21,"{""a"":559344}"
903,7150857,exists_forall,0.5,200,true,16,28,"{""a"":945834}"
904,7158776,exists_forall,0.5,200,true,15,38,"{""a"":880056}"
905,7166695,exists_forall,0.5,200,true,18,29,"{""a"":995542}"
906,7174614,exists_forall,0.5,200,true,14,29,"{""a"":657512}"
907,7182533,exists_forall,0.5,200,true,18,41,"{""a"":682865}"
908,7190452,exists_forall,0.5,200,true,15,24,"{""a"":744950}"
909,7198371,exists_forall,0.5,200,true,14,21,"{""a"":513151}"
910,7206290,exists_forall,0.5,200,true,19,38,"{""a"":828037}"
911,7214209,exists_forall,0.5,200,true,15,23,"{""a"":605736}"
912,7222128,exists_forall,0.5,200,true,16,24,"{""a"":560740}"
913,7230047,exists_forall,0.5,200,true,14,21,"{""a"":633367}"
914,7237966,exists_forall,0.5,200,true,20,30,"{""a"":702998}"
915,7245885,exists_forall,0.5,200,true,14,21,"{""a"":949065}"
916,7253804,exists_forall,0.5,200,true,15,22,"{""a"":744835}"
917,7261723,exists_forall,0.5,200,true,14,21,"{""a"":685353}"
918,7269642,exists_forall,0.5,200,true,14,21,"{""a"":999749}"
919,7277561,exists_forall,0.5,200,true,17,25,"{""a"":686119}"
920,7285480,exists_forall,0.5,200,true,14,20,"{""a"":773934}"
921,7293399,exists_forall,0.5,200,true,14,21,"{""a"":858190}"
922,7301318,exists_forall,0.5,200,true,15,194,"{""a"":691182}"
923,7309237,exists_forall,0.5,200,true,14,38,"{""a"":732602}"
924,7317156,exists_forall,0.5,200,true,14,30,"{""a"":941331}"
925,7325075,exists_forall,0.5,200,true,19,33,"{""a"":824270}"
926,7332994,exists_forall,0.5,200,true,14,23,"{""a"":871705}"
927,7340913,exists_forall,0.5,200,true,14,22,"{""a"":651606}"
928,7348832,exists_forall,0.5,200,true,16,25,"{""a"":787586}"
929,7356751,exists_forall,0.5,200,true,16,24,"{""a"":993514}"
930,7364670,exists_forall,0.5,200,true,14,24,"{""a"":712607}"
931,7372589,exists_forall,0.5,200,true,15,26,"{""a"":724953}"
932,7380508,exists_forall,0.5,200,true,17,25,"{""a"":897731}"
933,7388427,exists_forall,0.5,200,true,15,41,"{""a"":526080}"
934,7396346,exists_forall,0.5,200,true,15,24,"{""a"":560757}"
935,7404265,exists_forall,0.5,200,true,15,23,"{""a"":835842}"
936,7412184,exists_forall,0.5,200,true,14,22,"{""a"":786017}"
937,7420103,exists_forall,0.5,200,true,14,50,"{""a"":667027}"
938,7428022,exists_forall,0.5,200,true,15,31,"{""a"":734885}"
939,7435941,exists_forall,0.5,200,true,14,21,"{""a"":929148}"
940,7443860,exists_forall,0.5,200,true,16,24,"{""a"":979690}"
941,7451779,exists_forall,0.5,200,true,14,21,"{""a"":814859}"
942,7459698,exists_forall,0.5,200,true,15,23,"{""a"":964150}"
943,7467617,exists_forall,0.5,200,true,18,28,"{""a"":967920}"
944,7475536,exists_forall,0.5,200,true,14,25,"{""a"":620549}"
945,7483455,exists_forall,0.5,200,true,14,21,"{""a"":644550}"
946,7491374,exists_forall,0.5,200,true,20,32,"{""a"":812828}"
947,7499293,exists_forall,0.5,200,true,14,22,"{""a"":875114}"
948,7507212,exists_forall,0.5,200,true,17,27,"{""a"":967290}"
949,7515131,exists_forall,0.5,200,true,15,23,"{""a"":683907}"
950,7523050,exists_forall,0.5,500,true,23,29,"{""a"":557284}"
951,7530969,exists_forall,0.5,500,true,22,28,"{""a"":719827}"
952,7538888,exists_forall,0.5,500,true,22,28,"{""a"":645467}"
953,7546807,exists_forall,0.5,500,true,24,31,"{""a"":511329}"
954,7554726,exists_forall,0.5,500,true,27,36,"{""a"":957946}"
955,7562645,exists_forall,0.5,500,true,24,32,"{""a"":718898}"
956,7570564,exists_forall,0.5,500,true,24,34,"{""a"":605317}"
957,7578483,exists_forall,0.5,500,true,25,36,"{""a"":558074}"
958,7586402,exists_forall,0.5,500,true,23,33,"{""a"":720564}"
959,7594321,exists_forall,0.5,500,true,22,34,"{""a"":520184}"
960,7602240,exists_forall,0.5,500,true,22,66,"{""a"":766998}"
961,7610159,exists_forall,0.5,500,true,23,38,"{""a"":576461}"
962,7618078,exists_forall,0.5,500,true,22,37,"{""a"":644106}"
963,7625997,exists_forall,0.5,500,true,24,46,"{""a"":602214}"
964,7633916,exists_forall,0.5,500,true,22,32,"{""a"":573842}"
965,7641835,exists_forall,0.5,500,true,23,38,"{""a"":873222}"
966,7649754,exists_forall,0.5,500,true,23,37,"{""a"":805711}"
967,7657673,exists_forall,0.5,500,true,22,28,"{""a"":888564}"
968,7665592,exists_forall,0.5,500,true,27,37,"{""a"":788385}"
969,7673511,exists_forall,0.5,500,true,23,34,"{""a"":789256}"
970,7681430,exists_forall,0.5,500,true,23,38,"{""a"":839489}"
971,7689349,exists_forall,0.5,500,true,22,28,"{""a"":560714}"
972,7697268,exists_forall,0.5,500,true,22,33,"{""a"":846591}"
973,7705187,exists_forall,0.5,500,true,22,28,"{""a"":965100}"
974,7713106,exists_forall,0.5,500,true,25,34,"{""a"":672921}"
975,7721025,exists_forall,0.5,500,true,22,28,"{""a"":911934}"
976,7728944,exists_forall,0.5,500,true,23,35,"{""a"":680235}"
977,7736863,exists_forall,0.5,500,true,22,40,"{""a"":555789}"
978,7744782,exists_forall,0.5,500,true,22,37,"{""a"":660381}"
979,7752701,exists_forall,0.5,500,true,22,30,"{""a"":952626}"
980,7760620,exists_forall,0.5,500,true,24,33,"{""a"":886957}"
981,7768539,exists_forall,0.5,500,true,22,34,"{""a"":779110}"
982,7776458,exists_forall,0.5,500,true,22,28,"{""a"":558843}"
983,7784377,exists_forall,0.5,500,true,22,178,"{""a"":802533}"
984,7792296,exists_forall,0.5,500,true,22,30,"{""a"":539623}"
985,7800215,exists_forall,0.5,500,true,22,28,"{""a"":744760}"
986,7808134,exists_forall,0.5,500,true,22,28,"{""a"":525451}"
987,7816053,exists_forall,0.5,500,true,25,32,"{""a"":569706}"
988,7823972,exists_forall,0.5,500,true,23,32,"{""a"":583942}"
989,7831891,exists_forall,0.5,500,true,25,32,"{""a"":786400}"
990,7839810,exists_forall,0.5,500,true,22,65,"{""a"":751757}"
991,7847729,exists_forall,0.5,500,true,23,33,"{""a"":802411}"
992,7855648,exists_forall,0.5,500,true,22,29,"{""a"":783616}"
993,7863567,exists_forall,0.5,500,true,23,36,"{""a"":557121}"
994,7871486,exists_forall,0.5,500,true,23,31,"{""a"":550335}"
995,7879405,exists_forall,0.5,500,true,22,26,"{""a"":768168}"
996,7887324,exists_forall,0.5,500,true,22,30,"{""a"":646228}"
997,7895243,exists_forall,0.5,500,true,22,27,"{""a"":818737}"
998,7903162,exists_forall,0.5,500,true,23,37,"{""a"":700164}"
999,7911081,exists_forall,0.5,500,true,24,41,"{""a"":641789}"
1000,7919000,forall_exists,0.0001,50,false,7,291,
1001,7926919,forall_exists,0.0001,50,false,7,53,
1002,7934838,forall_exists,0.0001,50,false,7,36,
1003,7942757,forall_exists,0.0001,50,false,7,25,
1004,7950676,forall_exists,0.0001,50,false,7,24,
1005,7958595,forall_exists,0.0001,50,false,7,24,
1006,7966514,forall_exists,0.0001,50,false,7,30,
1007,7974433,forall_exists,0.0001,50,false,7,25,
1008,7982352,forall_exists,0.0001,50,false,7,38,
1009,7990271,forall_exists,0.0001,50,false,7,37,
1010,7998190,forall_exists,0.0001,50,false,7,31,
1011,8006109,forall_exists,0.0001,50,false,7,24,
1012,8014028,forall_exists,0.0001,50,false,7,23,
1013,8021947,forall_exists,0.0001,50,false,7,22,
1014,8029866,forall_exists,0.0001,50,false,7,31,
1015,8037785,forall_exists,0.0001,50,false,7,21,
1016,8045704,forall_exists,0.0001,50,false,7,20,
1017,8053623,forall_exists,0.0001,50,false,7,21,
1018,8061542,forall_exists,0.0001,50,false,7,32,
1019,8069461,forall_exists,0.0001,50,false,7,24,
1020,8077380,forall_exists,0.0001,50,false,7,23,
1021,8085299,forall_exists,0.0001,50,false,7,18,
1022,8093218,forall_exists,0.0001,50,false,7,21,
1023,8101137,forall_exists,0.0001,50,false,7,20,
1024,8109056,forall_exists,0.0001,50,false,7,31,
1025,8116975,forall_exists,0.0001,50,false,7,20,
1026,8124894,forall_exists,0.0001,50,false,7,29,
1027,8132813,forall_exists,0.0001,50,false,7,21,
1028,8140732,forall_exists,0.0001,50,false,7,20,
1029,8148651,forall_exists,0.0001,50,false,7,20,
1030,8156570,forall_exists,0.0001,50,false,7,20,
1031,8164489,forall_exists,0.0001,50,false,7,18,
1032,8172408,forall_exists,0.0001,50,false,7,21,
1033,8180327,forall_exists,0.0001,50,false,7,19,
1034,8188246,forall_exists,0.0001,50,false,7,19,
1035,8196165,forall_exists,0.0001,50,false,7,19,
1036,8204084,forall_exists,0.0001,50,false,7,20,
1037,8212003,forall_exists,0.0001,50,false,7,19,
1038,8219922,forall_exists,0.0001,50,false,7,20,
1039,8227841,forall_exists,0.0001,50,false,7,20,
1040,8235760,forall_exists,0.0001,50,false,7,20,
1041,8243679,forall_exists,0.0001,50,false,7,20,
1042,8251598,forall_exists,0.0001,50,false,7,17,
1043,8259517,forall_exists,0.0001,50,false,7,17,
1044,8267436,forall_exists,0.0001,50,false,7,18,
1045,8275355,forall_exists,0.0001,50,false,7,17,
1046,8283274,forall_exists,0.0001,50,false,7,17,
1047,8291193,forall_exists,0.0001,50,false,7,19,
1048,8299112,forall_exists,0.0001,50,false,7,17,
1049,8307031,forall_exists,0.0001,50,false,7,21,
1050,8314950,forall_exists,0.0001,100,false,10,28,
1051,8322869,forall_exists,0.0001,100,false,10,19,
1052,8330788,forall_exists,0.0001,100,false,10,22,
1053,8338707,forall_exists,0.0001,100,false,10,22,
1054,8346626,forall_exists,0.0001,100,false,10,23,
1055,8354545,forall_exists,0.0001,100,false,10,22,
1056,8362464,forall_exists,0.0001,100,false,10,23,
1057,8370383,forall_exists,0.0001,100,false,10,22,
1058,8378302,forall_exists,0.0001,100,false,10,22,
1059,8386221,forall_exists,0.0001,100,false,10,22,
1060,8394140,forall_exists,0.0001,100,false,10,22,
1061,8402059,forall_exists,0.0001,100,false,10,22,
1062,8409978,forall_exists,0.0001,100,false,10,22,
1063,8417897,forall_exists,0.0001,100,false,10,22,
1064,8425816,forall_exists,0.0001,100,false,10,22,
1065,8433735,forall_exists,0.0001,100,false,10,23,
1066,8441654,forall_exists,0.0001,100,false,10,29,
1067,8449573,forall_exists,0.0001,100,false,10,124,
1068,8457492,forall_exists,0.0001,100,false,10,25,
1069,8465411,forall_exists,0.0001,100,false,10,20,
1070,8473330,forall_exists,0.0001,100,false,10,26,
1071,8481249,forall_exists,0.0001,100,false,10,21,
1072,8489168,forall_exists,0.0001,100,false,10,21,
1073,8497087,forall_exists,0.0001,100,false,10,20,
1074,8505006,forall_exists,0.0001,100,false,10,32,
1075,8512925,forall_exists,0.0001,100,false,10,56,
1076,8520844,forall_exists,0.0001,100,false,10,23,
1077,8528763,forall_exists,0.0001,100,false,10,62,
1078,8536682,forall_exists,0.0001,100,false,10,29,
1079,8544601,forall_exists,0.0001,100,false,10,22,
1080,8552520,forall_exists,0.0001,100,false,10,20,
1081,8560439,forall_exists,0.0001,100,false,10,21,
1082,8568358,forall_exists,0.0001,100,false,10,20,
1083,8576277,forall_exists,0.0001,100,false,10,19,
1084,8584196,forall_exists,0.0001,100,false,10,19,
1085,8592115,forall_exists,0.0001,100,false,10,19,
1086,8600034,forall_exists,0.0001,100,false,10,19,
1087,8607953,forall_exists,0.0001,100,false,10,20,
1088,8615872,forall_exists,0.0001,100,false,10,20,
1089,8623791,forall_exists,0.0001,100,false,10,20,
1090,8631710,forall_exists,0.0001,100,false,10,21,
1091,8639629,forall_exists,0.0001,100,false,10,21,
1092,8647548,forall_exists,0.0001,100,false,10,20,
1093,8655467,forall_exists,0.0001,100,false,10,20,
1094,8663386,forall_exists,0.0001,100,false,10,20,
1095,8671305,forall_exists,0.0001,100,false,10,28,
1096,8679224,forall_exists,0.0001,100,false,10,21,
1097,8687143,forall_exists,0.0001,100,false,10,20,
1098,8695062,forall_exists,0.0001,100,false,10,21,
1099,8702981,forall_exists,0.0001,100,false,10,26,
1100,8710900,forall_exists,0.0001,200,false,14,24,
1101,8718819,forall_exists,0.0001,200,false,14,24,
1102,8726738,forall_exists,0.0001,200,false,14,36,
1103,8734657,forall_exists,0.0001,200,false,14,30,
1104,8742576,forall_exists,0.0001,200,false,14,32,
1105,8750495,forall_exists,0.0001,200,false,14,22,
1106,8758414,forall_exists,0.0001,200,false,14,23,
1107,8766333,forall_exists,0.0001,200,false,14,22,
1108,8774252,forall_exists,0.0001,200,false,14,22,
1109,8782171,forall_exists,0.0001,200,false,14,22,
1110,8790090,forall_exists,0.0001,200,false,14,22,
1111,8798009,forall_exists,0.0001,200,false,14,22,
1112,8805928,forall_exists,0.0001,200,false,14,22,
1113,8813847,forall_exists,0.0001,200,false,14,22,
1114,8821766,forall_exists,0.0001,200,false,14,22,
1115,8829685,forall_exists,0.0001,200,false,14,22,
1116,8837604,forall_exists,0.0001,200,false,14,22,
1117,8845523,forall_exists,0.0001,200,false,14,22,
1118,8853442,forall_exists,0.0001,200,false,14,24,
1119,8861361,forall_exists,0.0001,200,false,14,28,
1120,8869280,forall_exists,0.0001,200,false,14,27,
1121,8877199,forall_exists,0.0001,200,false,14,32,
1122,8885118,forall_exists,0.0001,200,false,14,33,
1123,8893037,forall_exists,0.0001,200,false,14,31,
1124,8900956,forall_exists,0.0001,200,false,14,23,
1125,8908875,forall_exists,0.0001,200,false,14,22,
1126,8916794,forall_exists,0.0001,200,false,14,22,
1127,8924713,forall_exists,0.0001,200,false,14,22,
1128,8932632,forall_exists,0.0001,200,false,14,22,
1129,8940551,forall_exists,0.0001,200,false,14,22,
1130,8948470,forall_exists,0.0001,200,false,14,24,
1131,8956389,forall_exists,0.0001,200,false,14,23,
1132,8964308,forall_exists,0.0001,200,false,14,22,
1133,8972227,forall_exists,0.0001,200,false,14,22,
1134,8980146,forall_exists,0.0001,200,false,14,22,
1135,8988065,forall_exists,0.0001,200,false,14,22,
1136,8995984,forall_exists,0.0001,200,false,14,22,
1137,9003903,forall_exists,0.0001,200,false,14,22,
1138,9011822,forall_exists,0.0001,200,false,14,22,
1139,9019741,forall_exists,0.0001,200,false,14,22,
1140,9027660,forall_exists,0.0001,200,false,14,22,
1141,9035579,forall_exists,0.0001,200,false,14,22,
1142,9043498,forall_exists,0.0001,200,false,14,30,
1143,9051417,forall_exists,0.0001,200,false,14,22,
1144,9059336,forall_exists,0.0001,200,false,14,21,
1145,9067255,forall_exists,0.0001,200,false,14,156,
1146,9075174,forall_exists,0.0001,200,false,14,22,
1147,9083093,forall_exists,0.0001,200,false,14,21,
1148,9091012,forall_exists,0.0001,200,false,14,21,
1149,9098931,forall_exists,0.0001,200,false,14,21,
1150,9106850,forall_exists,0.0001,500,false,22,27,
1151,9114769,forall_exists,0.0001,500,false,22,29,
1152,9122688,forall_exists,0.0001,500,false,22,30,
1153,9130607,forall_exists,0.0001,500,false,22,27,
1154,9138526,forall_exists,0.0001,500,false,22,29,
1155,9146445,forall_exists,0.0001,500,false,22,27,
1156,9154364,forall_exists,0.0001,500,false,22,27,
1157,9162283,forall_exists,0.0001,500,false,22,27,
1158,9170202,forall_exists,0.0001,500,false,22,29,
1159,9178121,forall_exists,0.0001,500,false,22,28,
1160,9186040,forall_exists,0.0001,500,false,22,27,
1161,9193959,forall_exists,0.0001,500,false,22,31,
1162,9201878,forall_exists,0.0001,500,false,22,27,
1163,9209797,forall_exists,0.0001,500,false,22,27,
1164,9217716,forall_exists,0.0001,500,false,22,27,
1165,9225635,forall_exists,0.0001,500,false,22,28,
1166,9233554,forall_exists,0.0001,500,false,22,27,
1167,9241473,forall_exists,0.0001,500,false,22,30,
1168,9249392,forall_exists,0.0001,500,false,22,27,
1169,9257311,forall_exists,0.0001,500,false,22,28,
1170,9265230,forall_exists,0.0001,500,false,22,27,
1171,9273149,forall_exists,0.0001,500,false,22,29,
1172,9281068,forall_exists,0.0001,500,false,22,27,
1173,9288987,forall_exists,0.0001,500,false,22,27,
1174,9296906,forall_exists,0.0001,500,false,22,31,
1175,9304825,forall_exists,0.0001,500,false,22,27,
1176,9312744,forall_exists,0.0001,500,false,22,26,
1177,9320663,forall_exists,0.0001,500,false,22,27,
1178,9328582,forall_exists,0.0001,500,false,22,28,
1179,9336501,forall_exists,0.0001,500,false,22,28,
1180,9344420,forall_exists,0.0001,500,false,22,27,
1181,9352339,forall_exists,0.0001,500,false,22,29,
1182,9360258,forall_exists,0.0001,500,false,22,29,
1183,9368177,forall_exists,0.0001,500,false,22,27,
1184,9376096,forall_exists,0.0001,500,false,22,31,
1185,9384015,forall_exists,0.0001,500,false,22,30,
1186,9391934,forall_exists,0.0001,500,false,22,27,
1187,9399853,forall_exists,0.0001,500,false,22,27,
1188,9407772,forall_exists,0.0001,500,false,22,31,
1189,9415691,forall_exists,0.0001,500,false,22,33,
1190,9423610,forall_exists,0.0001,500,false,22,27,
1191,9431529,forall_exists,0.0001,500,false,22,31,
1192,9439448,forall_exists,0.0001,500,false,22,30,
1193,9447367,forall_exists,0.0001,500,false,22,31,
1194,9455286,forall_exists,0.0001,500,false,22,42,
1195,9463205,forall_exists,0.0001,500,false,22,27,
1196,9471124,forall_exists,0.0001,500,false,22,41,
1197,9479043,forall_exists,0.0001,500,false,22,27,
1198,9486962,forall_exists,0.0001,500,false,22,35,
1199,9494881,forall_exists,0.0001,500,false,22,38,
