trial_id,seed,chain_depth,filter_pass_rate,composite_pass_rate,estimated_size,actual_distinct_values,credible_interval_lower,credible_interval_upper,true_value_in_ci,relative_error,elapsed_micros
0,0,1,0.50,0.5000,1000,10000,1000,1000,false,-0.900000,16239
1,7919,1,0.50,0.5000,1000,10000,1000,1000,false,-0.900000,11351
2,15838,1,0.50,0.5000,1000,10000,1000,1000,false,-0.900000,11779
3,23757,1,0.50,0.5000,1000,10000,1000,1000,false,-0.900000,10134
4,31676,1,0.50,0.5000,1000,10000,1000,1000,false,-0.900000,10531
5,39595,1,0.50,0.5000,1000,10000,1000,1000,false,-0.900000,11787
6,47514,1,0.50,0.5000,1000,10000,1000,1000,false,-0.900000,10161
7,55433,1,0.50,0.5000,1000,10000,1000,1000,false,-0.900000,10790
8,63352,1,0.50,0.5000,1000,10000,1000,1000,false,-0.900000,9605
9,71271,1,0.50,0.5000,1000,10000,1000,1000,false,-0.900000,9520
10,79190,1,0.50,0.5000,1000,10000,1000,1000,false,-0.900000,9425
11,87109,1,0.50,0.5000,1000,10000,1000,1000,false,-0.900000,9593
12,95028,1,0.50,0.5000,1000,10000,1000,1000,false,-0.900000,9338
13,102947,1,0.50,0.5000,1000,10000,1000,1000,false,-0.900000,9269
14,110866,1,0.50,0.5000,1000,10000,1000,1000,false,-0.900000,9462
15,118785,1,0.50,0.5000,1000,10000,1000,1000,false,-0.900000,9577
16,126704,1,0.50,0.5000,1000,10000,1000,1000,false,-0.900000,9778
17,134623,1,0.50,0.5000,1000,10000,1000,1000,false,-0.900000,9814
18,142542,1,0.50,0.5000,1000,10000,1000,1000,false,-0.900000,10148
19,150461,1,0.50,0.5000,1000,10000,1000,1000,false,-0.900000,9665
20,158380,1,0.50,0.5000,1000,10000,1000,1000,false,-0.900000,9711
21,166299,1,0.50,0.5000,1000,10000,1000,1000,false,-0.900000,9697
22,174218,1,0.50,0.5000,1000,10000,1000,1000,false,-0.900000,10206
23,182137,1,0.50,0.5000,1000,10000,1000,1000,false,-0.900000,10089
24,190056,1,0.50,0.5000,1000,10000,1000,1000,false,-0.900000,9789
25,197975,1,0.50,0.5000,1000,10000,1000,1000,false,-0.900000,9846
26,205894,1,0.50,0.5000,1000,10000,1000,1000,false,-0.900000,9527
27,213813,1,0.50,0.5000,1000,10000,1000,1000,false,-0.900000,9918
28,221732,1,0.50,0.5000,1000,10000,1000,1000,false,-0.900000,10182
29,229651,1,0.50,0.5000,1000,10000,1000,1000,false,-0.900000,10047
30,237570,1,0.50,0.5000,1000,10000,1000,1000,false,-0.900000,9616
31,245489,1,0.50,0.5000,1000,10000,1000,1000,false,-0.900000,9921
32,253408,1,0.50,0.5000,1000,10000,1000,1000,false,-0.900000,9753
33,261327,1,0.50,0.5000,1000,10000,1000,1000,false,-0.900000,11618
34,269246,1,0.50,0.5000,1000,10000,1000,1000,false,-0.900000,10379
35,277165,1,0.50,0.5000,1000,10000,1000,1000,false,-0.900000,12413
36,285084,1,0.50,0.5000,1000,10000,1000,1000,false,-0.900000,9571
37,293003,1,0.50,0.5000,1000,10000,1000,1000,false,-0.900000,10291
38,300922,1,0.50,0.5000,1000,10000,1000,1000,false,-0.900000,9760
39,308841,1,0.50,0.5000,1000,10000,1000,1000,false,-0.900000,10100
40,316760,1,0.50,0.5000,1000,10000,1000,1000,false,-0.900000,9580
41,324679,1,0.50,0.5000,1000,10000,1000,1000,false,-0.900000,10142
42,332598,1,0.50,0.5000,1000,10000,1000,1000,false,-0.900000,9187
43,340517,1,0.50,0.5000,1000,10000,1000,1000,false,-0.900000,10132
44,348436,1,0.50,0.5000,1000,10000,1000,1000,false,-0.900000,9563
45,356355,1,0.50,0.5000,1000,10000,1000,1000,false,-0.900000,10152
46,364274,1,0.50,0.5000,1000,10000,1000,1000,false,-0.900000,9399
47,372193,1,0.50,0.5000,1000,10000,1000,1000,false,-0.900000,9637
48,380112,1,0.50,0.5000,1000,10000,1000,1000,false,-0.900000,9543
49,388031,1,0.50,0.5000,1000,10000,1000,1000,false,-0.900000,9619
50,395950,1,0.70,0.7000,1000,10000,1000,1000,false,-0.900000,449
51,403869,1,0.70,0.7000,1000,10000,1000,1000,false,-0.900000,435
52,411788,1,0.70,0.7000,1000,10000,1000,1000,false,-0.900000,476
53,419707,1,0.70,0.7000,1000,10000,1000,1000,false,-0.900000,443
54,427626,1,0.70,0.7000,1000,10000,1000,1000,false,-0.900000,428
55,435545,1,0.70,0.7000,1000,10000,1000,1000,false,-0.900000,430
56,443464,1,0.70,0.7000,1000,10000,1000,1000,false,-0.900000,431
57,451383,1,0.70,0.7000,1000,10000,1000,1000,false,-0.900000,451
58,459302,1,0.70,0.7000,1000,10000,1000,1000,false,-0.900000,430
59,467221,1,0.70,0.7000,1000,10000,1000,1000,false,-0.900000,627
60,475140,1,0.70,0.7000,1000,10000,1000,1000,false,-0.900000,495
61,483059,1,0.70,0.7000,1000,10000,1000,1000,false,-0.900000,443
62,490978,1,0.70,0.7000,1000,10000,1000,1000,false,-0.900000,459
63,498897,1,0.70,0.7000,1000,10000,1000,1000,false,-0.900000,436
64,506816,1,0.70,0.7000,1000,10000,1000,1000,false,-0.900000,883
65,514735,1,0.70,0.7000,1000,10000,1000,1000,false,-0.900000,429
66,522654,1,0.70,0.7000,1000,10000,1000,1000,false,-0.900000,445
67,530573,1,0.70,0.7000,1000,10000,1000,1000,false,-0.900000,433
68,538492,1,0.70,0.7000,1000,10000,1000,1000,false,-0.900000,424
69,546411,1,0.70,0.7000,1000,10000,1000,1000,false,-0.900000,429
70,554330,1,0.70,0.7000,1000,10000,1000,1000,false,-0.900000,433
71,562249,1,0.70,0.7000,1000,10000,1000,1000,false,-0.900000,439
72,570168,1,0.70,0.7000,1000,10000,1000,1000,false,-0.900000,425
73,578087,1,0.70,0.7000,1000,10000,1000,1000,false,-0.900000,437
74,586006,1,0.70,0.7000,1000,10000,1000,1000,false,-0.900000,431
75,593925,1,0.70,0.7000,1000,10000,1000,1000,false,-0.900000,437
76,601844,1,0.70,0.7000,1000,10000,1000,1000,false,-0.900000,432
77,609763,1,0.70,0.7000,1000,10000,1000,1000,false,-0.900000,431
78,617682,1,0.70,0.7000,1000,10000,1000,1000,false,-0.900000,457
79,625601,1,0.70,0.7000,1000,10000,1000,1000,false,-0.900000,460
80,633520,1,0.70,0.7000,1000,10000,1000,1000,false,-0.900000,583
81,641439,1,0.70,0.7000,1000,10000,1000,1000,false,-0.900000,576
82,649358,1,0.70,0.7000,1000,10000,1000,1000,false,-0.900000,442
83,657277,1,0.70,0.7000,1000,10000,1000,1000,false,-0.900000,448
84,665196,1,0.70,0.7000,1000,10000,1000,1000,false,-0.900000,445
85,673115,1,0.70,0.7000,1000,10000,1000,1000,false,-0.900000,630
86,681034,1,0.70,0.7000,1000,10000,1000,1000,false,-0.900000,2664
87,688953,1,0.70,0.7000,1000,10000,1000,1000,false,-0.900000,440
88,696872,1,0.70,0.7000,1000,10000,1000,1000,false,-0.900000,428
89,704791,1,0.70,0.7000,1000,10000,1000,1000,false,-0.900000,432
90,712710,1,0.70,0.7000,1000,10000,1000,1000,false,-0.900000,442
91,720629,1,0.70,0.7000,1000,10000,1000,1000,false,-0.900000,442
92,728548,1,0.70,0.7000,1000,10000,1000,1000,false,-0.900000,439
93,736467,1,0.70,0.7000,1000,10000,1000,1000,false,-0.900000,439
94,744386,1,0.70,0.7000,1000,10000,1000,1000,false,-0.900000,445
95,752305,1,0.70,0.7000,1000,10000,1000,1000,false,-0.900000,429
96,760224,1,0.70,0.7000,1000,10000,1000,1000,false,-0.900000,444
97,768143,1,0.70,0.7000,1000,10000,1000,1000,false,-0.900000,450
98,776062,1,0.70,0.7000,1000,10000,1000,1000,false,-0.900000,446
99,783981,1,0.70,0.7000,1000,10000,1000,1000,false,-0.900000,441
100,791900,1,0.90,0.9000,1000,10000,1000,1000,false,-0.900000,480
101,799819,1,0.90,0.9000,1000,10000,1000,1000,false,-0.900000,486
102,807738,1,0.90,0.9000,1000,10000,1000,1000,false,-0.900000,448
103,815657,1,0.90,0.9000,1000,10000,1000,1000,false,-0.900000,436
104,823576,1,0.90,0.9000,1000,10000,1000,1000,false,-0.900000,469
105,831495,1,0.90,0.9000,1000,10000,1000,1000,false,-0.900000,430
106,839414,1,0.90,0.9000,1000,10000,1000,1000,false,-0.900000,446
107,847333,1,0.90,0.9000,1000,10000,1000,1000,false,-0.900000,458
108,855252,1,0.90,0.9000,1000,10000,1000,1000,false,-0.900000,1061
109,863171,1,0.90,0.9000,1000,10000,1000,1000,false,-0.900000,470
110,871090,1,0.90,0.9000,1000,10000,1000,1000,false,-0.900000,542
111,879009,1,0.90,0.9000,1000,10000,1000,1000,false,-0.900000,469
112,886928,1,0.90,0.9000,1000,10000,1000,1000,false,-0.900000,432
113,894847,1,0.90,0.9000,1000,10000,1000,1000,false,-0.900000,436
114,902766,1,0.90,0.9000,1000,10000,1000,1000,false,-0.900000,427
115,910685,1,0.90,0.9000,1000,10000,1000,1000,false,-0.900000,434
116,918604,1,0.90,0.9000,1000,10000,1000,1000,false,-0.900000,423
117,926523,1,0.90,0.9000,1000,10000,1000,1000,false,-0.900000,430
118,934442,1,0.90,0.9000,1000,10000,1000,1000,false,-0.900000,438
119,942361,1,0.90,0.9000,1000,10000,1000,1000,false,-0.900000,425
120,950280,1,0.90,0.9000,1000,10000,1000,1000,false,-0.900000,439
121,958199,1,0.90,0.9000,1000,10000,1000,1000,false,-0.900000,424
122,966118,1,0.90,0.9000,1000,10000,1000,1000,false,-0.900000,438
123,974037,1,0.90,0.9000,1000,10000,1000,1000,false,-0.900000,440
124,981956,1,0.90,0.9000,1000,10000,1000,1000,false,-0.900000,423
125,989875,1,0.90,0.9000,1000,10000,1000,1000,false,-0.900000,455
126,997794,1,0.90,0.9000,1000,10000,1000,1000,false,-0.900000,461
127,1005713,1,0.90,0.9000,1000,10000,1000,1000,false,-0.900000,450
128,1013632,1,0.90,0.9000,1000,10000,1000,1000,false,-0.900000,448
129,1021551,1,0.90,0.9000,1000,10000,1000,1000,false,-0.900000,547
130,1029470,1,0.90,0.9000,1000,10000,1000,1000,false,-0.900000,968
131,1037389,1,0.90,0.9000,1000,10000,1000,1000,false,-0.900000,436
132,1045308,1,0.90,0.9000,1000,10000,1000,1000,false,-0.900000,424
133,1053227,1,0.90,0.9000,1000,10000,1000,1000,false,-0.900000,430
134,1061146,1,0.90,0.9000,1000,10000,1000,1000,false,-0.900000,427
135,1069065,1,0.90,0.9000,1000,10000,1000,1000,false,-0.900000,435
136,1076984,1,0.90,0.9000,1000,10000,1000,1000,false,-0.900000,432
137,1084903,1,0.90,0.9000,1000,10000,1000,1000,false,-0.900000,443
138,1092822,1,0.90,0.9000,1000,10000,1000,1000,false,-0.900000,426
139,1100741,1,0.90,0.9000,1000,10000,1000,1000,false,-0.900000,463
140,1108660,1,0.90,0.9000,1000,10000,1000,1000,false,-0.900000,421
141,1116579,1,0.90,0.9000,1000,10000,1000,1000,false,-0.900000,420
142,1124498,1,0.90,0.9000,1000,10000,1000,1000,false,-0.900000,451
143,1132417,1,0.90,0.9000,1000,10000,1000,1000,false,-0.900000,445
144,1140336,1,0.90,0.9000,1000,10000,1000,1000,false,-0.900000,449
145,1148255,1,0.90,0.9000,1000,10000,1000,1000,false,-0.900000,467
146,1156174,1,0.90,0.9000,1000,10000,1000,1000,false,-0.900000,458
147,1164093,1,0.90,0.9000,1000,10000,1000,1000,false,-0.900000,442
148,1172012,1,0.90,0.9000,1000,10000,1000,1000,false,-0.900000,446
149,1179931,1,0.90,0.9000,1000,10000,1000,1000,false,-0.900000,434
150,1187850,2,0.50,0.2500,1000,1,1000,1000,false,999.000000,15038
151,1195769,2,0.50,0.2500,1000,1,1000,1000,false,999.000000,14173
152,1203688,2,0.50,0.2500,1000,1,1000,1000,false,999.000000,14221
153,1211607,2,0.50,0.2500,1000,1,1000,1000,false,999.000000,13992
154,1219526,2,0.50,0.2500,1000,1,1000,1000,false,999.000000,14408
155,1227445,2,0.50,0.2500,1000,1,1000,1000,false,999.000000,14438
156,1235364,2,0.50,0.2500,1000,1,1000,1000,false,999.000000,14162
157,1243283,2,0.50,0.2500,1000,1,1000,1000,false,999.000000,14390
158,1251202,2,0.50,0.2500,1000,1,1000,1000,false,999.000000,13947
159,1259121,2,0.50,0.2500,1000,1,1000,1000,false,999.000000,14228
160,1267040,2,0.50,0.2500,1000,1,1000,1000,false,999.000000,14081
161,1274959,2,0.50,0.2500,1000,1,1000,1000,false,999.000000,13692
162,1282878,2,0.50,0.2500,1000,1,1000,1000,false,999.000000,13850
163,1290797,2,0.50,0.2500,1000,1,1000,1000,false,999.000000,13864
164,1298716,2,0.50,0.2500,1000,1,1000,1000,false,999.000000,13919
165,1306635,2,0.50,0.2500,1000,1,1000,1000,false,999.000000,13949
166,1314554,2,0.50,0.2500,1000,1,1000,1000,false,999.000000,13820
167,1322473,2,0.50,0.2500,1000,1,1000,1000,false,999.000000,13862
168,1330392,2,0.50,0.2500,1000,1,1000,1000,false,999.000000,13850
169,1338311,2,0.50,0.2500,1000,1,1000,1000,false,999.000000,13852
170,1346230,2,0.50,0.2500,1000,1,1000,1000,false,999.000000,13902
171,1354149,2,0.50,0.2500,1000,1,1000,1000,false,999.000000,14171
172,1362068,2,0.50,0.2500,1000,1,1000,1000,false,999.000000,14500
173,1369987,2,0.50,0.2500,1000,1,1000,1000,false,999.000000,13987
174,1377906,2,0.50,0.2500,1000,1,1000,1000,false,999.000000,13999
175,1385825,2,0.50,0.2500,1000,1,1000,1000,false,999.000000,13939
176,1393744,2,0.50,0.2500,1000,1,1000,1000,false,999.000000,13871
177,1401663,2,0.50,0.2500,1000,1,1000,1000,false,999.000000,13934
178,1409582,2,0.50,0.2500,1000,1,1000,1000,false,999.000000,13914
179,1417501,2,0.50,0.2500,1000,1,1000,1000,false,999.000000,13650
180,1425420,2,0.50,0.2500,1000,1,1000,1000,false,999.000000,13682
181,1433339,2,0.50,0.2500,1000,1,1000,1000,false,999.000000,13893
182,1441258,2,0.50,0.2500,1000,1,1000,1000,false,999.000000,13937
183,1449177,2,0.50,0.2500,1000,1,1000,1000,false,999.000000,13937
184,1457096,2,0.50,0.2500,1000,1,1000,1000,false,999.000000,13870
185,1465015,2,0.50,0.2500,1000,1,1000,1000,false,999.000000,14117
186,1472934,2,0.50,0.2500,1000,1,1000,1000,false,999.000000,14551
187,1480853,2,0.50,0.2500,1000,1,1000,1000,false,999.000000,14006
188,1488772,2,0.50,0.2500,1000,1,1000,1000,false,999.000000,14094
189,1496691,2,0.50,0.2500,1000,1,1000,1000,false,999.000000,16865
190,1504610,2,0.50,0.2500,1000,1,1000,1000,false,999.000000,59440
191,1512529,2,0.50,0.2500,1000,1,1000,1000,false,999.000000,23158
192,1520448,2,0.50,0.2500,1000,1,1000,1000,false,999.000000,13849
193,1528367,2,0.50,0.2500,1000,1,1000,1000,false,999.000000,14044
194,1536286,2,0.50,0.2500,1000,1,1000,1000,false,999.000000,13760
195,1544205,2,0.50,0.2500,1000,1,1000,1000,false,999.000000,13735
196,1552124,2,0.50,0.2500,1000,1,1000,1000,false,999.000000,13865
197,1560043,2,0.50,0.2500,1000,1,1000,1000,false,999.000000,13845
198,1567962,2,0.50,0.2500,1000,1,1000,1000,false,999.000000,14063
199,1575881,2,0.50,0.2500,1000,1,1000,1000,false,999.000000,13784
200,1583800,2,0.70,0.4900,1000,10000,1000,1000,false,-0.900000,639
201,1591719,2,0.70,0.4900,1000,10000,1000,1000,false,-0.900000,592
202,1599638,2,0.70,0.4900,1000,10000,1000,1000,false,-0.900000,600
203,1607557,2,0.70,0.4900,1000,10000,1000,1000,false,-0.900000,612
204,1615476,2,0.70,0.4900,1000,10000,1000,1000,false,-0.900000,598
205,1623395,2,0.70,0.4900,1000,10000,1000,1000,false,-0.900000,606
206,1631314,2,0.70,0.4900,1000,10000,1000,1000,false,-0.900000,1087
207,1639233,2,0.70,0.4900,1000,10000,1000,1000,false,-0.900000,621
208,1647152,2,0.70,0.4900,1000,10000,1000,1000,false,-0.900000,587
209,1655071,2,0.70,0.4900,1000,10000,1000,1000,false,-0.900000,585
210,1662990,2,0.70,0.4900,1000,10000,1000,1000,false,-0.900000,600
211,1670909,2,0.70,0.4900,1000,10000,1000,1000,false,-0.900000,590
212,1678828,2,0.70,0.4900,1000,10000,1000,1000,false,-0.900000,601
213,1686747,2,0.70,0.4900,1000,10000,1000,1000,false,-0.900000,602
214,1694666,2,0.70,0.4900,1000,10000,1000,1000,false,-0.900000,625
215,1702585,2,0.70,0.4900,1000,10000,1000,1000,false,-0.900000,607
216,1710504,2,0.70,0.4900,1000,10000,1000,1000,false,-0.900000,606
217,1718423,2,0.70,0.4900,1000,10000,1000,1000,false,-0.900000,598
218,1726342,2,0.70,0.4900,1000,10000,1000,1000,false,-0.900000,573
219,1734261,2,0.70,0.4900,1000,10000,1000,1000,false,-0.900000,613
220,1742180,2,0.70,0.4900,1000,10000,1000,1000,false,-0.900000,590
221,1750099,2,0.70,0.4900,1000,10000,1000,1000,false,-0.900000,606
222,1758018,2,0.70,0.4900,1000,10000,1000,1000,false,-0.900000,724
223,1765937,2,0.70,0.4900,1000,10000,1000,1000,false,-0.900000,614
224,1773856,2,0.70,0.4900,1000,10000,1000,1000,false,-0.900000,605
225,1781775,2,0.70,0.4900,1000,10000,1000,1000,false,-0.900000,647
226,1789694,2,0.70,0.4900,1000,10000,1000,1000,false,-0.900000,673
227,1797613,2,0.70,0.4900,1000,10000,1000,1000,false,-0.900000,675
228,1805532,2,0.70,0.4900,1000,10000,1000,1000,false,-0.900000,1367
229,1813451,2,0.70,0.4900,1000,10000,1000,1000,false,-0.900000,608
230,1821370,2,0.70,0.4900,1000,10000,1000,1000,false,-0.900000,636
231,1829289,2,0.70,0.4900,1000,10000,1000,1000,false,-0.900000,635
232,1837208,2,0.70,0.4900,1000,10000,1000,1000,false,-0.900000,605
233,1845127,2,0.70,0.4900,1000,10000,1000,1000,false,-0.900000,607
234,1853046,2,0.70,0.4900,1000,10000,1000,1000,false,-0.900000,600
235,1860965,2,0.70,0.4900,1000,10000,1000,1000,false,-0.900000,603
236,1868884,2,0.70,0.4900,1000,10000,1000,1000,false,-0.900000,589
237,1876803,2,0.70,0.4900,1000,10000,1000,1000,false,-0.900000,576
238,1884722,2,0.70,0.4900,1000,10000,1000,1000,false,-0.900000,577
239,1892641,2,0.70,0.4900,1000,10000,1000,1000,false,-0.900000,613
240,1900560,2,0.70,0.4900,1000,10000,1000,1000,false,-0.900000,632
241,1908479,2,0.70,0.4900,1000,10000,1000,1000,false,-0.900000,681
242,1916398,2,0.70,0.4900,1000,10000,1000,1000,false,-0.900000,579
243,1924317,2,0.70,0.4900,1000,10000,1000,1000,false,-0.900000,595
244,1932236,2,0.70,0.4900,1000,10000,1000,1000,false,-0.900000,617
245,1940155,2,0.70,0.4900,1000,10000,1000,1000,false,-0.900000,593
246,1948074,2,0.70,0.4900,1000,10000,1000,1000,false,-0.900000,588
247,1955993,2,0.70,0.4900,1000,10000,1000,1000,false,-0.900000,611
248,1963912,2,0.70,0.4900,1000,10000,1000,1000,false,-0.900000,604
249,1971831,2,0.70,0.4900,1000,10000,1000,1000,false,-0.900000,992
250,1979750,2,0.90,0.8100,1000,10000,1000,1000,false,-0.900000,586
251,1987669,2,0.90,0.8100,1000,10000,1000,1000,false,-0.900000,600
252,1995588,2,0.90,0.8100,1000,10000,1000,1000,false,-0.900000,577
253,2003507,2,0.90,0.8100,1000,10000,1000,1000,false,-0.900000,588
254,2011426,2,0.90,0.8100,1000,10000,1000,1000,false,-0.900000,600
255,2019345,2,0.90,0.8100,1000,10000,1000,1000,false,-0.900000,576
256,2027264,2,0.90,0.8100,1000,10000,1000,1000,false,-0.900000,616
257,2035183,2,0.90,0.8100,1000,10000,1000,1000,false,-0.900000,717
258,2043102,2,0.90,0.8100,1000,10000,1000,1000,false,-0.900000,620
259,2051021,2,0.90,0.8100,1000,10000,1000,1000,false,-0.900000,635
260,2058940,2,0.90,0.8100,1000,10000,1000,1000,false,-0.900000,613
261,2066859,2,0.90,0.8100,1000,10000,1000,1000,false,-0.900000,581
262,2074778,2,0.90,0.8100,1000,10000,1000,1000,false,-0.900000,597
263,2082697,2,0.90,0.8100,1000,10000,1000,1000,false,-0.900000,616
264,2090616,2,0.90,0.8100,1000,10000,1000,1000,false,-0.900000,621
265,2098535,2,0.90,0.8100,1000,10000,1000,1000,false,-0.900000,622
266,2106454,2,0.90,0.8100,1000,10000,1000,1000,false,-0.900000,573
267,2114373,2,0.90,0.8100,1000,10000,1000,1000,false,-0.900000,594
268,2122292,2,0.90,0.8100,1000,10000,1000,1000,false,-0.900000,593
269,2130211,2,0.90,0.8100,1000,10000,1000,1000,false,-0.900000,620
270,2138130,2,0.90,0.8100,1000,10000,1000,1000,false,-0.900000,620
271,2146049,2,0.90,0.8100,1000,10000,1000,1000,false,-0.900000,1299
272,2153968,2,0.90,0.8100,1000,10000,1000,1000,false,-0.900000,673
273,2161887,2,0.90,0.8100,1000,10000,1000,1000,false,-0.900000,655
274,2169806,2,0.90,0.8100,1000,10000,1000,1000,false,-0.900000,591
275,2177725,2,0.90,0.8100,1000,10000,1000,1000,false,-0.900000,649
276,2185644,2,0.90,0.8100,1000,10000,1000,1000,false,-0.900000,614
277,2193563,2,0.90,0.8100,1000,10000,1000,1000,false,-0.900000,602
278,2201482,2,0.90,0.8100,1000,10000,1000,1000,false,-0.900000,583
279,2209401,2,0.90,0.8100,1000,10000,1000,1000,false,-0.900000,585
280,2217320,2,0.90,0.8100,1000,10000,1000,1000,false,-0.900000,657
281,2225239,2,0.90,0.8100,1000,10000,1000,1000,false,-0.900000,584
282,2233158,2,0.90,0.8100,1000,10000,1000,1000,false,-0.900000,647
283,2241077,2,0.90,0.8100,1000,10000,1000,1000,false,-0.900000,681
284,2248996,2,0.90,0.8100,1000,10000,1000,1000,false,-0.900000,612
285,2256915,2,0.90,0.8100,1000,10000,1000,1000,false,-0.900000,609
286,2264834,2,0.90,0.8100,1000,10000,1000,1000,false,-0.900000,698
287,2272753,2,0.90,0.8100,1000,10000,1000,1000,false,-0.900000,624
288,2280672,2,0.90,0.8100,1000,10000,1000,1000,false,-0.900000,609
289,2288591,2,0.90,0.8100,1000,10000,1000,1000,false,-0.900000,598
290,2296510,2,0.90,0.8100,1000,10000,1000,1000,false,-0.900000,643
291,2304429,2,0.90,0.8100,1000,10000,1000,1000,false,-0.900000,583
292,2312348,2,0.90,0.8100,1000,10000,1000,1000,false,-0.900000,588
293,2320267,2,0.90,0.8100,1000,10000,1000,1000,false,-0.900000,956
294,2328186,2,0.90,0.8100,1000,10000,1000,1000,false,-0.900000,583
295,2336105,2,0.90,0.8100,1000,10000,1000,1000,false,-0.900000,580
296,2344024,2,0.90,0.8100,1000,10000,1000,1000,false,-0.900000,587
297,2351943,2,0.90,0.8100,1000,10000,1000,1000,false,-0.900000,587
298,2359862,2,0.90,0.8100,1000,10000,1000,1000,false,-0.900000,585
299,2367781,2,0.90,0.8100,1000,10000,1000,1000,false,-0.900000,578
300,2375700,3,0.50,0.1250,1000,1,1000,1000,false,999.000000,14282
301,2383619,3,0.50,0.1250,1000,1,1000,1000,false,999.000000,13665
302,2391538,3,0.50,0.1250,1000,1,1000,1000,false,999.000000,13990
303,2399457,3,0.50,0.1250,1000,1,1000,1000,false,999.000000,14172
304,2407376,3,0.50,0.1250,1000,1,1000,1000,false,999.000000,13981
305,2415295,3,0.50,0.1250,1000,1,1000,1000,false,999.000000,14143
306,2423214,3,0.50,0.1250,1000,1,1000,1000,false,999.000000,13997
307,2431133,3,0.50,0.1250,1000,1,1000,1000,false,999.000000,13902
308,2439052,3,0.50,0.1250,1000,1,1000,1000,false,999.000000,13886
309,2446971,3,0.50,0.1250,1000,1,1000,1000,false,999.000000,13847
310,2454890,3,0.50,0.1250,1000,1,1000,1000,false,999.000000,14001
311,2462809,3,0.50,0.1250,1000,1,1000,1000,false,999.000000,13664
312,2470728,3,0.50,0.1250,1000,1,1000,1000,false,999.000000,13786
313,2478647,3,0.50,0.1250,1000,1,1000,1000,false,999.000000,14604
314,2486566,3,0.50,0.1250,1000,1,1000,1000,false,999.000000,14149
315,2494485,3,0.50,0.1250,1000,1,1000,1000,false,999.000000,14347
316,2502404,3,0.50,0.1250,1000,1,1000,1000,false,999.000000,14340
317,2510323,3,0.50,0.1250,1000,1,1000,1000,false,999.000000,14068
318,2518242,3,0.50,0.1250,1000,1,1000,1000,false,999.000000,14067
319,2526161,3,0.50,0.1250,1000,1,1000,1000,false,999.000000,14017
320,2534080,3,0.50,0.1250,1000,1,1000,1000,false,999.000000,13927
321,2541999,3,0.50,0.1250,1000,1,1000,1000,false,999.000000,13865
322,2549918,3,0.50,0.1250,1000,1,1000,1000,false,999.000000,13962
323,2557837,3,0.50,0.1250,1000,1,1000,1000,false,999.000000,13978
324,2565756,3,0.50,0.1250,1000,1,1000,1000,false,999.000000,13726
325,2573675,3,0.50,0.1250,1000,1,1000,1000,false,999.000000,13735
326,2581594,3,0.50,0.1250,1000,1,1000,1000,false,999.000000,13620
327,2589513,3,0.50,0.1250,1000,1,1000,1000,false,999.000000,13855
328,2597432,3,0.50,0.1250,1000,1,1000,1000,false,999.000000,14031
329,2605351,3,0.50,0.1250,1000,1,1000,1000,false,999.000000,13931
330,2613270,3,0.50,0.1250,1000,1,1000,1000,false,999.000000,14057
331,2621189,3,0.50,0.1250,1000,1,1000,1000,false,999.000000,13762
332,2629108,3,0.50,0.1250,1000,1,1000,1000,false,999.000000,13822
333,2637027,3,0.50,0.1250,1000,1,1000,1000,false,999.000000,13847
334,2644946,3,0.50,0.1250,1000,1,1000,1000,false,999.000000,14207
335,2652865,3,0.50,0.1250,1000,1,1000,1000,false,999.000000,13962
336,2660784,3,0.50,0.1250,1000,1,1000,1000,false,999.000000,13949
337,2668703,3,0.50,0.1250,1000,1,1000,1000,false,999.000000,13680
338,2676622,3,0.50,0.1250,1000,1,1000,1000,false,999.000000,13823
339,2684541,3,0.50,0.1250,1000,1,1000,1000,false,999.000000,13827
340,2692460,3,0.50,0.1250,1000,1,1000,1000,false,999.000000,14124
341,2700379,3,0.50,0.1250,1000,1,1000,1000,false,999.000000,13757
342,2708298,3,0.50,0.1250,1000,1,1000,1000,false,999.000000,13758
343,2716217,3,0.50,0.1250,1000,1,1000,1000,false,999.000000,14239
344,2724136,3,0.50,0.1250,1000,1,1000,1000,false,999.000000,14176
345,2732055,3,0.50,0.1250,1000,1,1000,1000,false,999.000000,14170
346,2739974,3,0.50,0.1250,1000,1,1000,1000,false,999.000000,14118
347,2747893,3,0.50,0.1250,1000,1,1000,1000,false,999.000000,14136
348,2755812,3,0.50,0.1250,1000,1,1000,1000,false,999.000000,14127
349,2763731,3,0.50,0.1250,1000,1,1000,1000,false,999.000000,14166
350,2771650,3,0.70,0.3430,1000,10000,1000,1000,false,-0.900000,658
351,2779569,3,0.70,0.3430,1000,10000,1000,1000,false,-0.900000,622
352,2787488,3,0.70,0.3430,1000,10000,1000,1000,false,-0.900000,617
353,2795407,3,0.70,0.3430,1000,10000,1000,1000,false,-0.900000,615
354,2803326,3,0.70,0.3430,1000,10000,1000,1000,false,-0.900000,607
355,2811245,3,0.70,0.3430,1000,10000,1000,1000,false,-0.900000,673
356,2819164,3,0.70,0.3430,1000,10000,1000,1000,false,-0.900000,706
357,2827083,3,0.70,0.3430,1000,10000,1000,1000,false,-0.900000,615
358,2835002,3,0.70,0.3430,1000,10000,1000,1000,false,-0.900000,634
359,2842921,3,0.70,0.3430,1000,10000,1000,1000,false,-0.900000,608
360,2850840,3,0.70,0.3430,1000,10000,1000,1000,false,-0.900000,633
361,2858759,3,0.70,0.3430,1000,10000,1000,1000,false,-0.900000,619
362,2866678,3,0.70,0.3430,1000,10000,1000,1000,false,-0.900000,614
363,2874597,3,0.70,0.3430,1000,10000,1000,1000,false,-0.900000,619
364,2882516,3,0.70,0.3430,1000,10000,1000,1000,false,-0.900000,617
365,2890435,3,0.70,0.3430,1000,10000,1000,1000,false,-0.900000,633
366,2898354,3,0.70,0.3430,1000,10000,1000,1000,false,-0.900000,617
367,2906273,3,0.70,0.3430,1000,10000,1000,1000,false,-0.900000,649
368,2914192,3,0.70,0.3430,1000,10000,1000,1000,false,-0.900000,614
369,2922111,3,0.70,0.3430,1000,10000,1000,1000,false,-0.900000,960
370,2930030,3,0.70,0.3430,1000,10000,1000,1000,false,-0.900000,676
371,2937949,3,0.70,0.3430,1000,10000,1000,1000,false,-0.900000,756
372,2945868,3,0.70,0.3430,1000,10000,1000,1000,false,-0.900000,710
373,2953787,3,0.70,0.3430,1000,10000,1000,1000,false,-0.900000,677
374,2961706,3,0.70,0.3430,1000,10000,1000,1000,false,-0.900000,605
375,2969625,3,0.70,0.3430,1000,10000,1000,1000,false,-0.900000,596
376,2977544,3,0.70,0.3430,1000,10000,1000,1000,false,-0.900000,609
377,2985463,3,0.70,0.3430,1000,10000,1000,1000,false,-0.900000,618
378,2993382,3,0.70,0.3430,1000,10000,1000,1000,false,-0.900000,599
379,3001301,3,0.70,0.3430,1000,10000,1000,1000,false,-0.900000,610
380,3009220,3,0.70,0.3430,1000,10000,1000,1000,false,-0.900000,604
381,3017139,3,0.70,0.3430,1000,10000,1000,1000,false,-0.900000,606
382,3025058,3,0.70,0.3430,1000,10000,1000,1000,false,-0.900000,616
383,3032977,3,0.70,0.3430,1000,10000,1000,1000,false,-0.900000,642
384,3040896,3,0.70,0.3430,1000,10000,1000,1000,false,-0.900000,652
385,3048815,3,0.70,0.3430,1000,10000,1000,1000,false,-0.900000,631
386,3056734,3,0.70,0.3430,1000,10000,1000,1000,false,-0.900000,743
387,3064653,3,0.70,0.3430,1000,10000,1000,1000,false,-0.900000,659
388,3072572,3,0.70,0.3430,1000,10000,1000,1000,false,-0.900000,612
389,3080491,3,0.70,0.3430,1000,10000,1000,1000,false,-0.900000,617
390,3088410,3,0.70,0.3430,1000,10000,1000,1000,false,-0.900000,716
391,3096329,3,0.70,0.3430,1000,10000,1000,1000,false,-0.900000,1060
392,3104248,3,0.70,0.3430,1000,10000,1000,1000,false,-0.900000,618
393,3112167,3,0.70,0.3430,1000,10000,1000,1000,false,-0.900000,606
394,3120086,3,0.70,0.3430,1000,10000,1000,1000,false,-0.900000,629
395,3128005,3,0.70,0.3430,1000,10000,1000,1000,false,-0.900000,621
396,3135924,3,0.70,0.3430,1000,10000,1000,1000,false,-0.900000,656
397,3143843,3,0.70,0.3430,1000,10000,1000,1000,false,-0.900000,609
398,3151762,3,0.70,0.3430,1000,10000,1000,1000,false,-0.900000,612
399,3159681,3,0.70,0.3430,1000,10000,1000,1000,false,-0.900000,617
400,3167600,3,0.90,0.7290,1000,10000,1000,1000,false,-0.900000,608
401,3175519,3,0.90,0.7290,1000,10000,1000,1000,false,-0.900000,628
402,3183438,3,0.90,0.7290,1000,10000,1000,1000,false,-0.900000,607
403,3191357,3,0.90,0.7290,1000,10000,1000,1000,false,-0.900000,616
404,3199276,3,0.90,0.7290,1000,10000,1000,1000,false,-0.900000,603
405,3207195,3,0.90,0.7290,1000,10000,1000,1000,false,-0.900000,611
406,3215114,3,0.90,0.7290,1000,10000,1000,1000,false,-0.900000,682
407,3223033,3,0.90,0.7290,1000,10000,1000,1000,false,-0.900000,715
408,3230952,3,0.90,0.7290,1000,10000,1000,1000,false,-0.900000,637
409,3238871,3,0.90,0.7290,1000,10000,1000,1000,false,-0.900000,669
410,3246790,3,0.90,0.7290,1000,10000,1000,1000,false,-0.900000,657
411,3254709,3,0.90,0.7290,1000,10000,1000,1000,false,-0.900000,609
412,3262628,3,0.90,0.7290,1000,10000,1000,1000,false,-0.900000,628
413,3270547,3,0.90,0.7290,1000,10000,1000,1000,false,-0.900000,1124
414,3278466,3,0.90,0.7290,1000,10000,1000,1000,false,-0.900000,651
415,3286385,3,0.90,0.7290,1000,10000,1000,1000,false,-0.900000,648
416,3294304,3,0.90,0.7290,1000,10000,1000,1000,false,-0.900000,610
417,3302223,3,0.90,0.7290,1000,10000,1000,1000,false,-0.900000,598
418,3310142,3,0.90,0.7290,1000,10000,1000,1000,false,-0.900000,601
419,3318061,3,0.90,0.7290,1000,10000,1000,1000,false,-0.900000,625
420,3325980,3,0.90,0.7290,1000,10000,1000,1000,false,-0.900000,620
421,3333899,3,0.90,0.7290,1000,10000,1000,1000,false,-0.900000,649
422,3341818,3,0.90,0.7290,1000,10000,1000,1000,false,-0.900000,621
423,3349737,3,0.90,0.7290,1000,10000,1000,1000,false,-0.900000,617
424,3357656,3,0.90,0.7290,1000,10000,1000,1000,false,-0.900000,647
425,3365575,3,0.90,0.7290,1000,10000,1000,1000,false,-0.900000,623
426,3373494,3,0.90,0.7290,1000,10000,1000,1000,false,-0.900000,603
427,3381413,3,0.90,0.7290,1000,10000,1000,1000,false,-0.900000,604
428,3389332,3,0.90,0.7290,1000,10000,1000,1000,false,-0.900000,719
429,3397251,3,0.90,0.7290,1000,10000,1000,1000,false,-0.900000,652
430,3405170,3,0.90,0.7290,1000,10000,1000,1000,false,-0.900000,658
431,3413089,3,0.90,0.7290,1000,10000,1000,1000,false,-0.900000,661
432,3421008,3,0.90,0.7290,1000,10000,1000,1000,false,-0.900000,611
433,3428927,3,0.90,0.7290,1000,10000,1000,1000,false,-0.900000,654
434,3436846,3,0.90,0.7290,1000,10000,1000,1000,false,-0.900000,668
435,3444765,3,0.90,0.7290,1000,10000,1000,1000,false,-0.900000,1413
436,3452684,3,0.90,0.7290,1000,10000,1000,1000,false,-0.900000,655
437,3460603,3,0.90,0.7290,1000,10000,1000,1000,false,-0.900000,624
438,3468522,3,0.90,0.7290,1000,10000,1000,1000,false,-0.900000,620
439,3476441,3,0.90,0.7290,1000,10000,1000,1000,false,-0.900000,674
440,3484360,3,0.90,0.7290,1000,10000,1000,1000,false,-0.900000,615
441,3492279,3,0.90,0.7290,1000,10000,1000,1000,false,-0.900000,609
442,3500198,3,0.90,0.7290,1000,10000,1000,1000,false,-0.900000,608
443,3508117,3,0.90,0.7290,1000,10000,1000,1000,false,-0.900000,600
444,3516036,3,0.90,0.7290,1000,10000,1000,1000,false,-0.900000,608
445,3523955,3,0.90,0.7290,1000,10000,1000,1000,false,-0.900000,637
446,3531874,3,0.90,0.7290,1000,10000,1000,1000,false,-0.900000,615
447,3539793,3,0.90,0.7290,1000,10000,1000,1000,false,-0.900000,606
448,3547712,3,0.90,0.7290,1000,10000,1000,1000,false,-0.900000,602
449,3555631,3,0.90,0.7290,1000,10000,1000,1000,false,-0.900000,616
450,3563550,5,0.50,0.0313,1000,1,1000,1000,false,999.000000,14225
451,3571469,5,0.50,0.0313,1000,1,1000,1000,false,999.000000,14042
452,3579388,5,0.50,0.0313,1000,1,1000,1000,false,999.000000,14290
453,3587307,5,0.50,0.0313,1000,1,1000,1000,false,999.000000,14063
454,3595226,5,0.50,0.0313,1000,1,1000,1000,false,999.000000,13817
455,3603145,5,0.50,0.0313,1000,1,1000,1000,false,999.000000,13952
456,3611064,5,0.50,0.0313,1000,1,1000,1000,false,999.000000,13944
457,3618983,5,0.50,0.0313,1000,1,1000,1000,false,999.000000,13922
458,3626902,5,0.50,0.0313,1000,1,1000,1000,false,999.000000,14097
459,3634821,5,0.50,0.0313,1000,1,1000,1000,false,999.000000,14063
460,3642740,5,0.50,0.0313,1000,1,1000,1000,false,999.000000,13855
461,3650659,5,0.50,0.0313,1000,1,1000,1000,false,999.000000,13861
462,3658578,5,0.50,0.0313,1000,1,1000,1000,false,999.000000,43286
463,3666497,5,0.50,0.0313,1000,1,1000,1000,false,999.000000,14132
464,3674416,5,0.50,0.0313,1000,1,1000,1000,false,999.000000,13812
465,3682335,5,0.50,0.0313,1000,1,1000,1000,false,999.000000,13777
466,3690254,5,0.50,0.0313,1000,1,1000,1000,false,999.000000,13873
467,3698173,5,0.50,0.0313,1000,1,1000,1000,false,999.000000,13689
468,3706092,5,0.50,0.0313,1000,1,1000,1000,false,999.000000,13871
469,3714011,5,0.50,0.0313,1000,1,1000,1000,false,999.000000,14243
470,3721930,5,0.50,0.0313,1000,1,1000,1000,false,999.000000,14094
471,3729849,5,0.50,0.0313,1000,1,1000,1000,false,999.000000,14339
472,3737768,5,0.50,0.0313,1000,1,1000,1000,false,999.000000,14007
473,3745687,5,0.50,0.0313,1000,1,1000,1000,false,999.000000,14021
474,3753606,5,0.50,0.0313,1000,1,1000,1000,false,999.000000,14222
475,3761525,5,0.50,0.0313,1000,1,1000,1000,false,999.000000,14228
476,3769444,5,0.50,0.0313,1000,1,1000,1000,false,999.000000,15041
477,3777363,5,0.50,0.0313,1000,1,1000,1000,false,999.000000,15036
478,3785282,5,0.50,0.0313,1000,1,1000,1000,false,999.000000,14451
479,3793201,5,0.50,0.0313,1000,1,1000,1000,false,999.000000,14145
480,3801120,5,0.50,0.0313,1000,1,1000,1000,false,999.000000,15126
481,3809039,5,0.50,0.0313,1000,1,1000,1000,false,999.000000,14679
482,3816958,5,0.50,0.0313,1000,1,1000,1000,false,999.000000,14152
483,3824877,5,0.50,0.0313,1000,1,1000,1000,false,999.000000,14245
484,3832796,5,0.50,0.0313,1000,1,1000,1000,false,999.000000,14010
485,3840715,5,0.50,0.0313,1000,1,1000,1000,false,999.000000,13784
486,3848634,5,0.50,0.0313,1000,1,1000,1000,false,999.000000,14021
487,3856553,5,0.50,0.0313,1000,1,1000,1000,false,999.000000,13881
488,3864472,5,0.50,0.0313,1000,1,1000,1000,false,999.000000,13844
489,3872391,5,0.50,0.0313,1000,1,1000,1000,false,999.000000,13970
490,3880310,5,0.50,0.0313,1000,1,1000,1000,false,999.000000,13779
491,3888229,5,0.50,0.0313,1000,1,1000,1000,false,999.000000,13852
492,3896148,5,0.50,0.0313,1000,1,1000,1000,false,999.000000,13857
493,3904067,5,0.50,0.0313,1000,1,1000,1000,false,999.000000,14026
494,3911986,5,0.50,0.0313,1000,1,1000,1000,false,999.000000,13721
495,3919905,5,0.50,0.0313,1000,1,1000,1000,false,999.000000,14033
496,3927824,5,0.50,0.0313,1000,1,1000,1000,false,999.000000,14635
497,3935743,5,0.50,0.0313,1000,1,1000,1000,false,999.000000,14220
498,3943662,5,0.50,0.0313,1000,1,1000,1000,false,999.000000,13992
499,3951581,5,0.50,0.0313,1000,1,1000,1000,false,999.000000,14052
500,3959500,5,0.70,0.1681,1000,10000,1000,1000,false,-0.900000,873
501,3967419,5,0.70,0.1681,1000,10000,1000,1000,false,-0.900000,892
502,3975338,5,0.70,0.1681,1000,10000,1000,1000,false,-0.900000,796
503,3983257,5,0.70,0.1681,1000,10000,1000,1000,false,-0.900000,802
504,3991176,5,0.70,0.1681,1000,10000,1000,1000,false,-0.900000,820
505,3999095,5,0.70,0.1681,1000,10000,1000,1000,false,-0.900000,764
506,4007014,5,0.70,0.1681,1000,10000,1000,1000,false,-0.900000,793
507,4014933,5,0.70,0.1681,1000,10000,1000,1000,false,-0.900000,765
508,4022852,5,0.70,0.1681,1000,10000,1000,1000,false,-0.900000,800
509,4030771,5,0.70,0.1681,1000,10000,1000,1000,false,-0.900000,761
510,4038690,5,0.70,0.1681,1000,10000,1000,1000,false,-0.900000,784
511,4046609,5,0.70,0.1681,1000,10000,1000,1000,false,-0.900000,1088
512,4054528,5,0.70,0.1681,1000,10000,1000,1000,false,-0.900000,858
513,4062447,5,0.70,0.1681,1000,10000,1000,1000,false,-0.900000,795
514,4070366,5,0.70,0.1681,1000,10000,1000,1000,false,-0.900000,812
515,4078285,5,0.70,0.1681,1000,10000,1000,1000,false,-0.900000,763
516,4086204,5,0.70,0.1681,1000,10000,1000,1000,false,-0.900000,758
517,4094123,5,0.70,0.1681,1000,10000,1000,1000,false,-0.900000,773
518,4102042,5,0.70,0.1681,1000,10000,1000,1000,false,-0.900000,749
519,4109961,5,0.70,0.1681,1000,10000,1000,1000,false,-0.900000,786
520,4117880,5,0.70,0.1681,1000,10000,1000,1000,false,-0.900000,777
521,4125799,5,0.70,0.1681,1000,10000,1000,1000,false,-0.900000,778
522,4133718,5,0.70,0.1681,1000,10000,1000,1000,false,-0.900000,799
523,4141637,5,0.70,0.1681,1000,10000,1000,1000,false,-0.900000,896
524,4149556,5,0.70,0.1681,1000,10000,1000,1000,false,-0.900000,869
525,4157475,5,0.70,0.1681,1000,10000,1000,1000,false,-0.900000,797
526,4165394,5,0.70,0.1681,1000,10000,1000,1000,false,-0.900000,774
527,4173313,5,0.70,0.1681,1000,10000,1000,1000,false,-0.900000,813
528,4181232,5,0.70,0.1681,1000,10000,1000,1000,false,-0.900000,768
529,4189151,5,0.70,0.1681,1000,10000,1000,1000,false,-0.900000,867
530,4197070,5,0.70,0.1681,1000,10000,1000,1000,false,-0.900000,794
531,4204989,5,0.70,0.1681,1000,10000,1000,1000,false,-0.900000,758
532,4212908,5,0.70,0.1681,1000,10000,1000,1000,false,-0.900000,777
533,4220827,5,0.70,0.1681,1000,10000,1000,1000,false,-0.900000,3004
534,4228746,5,0.70,0.1681,1000,10000,1000,1000,false,-0.900000,845
535,4236665,5,0.70,0.1681,1000,10000,1000,1000,false,-0.900000,809
536,4244584,5,0.70,0.1681,1000,10000,1000,1000,false,-0.900000,792
537,4252503,5,0.70,0.1681,1000,10000,1000,1000,false,-0.900000,829
538,4260422,5,0.70,0.1681,1000,10000,1000,1000,false,-0.900000,875
539,4268341,5,0.70,0.1681,1000,10000,1000,1000,false,-0.900000,759
540,4276260,5,0.70,0.1681,1000,10000,1000,1000,false,-0.900000,771
541,4284179,5,0.70,0.1681,1000,10000,1000,1000,false,-0.900000,767
542,4292098,5,0.70,0.1681,1000,10000,1000,1000,false,-0.900000,805
543,4300017,5,0.70,0.1681,1000,10000,1000,1000,false,-0.900000,757
544,4307936,5,0.70,0.1681,1000,10000,1000,1000,false,-0.900000,772
545,4315855,5,0.70,0.1681,1000,10000,1000,1000,false,-0.900000,913
546,4323774,5,0.70,0.1681,1000,10000,1000,1000,false,-0.900000,852
547,4331693,5,0.70,0.1681,1000,10000,1000,1000,false,-0.900000,783
548,4339612,5,0.70,0.1681,1000,10000,1000,1000,false,-0.900000,750
549,4347531,5,0.70,0.1681,1000,10000,1000,1000,false,-0.900000,760
550,4355450,5,0.90,0.5905,1000,10000,1000,1000,false,-0.900000,791
551,4363369,5,0.90,0.5905,1000,10000,1000,1000,false,-0.900000,783
552,4371288,5,0.90,0.5905,1000,10000,1000,1000,false,-0.900000,834
553,4379207,5,0.90,0.5905,1000,10000,1000,1000,false,-0.900000,838
554,4387126,5,0.90,0.5905,1000,10000,1000,1000,false,-0.900000,766
555,4395045,5,0.90,0.5905,1000,10000,1000,1000,false,-0.900000,1362
556,4402964,5,0.90,0.5905,1000,10000,1000,1000,false,-0.900000,780
557,4410883,5,0.90,0.5905,1000,10000,1000,1000,false,-0.900000,804
558,4418802,5,0.90,0.5905,1000,10000,1000,1000,false,-0.900000,838
559,4426721,5,0.90,0.5905,1000,10000,1000,1000,false,-0.900000,842
560,4434640,5,0.90,0.5905,1000,10000,1000,1000,false,-0.900000,804
561,4442559,5,0.90,0.5905,1000,10000,1000,1000,false,-0.900000,760
562,4450478,5,0.90,0.5905,1000,10000,1000,1000,false,-0.900000,767
563,4458397,5,0.90,0.5905,1000,10000,1000,1000,false,-0.900000,762
564,4466316,5,0.90,0.5905,1000,10000,1000,1000,false,-0.900000,764
565,4474235,5,0.90,0.5905,1000,10000,1000,1000,false,-0.900000,758
566,4482154,5,0.90,0.5905,1000,10000,1000,1000,false,-0.900000,771
567,4490073,5,0.90,0.5905,1000,10000,1000,1000,false,-0.900000,867
568,4497992,5,0.90,0.5905,1000,10000,1000,1000,false,-0.900000,788
569,4505911,5,0.90,0.5905,1000,10000,1000,1000,false,-0.900000,764
570,4513830,5,0.90,0.5905,1000,10000,1000,1000,false,-0.900000,763
571,4521749,5,0.90,0.5905,1000,10000,1000,1000,false,-0.900000,758
572,4529668,5,0.90,0.5905,1000,10000,1000,1000,false,-0.900000,764
573,4537587,5,0.90,0.5905,1000,10000,1000,1000,false,-0.900000,782
574,4545506,5,0.90,0.5905,1000,10000,1000,1000,false,-0.900000,867
575,4553425,5,0.90,0.5905,1000,10000,1000,1000,false,-0.900000,927
576,4561344,5,0.90,0.5905,1000,10000,1000,1000,false,-0.900000,1256
577,4569263,5,0.90,0.5905,1000,10000,1000,1000,false,-0.900000,1677
578,4577182,5,0.90,0.5905,1000,10000,1000,1000,false,-0.900000,837
579,4585101,5,0.90,0.5905,1000,10000,1000,1000,false,-0.900000,762
580,4593020,5,0.90,0.5905,1000,10000,1000,1000,false,-0.900000,765
581,4600939,5,0.90,0.5905,1000,10000,1000,1000,false,-0.900000,793
582,4608858,5,0.90,0.5905,1000,10000,1000,1000,false,-0.900000,763
583,4616777,5,0.90,0.5905,1000,10000,1000,1000,false,-0.900000,763
584,4624696,5,0.90,0.5905,1000,10000,1000,1000,false,-0.900000,772
585,4632615,5,0.90,0.5905,1000,10000,1000,1000,false,-0.900000,760
586,4640534,5,0.90,0.5905,1000,10000,1000,1000,false,-0.900000,781
587,4648453,5,0.90,0.5905,1000,10000,1000,1000,false,-0.900000,758
588,4656372,5,0.90,0.5905,1000,10000,1000,1000,false,-0.900000,760
589,4664291,5,0.90,0.5905,1000,10000,1000,1000,false,-0.900000,768
590,4672210,5,0.90,0.5905,1000,10000,1000,1000,false,-0.900000,762
591,4680129,5,0.90,0.5905,1000,10000,1000,1000,false,-0.900000,884
592,4688048,5,0.90,0.5905,1000,10000,1000,1000,false,-0.900000,825
593,4695967,5,0.90,0.5905,1000,10000,1000,1000,false,-0.900000,840
594,4703886,5,0.90,0.5905,1000,10000,1000,1000,false,-0.900000,778
595,4711805,5,0.90,0.5905,1000,10000,1000,1000,false,-0.900000,802
596,4719724,5,0.90,0.5905,1000,10000,1000,1000,false,-0.900000,760
597,4727643,5,0.90,0.5905,1000,10000,1000,1000,false,-0.900000,762
598,4735562,5,0.90,0.5905,1000,10000,1000,1000,false,-0.900000,763
599,4743481,5,0.90,0.5905,1000,10000,1000,1000,false,-0.900000,1142
