trial_id,seed,depth,explorer,total_tests,quantifier_index,unique_values,expected_unique,detection_rate
0,0,1,nested,1000,0,1000,1000,0.000999999000001
1,7919,1,nested,1000,0,1000,1000,0.000999999000001
2,15838,1,nested,1000,0,1000,1000,0.000999999000001
3,23757,1,nested,1000,0,1000,1000,0.000999999000001
4,31676,1,nested,1000,0,1000,1000,0.000999999000001
5,39595,1,nested,1000,0,1000,1000,0.000999999000001
6,47514,1,nested,1000,0,1000,1000,0.000999999000001
7,55433,1,nested,1000,0,999,1000,0.000998999001000999
8,63352,1,nested,1000,0,1000,1000,0.000999999000001
9,71271,1,nested,1000,0,1000,1000,0.000999999000001
10,79190,1,nested,1000,0,999,1000,0.000998999001000999
11,87109,1,nested,1000,0,1000,1000,0.000999999000001
12,95028,1,nested,1000,0,1000,1000,0.000999999000001
13,102947,1,nested,1000,0,999,1000,0.000998999001000999
14,110866,1,nested,1000,0,999,1000,0.000998999001000999
15,118785,1,nested,1000,0,1000,1000,0.000999999000001
16,126704,1,nested,1000,0,999,1000,0.000998999001000999
17,134623,1,nested,1000,0,1000,1000,0.000999999000001
18,142542,1,nested,1000,0,1000,1000,0.000999999000001
19,150461,1,nested,1000,0,1000,1000,0.000999999000001
20,158380,1,nested,1000,0,1000,1000,0.000999999000001
21,166299,1,nested,1000,0,999,1000,0.000998999001000999
22,174218,1,nested,1000,0,1000,1000,0.000999999000001
23,182137,1,nested,1000,0,1000,1000,0.000999999000001
24,190056,1,nested,1000,0,1000,1000,0.000999999000001
25,197975,1,nested,1000,0,1000,1000,0.000999999000001
26,205894,1,nested,1000,0,1000,1000,0.000999999000001
27,213813,1,nested,1000,0,1000,1000,0.000999999000001
28,221732,1,nested,1000,0,1000,1000,0.000999999000001
29,229651,1,nested,1000,0,1000,1000,0.000999999000001
30,237570,1,nested,1000,0,1000,1000,0.000999999000001
31,245489,1,nested,1000,0,1000,1000,0.000999999000001
32,253408,1,nested,1000,0,998,1000,0.000997999002000998
33,261327,1,nested,1000,0,1000,1000,0.000999999000001
34,269246,1,nested,1000,0,1000,1000,0.000999999000001
35,277165,1,nested,1000,0,1000,1000,0.000999999000001
36,285084,1,nested,1000,0,999,1000,0.000998999001000999
37,293003,1,nested,1000,0,1000,1000,0.000999999000001
38,300922,1,nested,1000,0,998,1000,0.000997999002000998
39,308841,1,nested,1000,0,1000,1000,0.000999999000001
40,316760,1,nested,1000,0,1000,1000,0.000999999000001
41,324679,1,nested,1000,0,1000,1000,0.000999999000001
42,332598,1,nested,1000,0,998,1000,0.000997999002000998
43,340517,1,nested,1000,0,999,1000,0.000998999001000999
44,348436,1,nested,1000,0,999,1000,0.000998999001000999
45,356355,1,nested,1000,0,998,1000,0.000997999002000998
46,364274,1,nested,1000,0,1000,1000,0.000999999000001
47,372193,1,nested,1000,0,1000,1000,0.000999999000001
48,380112,1,nested,1000,0,998,1000,0.000997999002000998
49,388031,1,nested,1000,0,1000,1000,0.000999999000001
50,395950,1,flat,1000,0,1000,1000,0.000999999000001
51,403869,1,flat,1000,0,999,1000,0.000998999001000999
52,411788,1,flat,1000,0,1000,1000,0.000999999000001
53,419707,1,flat,1000,0,999,1000,0.000998999001000999
54,427626,1,flat,1000,0,997,1000,0.000996999003000997
55,435545,1,flat,1000,0,999,1000,0.000998999001000999
56,443464,1,flat,1000,0,1000,1000,0.000999999000001
57,451383,1,flat,1000,0,1000,1000,0.000999999000001
58,459302,1,flat,1000,0,998,1000,0.000997999002000998
59,467221,1,flat,1000,0,999,1000,0.000998999001000999
60,475140,1,flat,1000,0,999,1000,0.000998999001000999
61,483059,1,flat,1000,0,1000,1000,0.000999999000001
62,490978,1,flat,1000,0,1000,1000,0.000999999000001
63,498897,1,flat,1000,0,999,1000,0.000998999001000999
64,506816,1,flat,1000,0,999,1000,0.000998999001000999
65,514735,1,flat,1000,0,1000,1000,0.000999999000001
66,522654,1,flat,1000,0,998,1000,0.000997999002000998
67,530573,1,flat,1000,0,1000,1000,0.000999999000001
68,538492,1,flat,1000,0,1000,1000,0.000999999000001
69,546411,1,flat,1000,0,1000,1000,0.000999999000001
70,554330,1,flat,1000,0,998,1000,0.000997999002000998
71,562249,1,flat,1000,0,1000,1000,0.000999999000001
72,570168,1,flat,1000,0,1000,1000,0.000999999000001
73,578087,1,flat,1000,0,998,1000,0.000997999002000998
74,586006,1,flat,1000,0,998,1000,0.000997999002000998
75,593925,1,flat,1000,0,1000,1000,0.000999999000001
76,601844,1,flat,1000,0,998,1000,0.000997999002000998
77,609763,1,flat,1000,0,999,1000,0.000998999001000999
78,617682,1,flat,1000,0,1000,1000,0.000999999000001
79,625601,1,flat,1000,0,1000,1000,0.000999999000001
80,633520,1,flat,1000,0,998,1000,0.000997999002000998
81,641439,1,flat,1000,0,1000,1000,0.000999999000001
82,649358,1,flat,1000,0,999,1000,0.000998999001000999
83,657277,1,flat,1000,0,999,1000,0.000998999001000999
84,665196,1,flat,1000,0,1000,1000,0.000999999000001
85,673115,1,flat,1000,0,1000,1000,0.000999999000001
86,681034,1,flat,1000,0,998,1000,0.000997999002000998
87,688953,1,flat,1000,0,1000,1000,0.000999999000001
88,696872,1,flat,1000,0,998,1000,0.000997999002000998
89,704791,1,flat,1000,0,1000,1000,0.000999999000001
90,712710,1,flat,1000,0,999,1000,0.000998999001000999
91,720629,1,flat,1000,0,1000,1000,0.000999999000001
92,728548,1,flat,1000,0,1000,1000,0.000999999000001
93,736467,1,flat,1000,0,1000,1000,0.000999999000001
94,744386,1,flat,1000,0,1000,1000,0.000999999000001
95,752305,1,flat,1000,0,1000,1000,0.000999999000001
96,760224,1,flat,1000,0,1000,1000,0.000999999000001
97,768143,1,flat,1000,0,1000,1000,0.000999999000001
98,776062,1,flat,1000,0,998,1000,0.000997999002000998
99,783981,1,flat,1000,0,1000,1000,0.000999999000001
100,791900,2,nested,1000,0,31,31,0.000030999969000031
100,791900,2,nested,1000,1,31,31,0.000030999969000031
101,799819,2,nested,1000,0,31,31,0.000030999969000031
101,799819,2,nested,1000,1,31,31,0.000030999969000031
102,807738,2,nested,1000,0,31,31,0.000030999969000031
102,807738,2,nested,1000,1,31,31,0.000030999969000031
103,815657,2,nested,1000,0,31,31,0.000030999969000031
103,815657,2,nested,1000,1,31,31,0.000030999969000031
104,823576,2,nested,1000,0,31,31,0.000030999969000031
104,823576,2,nested,1000,1,31,31,0.000030999969000031
105,831495,2,nested,1000,0,31,31,0.000030999969000031
105,831495,2,nested,1000,1,31,31,0.000030999969000031
106,839414,2,nested,1000,0,31,31,0.000030999969000031
106,839414,2,nested,1000,1,31,31,0.000030999969000031
107,847333,2,nested,1000,0,31,31,0.000030999969000031
107,847333,2,nested,1000,1,31,31,0.000030999969000031
108,855252,2,nested,1000,0,31,31,0.000030999969000031
108,855252,2,nested,1000,1,31,31,0.000030999969000031
109,863171,2,nested,1000,0,31,31,0.000030999969000031
109,863171,2,nested,1000,1,31,31,0.000030999969000031
110,871090,2,nested,1000,0,31,31,0.000030999969000031
110,871090,2,nested,1000,1,31,31,0.000030999969000031
111,879009,2,nested,1000,0,31,31,0.000030999969000031
111,879009,2,nested,1000,1,31,31,0.000030999969000031
112,886928,2,nested,1000,0,31,31,0.000030999969000031
112,886928,2,nested,1000,1,31,31,0.000030999969000031
113,894847,2,nested,1000,0,31,31,0.000030999969000031
113,894847,2,nested,1000,1,31,31,0.000030999969000031
114,902766,2,nested,1000,0,31,31,0.000030999969000031
114,902766,2,nested,1000,1,31,31,0.000030999969000031
115,910685,2,nested,1000,0,31,31,0.000030999969000031
115,910685,2,nested,1000,1,31,31,0.000030999969000031
116,918604,2,nested,1000,0,31,31,0.000030999969000031
116,918604,2,nested,1000,1,31,31,0.000030999969000031
117,926523,2,nested,1000,0,31,31,0.000030999969000031
117,926523,2,nested,1000,1,31,31,0.000030999969000031
118,934442,2,nested,1000,0,31,31,0.000030999969000031
118,934442,2,nested,1000,1,31,31,0.000030999969000031
119,942361,2,nested,1000,0,31,31,0.000030999969000031
119,942361,2,nested,1000,1,31,31,0.000030999969000031
120,950280,2,nested,1000,0,31,31,0.000030999969000031
120,950280,2,nested,1000,1,31,31,0.000030999969000031
121,958199,2,nested,1000,0,31,31,0.000030999969000031
121,958199,2,nested,1000,1,31,31,0.000030999969000031
122,966118,2,nested,1000,0,31,31,0.000030999969000031
122,966118,2,nested,1000,1,31,31,0.000030999969000031
123,974037,2,nested,1000,0,31,31,0.000030999969000031
123,974037,2,nested,1000,1,31,31,0.000030999969000031
124,981956,2,nested,1000,0,31,31,0.000030999969000031
124,981956,2,nested,1000,1,31,31,0.000030999969000031
125,989875,2,nested,1000,0,31,31,0.000030999969000031
125,989875,2,nested,1000,1,31,31,0.000030999969000031
126,997794,2,nested,1000,0,31,31,0.000030999969000031
126,997794,2,nested,1000,1,31,31,0.000030999969000031
127,1005713,2,nested,1000,0,31,31,0.000030999969000031
127,1005713,2,nested,1000,1,31,31,0.000030999969000031
128,1013632,2,nested,1000,0,31,31,0.000030999969000031
128,1013632,2,nested,1000,1,31,31,0.000030999969000031
129,1021551,2,nested,1000,0,31,31,0.000030999969000031
129,1021551,2,nested,1000,1,31,31,0.000030999969000031
130,1029470,2,nested,1000,0,31,31,0.000030999969000031
130,1029470,2,nested,1000,1,31,31,0.000030999969000031
131,1037389,2,nested,1000,0,31,31,0.000030999969000031
131,1037389,2,nested,1000,1,31,31,0.000030999969000031
132,1045308,2,nested,1000,0,31,31,0.000030999969000031
132,1045308,2,nested,1000,1,31,31,0.000030999969000031
133,1053227,2,nested,1000,0,31,31,0.000030999969000031
133,1053227,2,nested,1000,1,31,31,0.000030999969000031
134,1061146,2,nested,1000,0,31,31,0.000030999969000031
134,1061146,2,nested,1000,1,31,31,0.000030999969000031
135,1069065,2,nested,1000,0,31,31,0.000030999969000031
135,1069065,2,nested,1000,1,31,31,0.000030999969000031
136,1076984,2,nested,1000,0,31,31,0.000030999969000031
136,1076984,2,nested,1000,1,31,31,0.000030999969000031
137,1084903,2,nested,1000,0,31,31,0.000030999969000031
137,1084903,2,nested,1000,1,31,31,0.000030999969000031
138,1092822,2,nested,1000,0,31,31,0.000030999969000031
138,1092822,2,nested,1000,1,31,31,0.000030999969000031
139,1100741,2,nested,1000,0,31,31,0.000030999969000031
139,1100741,2,nested,1000,1,31,31,0.000030999969000031
140,1108660,2,nested,1000,0,31,31,0.000030999969000031
140,1108660,2,nested,1000,1,31,31,0.000030999969000031
141,1116579,2,nested,1000,0,31,31,0.000030999969000031
141,1116579,2,nested,1000,1,31,31,0.000030999969000031
142,1124498,2,nested,1000,0,31,31,0.000030999969000031
142,1124498,2,nested,1000,1,31,31,0.000030999969000031
143,1132417,2,nested,1000,0,31,31,0.000030999969000031
143,1132417,2,nested,1000,1,31,31,0.000030999969000031
144,1140336,2,nested,1000,0,31,31,0.000030999969000031
144,1140336,2,nested,1000,1,31,31,0.000030999969000031
145,1148255,2,nested,1000,0,31,31,0.000030999969000031
145,1148255,2,nested,1000,1,31,31,0.000030999969000031
146,1156174,2,nested,1000,0,31,31,0.000030999969000031
146,1156174,2,nested,1000,1,31,31,0.000030999969000031
147,1164093,2,nested,1000,0,31,31,0.000030999969000031
147,1164093,2,nested,1000,1,31,31,0.000030999969000031
148,1172012,2,nested,1000,0,31,31,0.000030999969000031
148,1172012,2,nested,1000,1,31,31,0.000030999969000031
149,1179931,2,nested,1000,0,31,31,0.000030999969000031
149,1179931,2,nested,1000,1,31,31,0.000030999969000031
150,1187850,2,flat,1000,0,1000,1000,0.000999999000001
150,1187850,2,flat,1000,1,1000,1000,0.000999999000001
151,1195769,2,flat,1000,0,1000,1000,0.000999999000001
151,1195769,2,flat,1000,1,1000,1000,0.000999999000001
152,1203688,2,flat,1000,0,1000,1000,0.000999999000001
152,1203688,2,flat,1000,1,1000,1000,0.000999999000001
153,1211607,2,flat,1000,0,998,1000,0.000997999002000998
153,1211607,2,flat,1000,1,997,1000,0.000996999003000997
154,1219526,2,flat,1000,0,999,1000,0.000998999001000999
154,1219526,2,flat,1000,1,999,1000,0.000998999001000999
155,1227445,2,flat,1000,0,1000,1000,0.000999999000001
155,1227445,2,flat,1000,1,1000,1000,0.000999999000001
156,1235364,2,flat,1000,0,1000,1000,0.000999999000001
156,1235364,2,flat,1000,1,1000,1000,0.000999999000001
157,1243283,2,flat,1000,0,998,1000,0.000997999002000998
157,1243283,2,flat,1000,1,1000,1000,0.000999999000001
158,1251202,2,flat,1000,0,999,1000,0.000998999001000999
158,1251202,2,flat,1000,1,997,1000,0.000996999003000997
159,1259121,2,flat,1000,0,999,1000,0.000998999001000999
159,1259121,2,flat,1000,1,999,1000,0.000998999001000999
160,1267040,2,flat,1000,0,1000,1000,0.000999999000001
160,1267040,2,flat,1000,1,1000,1000,0.000999999000001
161,1274959,2,flat,1000,0,1000,1000,0.000999999000001
161,1274959,2,flat,1000,1,1000,1000,0.000999999000001
162,1282878,2,flat,1000,0,1000,1000,0.000999999000001
162,1282878,2,flat,1000,1,1000,1000,0.000999999000001
163,1290797,2,flat,1000,0,1000,1000,0.000999999000001
163,1290797,2,flat,1000,1,1000,1000,0.000999999000001
164,1298716,2,flat,1000,0,998,1000,0.000997999002000998
164,1298716,2,flat,1000,1,1000,1000,0.000999999000001
165,1306635,2,flat,1000,0,1000,1000,0.000999999000001
165,1306635,2,flat,1000,1,1000,1000,0.000999999000001
166,1314554,2,flat,1000,0,1000,1000,0.000999999000001
166,1314554,2,flat,1000,1,1000,1000,0.000999999000001
167,1322473,2,flat,1000,0,999,1000,0.000998999001000999
167,1322473,2,flat,1000,1,999,1000,0.000998999001000999
168,1330392,2,flat,1000,0,999,1000,0.000998999001000999
168,1330392,2,flat,1000,1,1000,1000,0.000999999000001
169,1338311,2,flat,1000,0,1000,1000,0.000999999000001
169,1338311,2,flat,1000,1,999,1000,0.000998999001000999
170,1346230,2,flat,1000,0,1000,1000,0.000999999000001
170,1346230,2,flat,1000,1,1000,1000,0.000999999000001
171,1354149,2,flat,1000,0,1000,1000,0.000999999000001
171,1354149,2,flat,1000,1,999,1000,0.000998999001000999
172,1362068,2,flat,1000,0,999,1000,0.000998999001000999
172,1362068,2,flat,1000,1,999,1000,0.000998999001000999
173,1369987,2,flat,1000,0,999,1000,0.000998999001000999
173,1369987,2,flat,1000,1,1000,1000,0.000999999000001
174,1377906,2,flat,1000,0,999,1000,0.000998999001000999
174,1377906,2,flat,1000,1,999,1000,0.000998999001000999
175,1385825,2,flat,1000,0,999,1000,0.000998999001000999
175,1385825,2,flat,1000,1,999,1000,0.000998999001000999
176,1393744,2,flat,1000,0,1000,1000,0.000999999000001
176,1393744,2,flat,1000,1,999,1000,0.000998999001000999
177,1401663,2,flat,1000,0,1000,1000,0.000999999000001
177,1401663,2,flat,1000,1,1000,1000,0.000999999000001
178,1409582,2,flat,1000,0,1000,1000,0.000999999000001
178,1409582,2,flat,1000,1,1000,1000,0.000999999000001
179,1417501,2,flat,1000,0,1000,1000,0.000999999000001
179,1417501,2,flat,1000,1,999,1000,0.000998999001000999
180,1425420,2,flat,1000,0,1000,1000,0.000999999000001
180,1425420,2,flat,1000,1,999,1000,0.000998999001000999
181,1433339,2,flat,1000,0,1000,1000,0.000999999000001
181,1433339,2,flat,1000,1,1000,1000,0.000999999000001
182,1441258,2,flat,1000,0,999,1000,0.000998999001000999
182,1441258,2,flat,1000,1,1000,1000,0.000999999000001
183,1449177,2,flat,1000,0,1000,1000,0.000999999000001
183,1449177,2,flat,1000,1,999,1000,0.000998999001000999
184,1457096,2,flat,1000,0,1000,1000,0.000999999000001
184,1457096,2,flat,1000,1,999,1000,0.000998999001000999
185,1465015,2,flat,1000,0,999,1000,0.000998999001000999
185,1465015,2,flat,1000,1,1000,1000,0.000999999000001
186,1472934,2,flat,1000,0,1000,1000,0.000999999000001
186,1472934,2,flat,1000,1,998,1000,0.000997999002000998
187,1480853,2,flat,1000,0,1000,1000,0.000999999000001
187,1480853,2,flat,1000,1,1000,1000,0.000999999000001
188,1488772,2,flat,1000,0,1000,1000,0.000999999000001
188,1488772,2,flat,1000,1,1000,1000,0.000999999000001
189,1496691,2,flat,1000,0,998,1000,0.000997999002000998
189,1496691,2,flat,1000,1,1000,1000,0.000999999000001
190,1504610,2,flat,1000,0,1000,1000,0.000999999000001
190,1504610,2,flat,1000,1,1000,1000,0.000999999000001
191,1512529,2,flat,1000,0,999,1000,0.000998999001000999
191,1512529,2,flat,1000,1,999,1000,0.000998999001000999
192,1520448,2,flat,1000,0,1000,1000,0.000999999000001
192,1520448,2,flat,1000,1,1000,1000,0.000999999000001
193,1528367,2,flat,1000,0,1000,1000,0.000999999000001
193,1528367,2,flat,1000,1,999,1000,0.000998999001000999
194,1536286,2,flat,1000,0,1000,1000,0.000999999000001
194,1536286,2,flat,1000,1,998,1000,0.000997999002000998
195,1544205,2,flat,1000,0,999,1000,0.000998999001000999
195,1544205,2,flat,1000,1,998,1000,0.000997999002000998
196,1552124,2,flat,1000,0,999,1000,0.000998999001000999
196,1552124,2,flat,1000,1,998,1000,0.000997999002000998
197,1560043,2,flat,1000,0,999,1000,0.000998999001000999
197,1560043,2,flat,1000,1,1000,1000,0.000999999000001
198,1567962,2,flat,1000,0,1000,1000,0.000999999000001
198,1567962,2,flat,1000,1,1000,1000,0.000999999000001
199,1575881,2,flat,1000,0,997,1000,0.000996999003000997
199,1575881,2,flat,1000,1,1000,1000,0.000999999000001
200,1583800,3,nested,1000,0,9,9,0.000008999991000009
200,1583800,3,nested,1000,1,9,9,0.000008999991000009
200,1583800,3,nested,1000,2,9,9,0.000008999991000009
201,1591719,3,nested,1000,0,9,9,0.000008999991000009
201,1591719,3,nested,1000,1,9,9,0.000008999991000009
201,1591719,3,nested,1000,2,9,9,0.000008999991000009
202,1599638,3,nested,1000,0,9,9,0.000008999991000009
202,1599638,3,nested,1000,1,9,9,0.000008999991000009
202,1599638,3,nested,1000,2,9,9,0.000008999991000009
203,1607557,3,nested,1000,0,9,9,0.000008999991000009
203,1607557,3,nested,1000,1,9,9,0.000008999991000009
203,1607557,3,nested,1000,2,9,9,0.000008999991000009
204,1615476,3,nested,1000,0,9,9,0.000008999991000009
204,1615476,3,nested,1000,1,9,9,0.000008999991000009
204,1615476,3,nested,1000,2,9,9,0.000008999991000009
205,1623395,3,nested,1000,0,9,9,0.000008999991000009
205,1623395,3,nested,1000,1,9,9,0.000008999991000009
205,1623395,3,nested,1000,2,9,9,0.000008999991000009
206,1631314,3,nested,1000,0,9,9,0.000008999991000009
206,1631314,3,nested,1000,1,9,9,0.000008999991000009
206,1631314,3,nested,1000,2,9,9,0.000008999991000009
207,1639233,3,nested,1000,0,9,9,0.000008999991000009
207,1639233,3,nested,1000,1,9,9,0.000008999991000009
207,1639233,3,nested,1000,2,9,9,0.000008999991000009
208,1647152,3,nested,1000,0,9,9,0.000008999991000009
208,1647152,3,nested,1000,1,9,9,0.000008999991000009
208,1647152,3,nested,1000,2,9,9,0.000008999991000009
209,1655071,3,nested,1000,0,9,9,0.000008999991000009
209,1655071,3,nested,1000,1,9,9,0.000008999991000009
209,1655071,3,nested,1000,2,9,9,0.000008999991000009
210,1662990,3,nested,1000,0,9,9,0.000008999991000009
210,1662990,3,nested,1000,1,9,9,0.000008999991000009
210,1662990,3,nested,1000,2,9,9,0.000008999991000009
211,1670909,3,nested,1000,0,9,9,0.000008999991000009
211,1670909,3,nested,1000,1,9,9,0.000008999991000009
211,1670909,3,nested,1000,2,9,9,0.000008999991000009
212,1678828,3,nested,1000,0,9,9,0.000008999991000009
212,1678828,3,nested,1000,1,9,9,0.000008999991000009
212,1678828,3,nested,1000,2,9,9,0.000008999991000009
213,1686747,3,nested,1000,0,9,9,0.000008999991000009
213,1686747,3,nested,1000,1,9,9,0.000008999991000009
213,1686747,3,nested,1000,2,9,9,0.000008999991000009
214,1694666,3,nested,1000,0,9,9,0.000008999991000009
214,1694666,3,nested,1000,1,9,9,0.000008999991000009
214,1694666,3,nested,1000,2,9,9,0.000008999991000009
215,1702585,3,nested,1000,0,9,9,0.000008999991000009
215,1702585,3,nested,1000,1,9,9,0.000008999991000009
215,1702585,3,nested,1000,2,9,9,0.000008999991000009
216,1710504,3,nested,1000,0,9,9,0.000008999991000009
216,1710504,3,nested,1000,1,9,9,0.000008999991000009
216,1710504,3,nested,1000,2,9,9,0.000008999991000009
217,1718423,3,nested,1000,0,9,9,0.000008999991000009
217,1718423,3,nested,1000,1,9,9,0.000008999991000009
217,1718423,3,nested,1000,2,9,9,0.000008999991000009
218,1726342,3,nested,1000,0,9,9,0.000008999991000009
218,1726342,3,nested,1000,1,9,9,0.000008999991000009
218,1726342,3,nested,1000,2,9,9,0.000008999991000009
219,1734261,3,nested,1000,0,9,9,0.000008999991000009
219,1734261,3,nested,1000,1,9,9,0.000008999991000009
219,1734261,3,nested,1000,2,9,9,0.000008999991000009
220,1742180,3,nested,1000,0,9,9,0.000008999991000009
220,1742180,3,nested,1000,1,9,9,0.000008999991000009
220,1742180,3,nested,1000,2,9,9,0.000008999991000009
221,1750099,3,nested,1000,0,9,9,0.000008999991000009
221,1750099,3,nested,1000,1,9,9,0.000008999991000009
221,1750099,3,nested,1000,2,9,9,0.000008999991000009
222,1758018,3,nested,1000,0,9,9,0.000008999991000009
222,1758018,3,nested,1000,1,9,9,0.000008999991000009
222,1758018,3,nested,1000,2,9,9,0.000008999991000009
223,1765937,3,nested,1000,0,9,9,0.000008999991000009
223,1765937,3,nested,1000,1,9,9,0.000008999991000009
223,1765937,3,nested,1000,2,9,9,0.000008999991000009
224,1773856,3,nested,1000,0,9,9,0.000008999991000009
224,1773856,3,nested,1000,1,9,9,0.000008999991000009
224,1773856,3,nested,1000,2,9,9,0.000008999991000009
225,1781775,3,nested,1000,0,9,9,0.000008999991000009
225,1781775,3,nested,1000,1,9,9,0.000008999991000009
225,1781775,3,nested,1000,2,9,9,0.000008999991000009
226,1789694,3,nested,1000,0,9,9,0.000008999991000009
226,1789694,3,nested,1000,1,9,9,0.000008999991000009
226,1789694,3,nested,1000,2,9,9,0.000008999991000009
227,1797613,3,nested,1000,0,9,9,0.000008999991000009
227,1797613,3,nested,1000,1,9,9,0.000008999991000009
227,1797613,3,nested,1000,2,9,9,0.000008999991000009
228,1805532,3,nested,1000,0,9,9,0.000008999991000009
228,1805532,3,nested,1000,1,9,9,0.000008999991000009
228,1805532,3,nested,1000,2,9,9,0.000008999991000009
229,1813451,3,nested,1000,0,9,9,0.000008999991000009
229,1813451,3,nested,1000,1,9,9,0.000008999991000009
229,1813451,3,nested,1000,2,9,9,0.000008999991000009
230,1821370,3,nested,1000,0,9,9,0.000008999991000009
230,1821370,3,nested,1000,1,9,9,0.000008999991000009
230,1821370,3,nested,1000,2,9,9,0.000008999991000009
231,1829289,3,nested,1000,0,9,9,0.000008999991000009
231,1829289,3,nested,1000,1,9,9,0.000008999991000009
231,1829289,3,nested,1000,2,9,9,0.000008999991000009
232,1837208,3,nested,1000,0,9,9,0.000008999991000009
232,1837208,3,nested,1000,1,9,9,0.000008999991000009
232,1837208,3,nested,1000,2,9,9,0.000008999991000009
233,1845127,3,nested,1000,0,9,9,0.000008999991000009
233,1845127,3,nested,1000,1,9,9,0.000008999991000009
233,1845127,3,nested,1000,2,9,9,0.000008999991000009
234,1853046,3,nested,1000,0,9,9,0.000008999991000009
234,1853046,3,nested,1000,1,9,9,0.000008999991000009
234,1853046,3,nested,1000,2,9,9,0.000008999991000009
235,1860965,3,nested,1000,0,9,9,0.000008999991000009
235,1860965,3,nested,1000,1,9,9,0.000008999991000009
235,1860965,3,nested,1000,2,9,9,0.000008999991000009
236,1868884,3,nested,1000,0,9,9,0.000008999991000009
236,1868884,3,nested,1000,1,9,9,0.000008999991000009
236,1868884,3,nested,1000,2,9,9,0.000008999991000009
237,1876803,3,nested,1000,0,9,9,0.000008999991000009
237,1876803,3,nested,1000,1,9,9,0.000008999991000009
237,1876803,3,nested,1000,2,9,9,0.000008999991000009
238,1884722,3,nested,1000,0,9,9,0.000008999991000009
238,1884722,3,nested,1000,1,9,9,0.000008999991000009
238,1884722,3,nested,1000,2,9,9,0.000008999991000009
239,1892641,3,nested,1000,0,9,9,0.000008999991000009
239,1892641,3,nested,1000,1,9,9,0.000008999991000009
239,1892641,3,nested,1000,2,9,9,0.000008999991000009
240,1900560,3,nested,1000,0,9,9,0.000008999991000009
240,1900560,3,nested,1000,1,9,9,0.000008999991000009
240,1900560,3,nested,1000,2,9,9,0.000008999991000009
241,1908479,3,nested,1000,0,9,9,0.000008999991000009
241,1908479,3,nested,1000,1,9,9,0.000008999991000009
241,1908479,3,nested,1000,2,9,9,0.000008999991000009
242,1916398,3,nested,1000,0,9,9,0.000008999991000009
242,1916398,3,nested,1000,1,9,9,0.000008999991000009
242,1916398,3,nested,1000,2,9,9,0.000008999991000009
243,1924317,3,nested,1000,0,9,9,0.000008999991000009
243,1924317,3,nested,1000,1,9,9,0.000008999991000009
243,1924317,3,nested,1000,2,9,9,0.000008999991000009
244,1932236,3,nested,1000,0,9,9,0.000008999991000009
244,1932236,3,nested,1000,1,9,9,0.000008999991000009
244,1932236,3,nested,1000,2,9,9,0.000008999991000009
245,1940155,3,nested,1000,0,9,9,0.000008999991000009
245,1940155,3,nested,1000,1,9,9,0.000008999991000009
245,1940155,3,nested,1000,2,9,9,0.000008999991000009
246,1948074,3,nested,1000,0,9,9,0.000008999991000009
246,1948074,3,nested,1000,1,9,9,0.000008999991000009
246,1948074,3,nested,1000,2,9,9,0.000008999991000009
247,1955993,3,nested,1000,0,9,9,0.000008999991000009
247,1955993,3,nested,1000,1,9,9,0.000008999991000009
247,1955993,3,nested,1000,2,9,9,0.000008999991000009
248,1963912,3,nested,1000,0,9,9,0.000008999991000009
248,1963912,3,nested,1000,1,9,9,0.000008999991000009
248,1963912,3,nested,1000,2,9,9,0.000008999991000009
249,1971831,3,nested,1000,0,9,9,0.000008999991000009
249,1971831,3,nested,1000,1,9,9,0.000008999991000009
249,1971831,3,nested,1000,2,9,9,0.000008999991000009
250,1979750,3,flat,1000,0,999,1000,0.000998999001000999
250,1979750,3,flat,1000,1,999,1000,0.000998999001000999
250,1979750,3,flat,1000,2,1000,1000,0.000999999000001
251,1987669,3,flat,1000,0,999,1000,0.000998999001000999
251,1987669,3,flat,1000,1,1000,1000,0.000999999000001
251,1987669,3,flat,1000,2,1000,1000,0.000999999000001
252,1995588,3,flat,1000,0,999,1000,0.000998999001000999
252,1995588,3,flat,1000,1,999,1000,0.000998999001000999
252,1995588,3,flat,1000,2,999,1000,0.000998999001000999
253,2003507,3,flat,1000,0,999,1000,0.000998999001000999
253,2003507,3,flat,1000,1,999,1000,0.000998999001000999
253,2003507,3,flat,1000,2,1000,1000,0.000999999000001
254,2011426,3,flat,1000,0,999,1000,0.000998999001000999
254,2011426,3,flat,1000,1,999,1000,0.000998999001000999
254,2011426,3,flat,1000,2,1000,1000,0.000999999000001
255,2019345,3,flat,1000,0,1000,1000,0.000999999000001
255,2019345,3,flat,1000,1,1000,1000,0.000999999000001
255,2019345,3,flat,1000,2,999,1000,0.000998999001000999
256,2027264,3,flat,1000,0,1000,1000,0.000999999000001
256,2027264,3,flat,1000,1,1000,1000,0.000999999000001
256,2027264,3,flat,1000,2,1000,1000,0.000999999000001
257,2035183,3,flat,1000,0,998,1000,0.000997999002000998
257,2035183,3,flat,1000,1,1000,1000,0.000999999000001
257,2035183,3,flat,1000,2,999,1000,0.000998999001000999
258,2043102,3,flat,1000,0,1000,1000,0.000999999000001
258,2043102,3,flat,1000,1,1000,1000,0.000999999000001
258,2043102,3,flat,1000,2,996,1000,0.000995999004000996
259,2051021,3,flat,1000,0,1000,1000,0.000999999000001
259,2051021,3,flat,1000,1,998,1000,0.000997999002000998
259,2051021,3,flat,1000,2,999,1000,0.000998999001000999
260,2058940,3,flat,1000,0,1000,1000,0.000999999000001
260,2058940,3,flat,1000,1,1000,1000,0.000999999000001
260,2058940,3,flat,1000,2,1000,1000,0.000999999000001
261,2066859,3,flat,1000,0,1000,1000,0.000999999000001
261,2066859,3,flat,1000,1,998,1000,0.000997999002000998
261,2066859,3,flat,1000,2,997,1000,0.000996999003000997
262,2074778,3,flat,1000,0,999,1000,0.000998999001000999
262,2074778,3,flat,1000,1,999,1000,0.000998999001000999
262,2074778,3,flat,1000,2,1000,1000,0.000999999000001
263,2082697,3,flat,1000,0,1000,1000,0.000999999000001
263,2082697,3,flat,1000,1,1000,1000,0.000999999000001
263,2082697,3,flat,1000,2,1000,1000,0.000999999000001
264,2090616,3,flat,1000,0,999,1000,0.000998999001000999
264,2090616,3,flat,1000,1,1000,1000,0.000999999000001
264,2090616,3,flat,1000,2,1000,1000,0.000999999000001
265,2098535,3,flat,1000,0,1000,1000,0.000999999000001
265,2098535,3,flat,1000,1,1000,1000,0.000999999000001
265,2098535,3,flat,1000,2,999,1000,0.000998999001000999
266,2106454,3,flat,1000,0,999,1000,0.000998999001000999
266,2106454,3,flat,1000,1,1000,1000,0.000999999000001
266,2106454,3,flat,1000,2,1000,1000,0.000999999000001
267,2114373,3,flat,1000,0,999,1000,0.000998999001000999
267,2114373,3,flat,1000,1,1000,1000,0.000999999000001
267,2114373,3,flat,1000,2,1000,1000,0.000999999000001
268,2122292,3,flat,1000,0,998,1000,0.000997999002000998
268,2122292,3,flat,1000,1,1000,1000,0.000999999000001
268,2122292,3,flat,1000,2,1000,1000,0.000999999000001
269,2130211,3,flat,1000,0,999,1000,0.000998999001000999
269,2130211,3,flat,1000,1,1000,1000,0.000999999000001
269,2130211,3,flat,1000,2,999,1000,0.000998999001000999
270,2138130,3,flat,1000,0,999,1000,0.000998999001000999
270,2138130,3,flat,1000,1,998,1000,0.000997999002000998
270,2138130,3,flat,1000,2,1000,1000,0.000999999000001
271,2146049,3,flat,1000,0,1000,1000,0.000999999000001
271,2146049,3,flat,1000,1,999,1000,0.000998999001000999
271,2146049,3,flat,1000,2,999,1000,0.000998999001000999
272,2153968,3,flat,1000,0,999,1000,0.000998999001000999
272,2153968,3,flat,1000,1,1000,1000,0.000999999000001
272,2153968,3,flat,1000,2,1000,1000,0.000999999000001
273,2161887,3,flat,1000,0,1000,1000,0.000999999000001
273,2161887,3,flat,1000,1,1000,1000,0.000999999000001
273,2161887,3,flat,1000,2,1000,1000,0.000999999000001
274,2169806,3,flat,1000,0,1000,1000,0.000999999000001
274,2169806,3,flat,1000,1,999,1000,0.000998999001000999
274,2169806,3,flat,1000,2,999,1000,0.000998999001000999
275,2177725,3,flat,1000,0,1000,1000,0.000999999000001
275,2177725,3,flat,1000,1,1000,1000,0.000999999000001
275,2177725,3,flat,1000,2,999,1000,0.000998999001000999
276,2185644,3,flat,1000,0,1000,1000,0.000999999000001
276,2185644,3,flat,1000,1,998,1000,0.000997999002000998
276,2185644,3,flat,1000,2,999,1000,0.000998999001000999
277,2193563,3,flat,1000,0,999,1000,0.000998999001000999
277,2193563,3,flat,1000,1,1000,1000,0.000999999000001
277,2193563,3,flat,1000,2,1000,1000,0.000999999000001
278,2201482,3,flat,1000,0,999,1000,0.000998999001000999
278,2201482,3,flat,1000,1,999,1000,0.000998999001000999
278,2201482,3,flat,1000,2,1000,1000,0.000999999000001
279,2209401,3,flat,1000,0,999,1000,0.000998999001000999
279,2209401,3,flat,1000,1,999,1000,0.000998999001000999
279,2209401,3,flat,1000,2,999,1000,0.000998999001000999
280,2217320,3,flat,1000,0,999,1000,0.000998999001000999
280,2217320,3,flat,1000,1,999,1000,0.000998999001000999
280,2217320,3,flat,1000,2,1000,1000,0.000999999000001
281,2225239,3,flat,1000,0,998,1000,0.000997999002000998
281,2225239,3,flat,1000,1,999,1000,0.000998999001000999
281,2225239,3,flat,1000,2,1000,1000,0.000999999000001
282,2233158,3,flat,1000,0,1000,1000,0.000999999000001
282,2233158,3,flat,1000,1,1000,1000,0.000999999000001
282,2233158,3,flat,1000,2,1000,1000,0.000999999000001
283,2241077,3,flat,1000,0,999,1000,0.000998999001000999
283,2241077,3,flat,1000,1,1000,1000,0.000999999000001
283,2241077,3,flat,1000,2,1000,1000,0.000999999000001
284,2248996,3,flat,1000,0,1000,1000,0.000999999000001
284,2248996,3,flat,1000,1,1000,1000,0.000999999000001
284,2248996,3,flat,1000,2,1000,1000,0.000999999000001
285,2256915,3,flat,1000,0,997,1000,0.000996999003000997
285,2256915,3,flat,1000,1,999,1000,0.000998999001000999
285,2256915,3,flat,1000,2,999,1000,0.000998999001000999
286,2264834,3,flat,1000,0,999,1000,0.000998999001000999
286,2264834,3,flat,1000,1,999,1000,0.000998999001000999
286,2264834,3,flat,1000,2,1000,1000,0.000999999000001
287,2272753,3,flat,1000,0,998,1000,0.000997999002000998
287,2272753,3,flat,1000,1,1000,1000,0.000999999000001
287,2272753,3,flat,1000,2,1000,1000,0.000999999000001
288,2280672,3,flat,1000,0,1000,1000,0.000999999000001
288,2280672,3,flat,1000,1,1000,1000,0.000999999000001
288,2280672,3,flat,1000,2,1000,1000,0.000999999000001
289,2288591,3,flat,1000,0,1000,1000,0.000999999000001
289,2288591,3,flat,1000,1,1000,1000,0.000999999000001
289,2288591,3,flat,1000,2,998,1000,0.000997999002000998
290,2296510,3,flat,1000,0,999,1000,0.000998999001000999
290,2296510,3,flat,1000,1,999,1000,0.000998999001000999
290,2296510,3,flat,1000,2,1000,1000,0.000999999000001
291,2304429,3,flat,1000,0,1000,1000,0.000999999000001
291,2304429,3,flat,1000,1,1000,1000,0.000999999000001
291,2304429,3,flat,1000,2,1000,1000,0.000999999000001
292,2312348,3,flat,1000,0,1000,1000,0.000999999000001
292,2312348,3,flat,1000,1,997,1000,0.000996999003000997
292,2312348,3,flat,1000,2,1000,1000,0.000999999000001
293,2320267,3,flat,1000,0,999,1000,0.000998999001000999
293,2320267,3,flat,1000,1,1000,1000,0.000999999000001
293,2320267,3,flat,1000,2,999,1000,0.000998999001000999
294,2328186,3,flat,1000,0,1000,1000,0.000999999000001
294,2328186,3,flat,1000,1,1000,1000,0.000999999000001
294,2328186,3,flat,1000,2,1000,1000,0.000999999000001
295,2336105,3,flat,1000,0,1000,1000,0.000999999000001
295,2336105,3,flat,1000,1,1000,1000,0.000999999000001
295,2336105,3,flat,1000,2,999,1000,0.000998999001000999
296,2344024,3,flat,1000,0,1000,1000,0.000999999000001
296,2344024,3,flat,1000,1,1000,1000,0.000999999000001
296,2344024,3,flat,1000,2,1000,1000,0.000999999000001
297,2351943,3,flat,1000,0,1000,1000,0.000999999000001
297,2351943,3,flat,1000,1,999,1000,0.000998999001000999
297,2351943,3,flat,1000,2,999,1000,0.000998999001000999
298,2359862,3,flat,1000,0,1000,1000,0.000999999000001
298,2359862,3,flat,1000,1,1000,1000,0.000999999000001
298,2359862,3,flat,1000,2,999,1000,0.000998999001000999
299,2367781,3,flat,1000,0,1000,1000,0.000999999000001
299,2367781,3,flat,1000,1,1000,1000,0.000999999000001
299,2367781,3,flat,1000,2,997,1000,0.000996999003000997
300,2375700,5,nested,1000,0,3,3,0.000002999997000003
300,2375700,5,nested,1000,1,3,3,0.000002999997000003
300,2375700,5,nested,1000,2,3,3,0.000002999997000003
300,2375700,5,nested,1000,3,3,3,0.000002999997000003
300,2375700,5,nested,1000,4,3,3,0.000002999997000003
301,2383619,5,nested,1000,0,3,3,0.000002999997000003
301,2383619,5,nested,1000,1,3,3,0.000002999997000003
301,2383619,5,nested,1000,2,3,3,0.000002999997000003
301,2383619,5,nested,1000,3,3,3,0.000002999997000003
301,2383619,5,nested,1000,4,3,3,0.000002999997000003
302,2391538,5,nested,1000,0,3,3,0.000002999997000003
302,2391538,5,nested,1000,1,3,3,0.000002999997000003
302,2391538,5,nested,1000,2,3,3,0.000002999997000003
302,2391538,5,nested,1000,3,3,3,0.000002999997000003
302,2391538,5,nested,1000,4,3,3,0.000002999997000003
303,2399457,5,nested,1000,0,3,3,0.000002999997000003
303,2399457,5,nested,1000,1,3,3,0.000002999997000003
303,2399457,5,nested,1000,2,3,3,0.000002999997000003
303,2399457,5,nested,1000,3,3,3,0.000002999997000003
303,2399457,5,nested,1000,4,3,3,0.000002999997000003
304,2407376,5,nested,1000,0,3,3,0.000002999997000003
304,2407376,5,nested,1000,1,3,3,0.000002999997000003
304,2407376,5,nested,1000,2,3,3,0.000002999997000003
304,2407376,5,nested,1000,3,3,3,0.000002999997000003
304,2407376,5,nested,1000,4,3,3,0.000002999997000003
305,2415295,5,nested,1000,0,3,3,0.000002999997000003
305,2415295,5,nested,1000,1,3,3,0.000002999997000003
305,2415295,5,nested,1000,2,3,3,0.000002999997000003
305,2415295,5,nested,1000,3,3,3,0.000002999997000003
305,2415295,5,nested,1000,4,3,3,0.000002999997000003
306,2423214,5,nested,1000,0,3,3,0.000002999997000003
306,2423214,5,nested,1000,1,3,3,0.000002999997000003
306,2423214,5,nested,1000,2,3,3,0.000002999997000003
306,2423214,5,nested,1000,3,3,3,0.000002999997000003
306,2423214,5,nested,1000,4,3,3,0.000002999997000003
307,2431133,5,nested,1000,0,3,3,0.000002999997000003
307,2431133,5,nested,1000,1,3,3,0.000002999997000003
307,2431133,5,nested,1000,2,3,3,0.000002999997000003
307,2431133,5,nested,1000,3,3,3,0.000002999997000003
307,2431133,5,nested,1000,4,3,3,0.000002999997000003
308,2439052,5,nested,1000,0,3,3,0.000002999997000003
308,2439052,5,nested,1000,1,3,3,0.000002999997000003
308,2439052,5,nested,1000,2,3,3,0.000002999997000003
308,2439052,5,nested,1000,3,3,3,0.000002999997000003
308,2439052,5,nested,1000,4,3,3,0.000002999997000003
309,2446971,5,nested,1000,0,3,3,0.000002999997000003
309,2446971,5,nested,1000,1,3,3,0.000002999997000003
309,2446971,5,nested,1000,2,3,3,0.000002999997000003
309,2446971,5,nested,1000,3,3,3,0.000002999997000003
309,2446971,5,nested,1000,4,3,3,0.000002999997000003
310,2454890,5,nested,1000,0,3,3,0.000002999997000003
310,2454890,5,nested,1000,1,3,3,0.000002999997000003
310,2454890,5,nested,1000,2,3,3,0.000002999997000003
310,2454890,5,nested,1000,3,3,3,0.000002999997000003
310,2454890,5,nested,1000,4,3,3,0.000002999997000003
311,2462809,5,nested,1000,0,3,3,0.000002999997000003
311,2462809,5,nested,1000,1,3,3,0.000002999997000003
311,2462809,5,nested,1000,2,3,3,0.000002999997000003
311,2462809,5,nested,1000,3,3,3,0.000002999997000003
311,2462809,5,nested,1000,4,3,3,0.000002999997000003
312,2470728,5,nested,1000,0,3,3,0.000002999997000003
312,2470728,5,nested,1000,1,3,3,0.000002999997000003
312,2470728,5,nested,1000,2,3,3,0.000002999997000003
312,2470728,5,nested,1000,3,3,3,0.000002999997000003
312,2470728,5,nested,1000,4,3,3,0.000002999997000003
313,2478647,5,nested,1000,0,3,3,0.000002999997000003
313,2478647,5,nested,1000,1,3,3,0.000002999997000003
313,2478647,5,nested,1000,2,3,3,0.000002999997000003
313,2478647,5,nested,1000,3,3,3,0.000002999997000003
313,2478647,5,nested,1000,4,3,3,0.000002999997000003
314,2486566,5,nested,1000,0,3,3,0.000002999997000003
314,2486566,5,nested,1000,1,3,3,0.000002999997000003
314,2486566,5,nested,1000,2,3,3,0.000002999997000003
314,2486566,5,nested,1000,3,3,3,0.000002999997000003
314,2486566,5,nested,1000,4,3,3,0.000002999997000003
315,2494485,5,nested,1000,0,3,3,0.000002999997000003
315,2494485,5,nested,1000,1,3,3,0.000002999997000003
315,2494485,5,nested,1000,2,3,3,0.000002999997000003
315,2494485,5,nested,1000,3,3,3,0.000002999997000003
315,2494485,5,nested,1000,4,3,3,0.000002999997000003
316,2502404,5,nested,1000,0,3,3,0.000002999997000003
316,2502404,5,nested,1000,1,3,3,0.000002999997000003
316,2502404,5,nested,1000,2,3,3,0.000002999997000003
316,2502404,5,nested,1000,3,3,3,0.000002999997000003
316,2502404,5,nested,1000,4,3,3,0.000002999997000003
317,2510323,5,nested,1000,0,3,3,0.000002999997000003
317,2510323,5,nested,1000,1,3,3,0.000002999997000003
317,2510323,5,nested,1000,2,3,3,0.000002999997000003
317,2510323,5,nested,1000,3,3,3,0.000002999997000003
317,2510323,5,nested,1000,4,3,3,0.000002999997000003
318,2518242,5,nested,1000,0,3,3,0.000002999997000003
318,2518242,5,nested,1000,1,3,3,0.000002999997000003
318,2518242,5,nested,1000,2,3,3,0.000002999997000003
318,2518242,5,nested,1000,3,3,3,0.000002999997000003
318,2518242,5,nested,1000,4,3,3,0.000002999997000003
319,2526161,5,nested,1000,0,3,3,0.000002999997000003
319,2526161,5,nested,1000,1,3,3,0.000002999997000003
319,2526161,5,nested,1000,2,3,3,0.000002999997000003
319,2526161,5,nested,1000,3,3,3,0.000002999997000003
319,2526161,5,nested,1000,4,3,3,0.000002999997000003
320,2534080,5,nested,1000,0,3,3,0.000002999997000003
320,2534080,5,nested,1000,1,3,3,0.000002999997000003
320,2534080,5,nested,1000,2,3,3,0.000002999997000003
320,2534080,5,nested,1000,3,3,3,0.000002999997000003
320,2534080,5,nested,1000,4,3,3,0.000002999997000003
321,2541999,5,nested,1000,0,3,3,0.000002999997000003
321,2541999,5,nested,1000,1,3,3,0.000002999997000003
321,2541999,5,nested,1000,2,3,3,0.000002999997000003
321,2541999,5,nested,1000,3,3,3,0.000002999997000003
321,2541999,5,nested,1000,4,3,3,0.000002999997000003
322,2549918,5,nested,1000,0,3,3,0.000002999997000003
322,2549918,5,nested,1000,1,3,3,0.000002999997000003
322,2549918,5,nested,1000,2,3,3,0.000002999997000003
322,2549918,5,nested,1000,3,3,3,0.000002999997000003
322,2549918,5,nested,1000,4,3,3,0.000002999997000003
323,2557837,5,nested,1000,0,3,3,0.000002999997000003
323,2557837,5,nested,1000,1,3,3,0.000002999997000003
323,2557837,5,nested,1000,2,3,3,0.000002999997000003
323,2557837,5,nested,1000,3,3,3,0.000002999997000003
323,2557837,5,nested,1000,4,3,3,0.000002999997000003
324,2565756,5,nested,1000,0,3,3,0.000002999997000003
324,2565756,5,nested,1000,1,3,3,0.000002999997000003
324,2565756,5,nested,1000,2,3,3,0.000002999997000003
324,2565756,5,nested,1000,3,3,3,0.000002999997000003
324,2565756,5,nested,1000,4,3,3,0.000002999997000003
325,2573675,5,nested,1000,0,3,3,0.000002999997000003
325,2573675,5,nested,1000,1,3,3,0.000002999997000003
325,2573675,5,nested,1000,2,3,3,0.000002999997000003
325,2573675,5,nested,1000,3,3,3,0.000002999997000003
325,2573675,5,nested,1000,4,3,3,0.000002999997000003
326,2581594,5,nested,1000,0,3,3,0.000002999997000003
326,2581594,5,nested,1000,1,3,3,0.000002999997000003
326,2581594,5,nested,1000,2,3,3,0.000002999997000003
326,2581594,5,nested,1000,3,3,3,0.000002999997000003
326,2581594,5,nested,1000,4,3,3,0.000002999997000003
327,2589513,5,nested,1000,0,3,3,0.000002999997000003
327,2589513,5,nested,1000,1,3,3,0.000002999997000003
327,2589513,5,nested,1000,2,3,3,0.000002999997000003
327,2589513,5,nested,1000,3,3,3,0.000002999997000003
327,2589513,5,nested,1000,4,3,3,0.000002999997000003
328,2597432,5,nested,1000,0,3,3,0.000002999997000003
328,2597432,5,nested,1000,1,3,3,0.000002999997000003
328,2597432,5,nested,1000,2,3,3,0.000002999997000003
328,2597432,5,nested,1000,3,3,3,0.000002999997000003
328,2597432,5,nested,1000,4,3,3,0.000002999997000003
329,2605351,5,nested,1000,0,3,3,0.000002999997000003
329,2605351,5,nested,1000,1,3,3,0.000002999997000003
329,2605351,5,nested,1000,2,3,3,0.000002999997000003
329,2605351,5,nested,1000,3,3,3,0.000002999997000003
329,2605351,5,nested,1000,4,3,3,0.000002999997000003
330,2613270,5,nested,1000,0,3,3,0.000002999997000003
330,2613270,5,nested,1000,1,3,3,0.000002999997000003
330,2613270,5,nested,1000,2,3,3,0.000002999997000003
330,2613270,5,nested,1000,3,3,3,0.000002999997000003
330,2613270,5,nested,1000,4,3,3,0.000002999997000003
331,2621189,5,nested,1000,0,3,3,0.000002999997000003
331,2621189,5,nested,1000,1,3,3,0.000002999997000003
331,2621189,5,nested,1000,2,3,3,0.000002999997000003
331,2621189,5,nested,1000,3,3,3,0.000002999997000003
331,2621189,5,nested,1000,4,3,3,0.000002999997000003
332,2629108,5,nested,1000,0,3,3,0.000002999997000003
332,2629108,5,nested,1000,1,3,3,0.000002999997000003
332,2629108,5,nested,1000,2,3,3,0.000002999997000003
332,2629108,5,nested,1000,3,3,3,0.000002999997000003
332,2629108,5,nested,1000,4,3,3,0.000002999997000003
333,2637027,5,nested,1000,0,3,3,0.000002999997000003
333,2637027,5,nested,1000,1,3,3,0.000002999997000003
333,2637027,5,nested,1000,2,3,3,0.000002999997000003
333,2637027,5,nested,1000,3,3,3,0.000002999997000003
333,2637027,5,nested,1000,4,3,3,0.000002999997000003
334,2644946,5,nested,1000,0,3,3,0.000002999997000003
334,2644946,5,nested,1000,1,3,3,0.000002999997000003
334,2644946,5,nested,1000,2,3,3,0.000002999997000003
334,2644946,5,nested,1000,3,3,3,0.000002999997000003
334,2644946,5,nested,1000,4,3,3,0.000002999997000003
335,2652865,5,nested,1000,0,3,3,0.000002999997000003
335,2652865,5,nested,1000,1,3,3,0.000002999997000003
335,2652865,5,nested,1000,2,3,3,0.000002999997000003
335,2652865,5,nested,1000,3,3,3,0.000002999997000003
335,2652865,5,nested,1000,4,3,3,0.000002999997000003
336,2660784,5,nested,1000,0,3,3,0.000002999997000003
336,2660784,5,nested,1000,1,3,3,0.000002999997000003
336,2660784,5,nested,1000,2,3,3,0.000002999997000003
336,2660784,5,nested,1000,3,3,3,0.000002999997000003
336,2660784,5,nested,1000,4,3,3,0.000002999997000003
337,2668703,5,nested,1000,0,3,3,0.000002999997000003
337,2668703,5,nested,1000,1,3,3,0.000002999997000003
337,2668703,5,nested,1000,2,3,3,0.000002999997000003
337,2668703,5,nested,1000,3,3,3,0.000002999997000003
337,2668703,5,nested,1000,4,3,3,0.000002999997000003
338,2676622,5,nested,1000,0,3,3,0.000002999997000003
338,2676622,5,nested,1000,1,3,3,0.000002999997000003
338,2676622,5,nested,1000,2,3,3,0.000002999997000003
338,2676622,5,nested,1000,3,3,3,0.000002999997000003
338,2676622,5,nested,1000,4,3,3,0.000002999997000003
339,2684541,5,nested,1000,0,3,3,0.000002999997000003
339,2684541,5,nested,1000,1,3,3,0.000002999997000003
339,2684541,5,nested,1000,2,3,3,0.000002999997000003
339,2684541,5,nested,1000,3,3,3,0.000002999997000003
339,2684541,5,nested,1000,4,3,3,0.000002999997000003
340,2692460,5,nested,1000,0,3,3,0.000002999997000003
340,2692460,5,nested,1000,1,3,3,0.000002999997000003
340,2692460,5,nested,1000,2,3,3,0.000002999997000003
340,2692460,5,nested,1000,3,3,3,0.000002999997000003
340,2692460,5,nested,1000,4,3,3,0.000002999997000003
341,2700379,5,nested,1000,0,3,3,0.000002999997000003
341,2700379,5,nested,1000,1,3,3,0.000002999997000003
341,2700379,5,nested,1000,2,3,3,0.000002999997000003
341,2700379,5,nested,1000,3,3,3,0.000002999997000003
341,2700379,5,nested,1000,4,3,3,0.000002999997000003
342,2708298,5,nested,1000,0,3,3,0.000002999997000003
342,2708298,5,nested,1000,1,3,3,0.000002999997000003
342,2708298,5,nested,1000,2,3,3,0.000002999997000003
342,2708298,5,nested,1000,3,3,3,0.000002999997000003
342,2708298,5,nested,1000,4,3,3,0.000002999997000003
343,2716217,5,nested,1000,0,3,3,0.000002999997000003
343,2716217,5,nested,1000,1,3,3,0.000002999997000003
343,2716217,5,nested,1000,2,3,3,0.000002999997000003
343,2716217,5,nested,1000,3,3,3,0.000002999997000003
343,2716217,5,nested,1000,4,3,3,0.000002999997000003
344,2724136,5,nested,1000,0,3,3,0.000002999997000003
344,2724136,5,nested,1000,1,3,3,0.000002999997000003
344,2724136,5,nested,1000,2,3,3,0.000002999997000003
344,2724136,5,nested,1000,3,3,3,0.000002999997000003
344,2724136,5,nested,1000,4,3,3,0.000002999997000003
345,2732055,5,nested,1000,0,3,3,0.000002999997000003
345,2732055,5,nested,1000,1,3,3,0.000002999997000003
345,2732055,5,nested,1000,2,3,3,0.000002999997000003
345,2732055,5,nested,1000,3,3,3,0.000002999997000003
345,2732055,5,nested,1000,4,3,3,0.000002999997000003
346,2739974,5,nested,1000,0,3,3,0.000002999997000003
346,2739974,5,nested,1000,1,3,3,0.000002999997000003
346,2739974,5,nested,1000,2,3,3,0.000002999997000003
346,2739974,5,nested,1000,3,3,3,0.000002999997000003
346,2739974,5,nested,1000,4,3,3,0.000002999997000003
347,2747893,5,nested,1000,0,3,3,0.000002999997000003
347,2747893,5,nested,1000,1,3,3,0.000002999997000003
347,2747893,5,nested,1000,2,3,3,0.000002999997000003
347,2747893,5,nested,1000,3,3,3,0.000002999997000003
347,2747893,5,nested,1000,4,3,3,0.000002999997000003
348,2755812,5,nested,1000,0,3,3,0.000002999997000003
348,2755812,5,nested,1000,1,3,3,0.000002999997000003
348,2755812,5,nested,1000,2,3,3,0.000002999997000003
348,2755812,5,nested,1000,3,3,3,0.000002999997000003
348,2755812,5,nested,1000,4,3,3,0.000002999997000003
349,2763731,5,nested,1000,0,3,3,0.000002999997000003
349,2763731,5,nested,1000,1,3,3,0.000002999997000003
349,2763731,5,nested,1000,2,3,3,0.000002999997000003
349,2763731,5,nested,1000,3,3,3,0.000002999997000003
349,2763731,5,nested,1000,4,3,3,0.000002999997000003
350,2771650,5,flat,1000,0,1000,1000,0.000999999000001
350,2771650,5,flat,1000,1,1000,1000,0.000999999000001
350,2771650,5,flat,1000,2,998,1000,0.000997999002000998
350,2771650,5,flat,1000,3,999,1000,0.000998999001000999
350,2771650,5,flat,1000,4,999,1000,0.000998999001000999
351,2779569,5,flat,1000,0,1000,1000,0.000999999000001
351,2779569,5,flat,1000,1,999,1000,0.000998999001000999
351,2779569,5,flat,1000,2,999,1000,0.000998999001000999
351,2779569,5,flat,1000,3,1000,1000,0.000999999000001
351,2779569,5,flat,1000,4,1000,1000,0.000999999000001
352,2787488,5,flat,1000,0,1000,1000,0.000999999000001
352,2787488,5,flat,1000,1,999,1000,0.000998999001000999
352,2787488,5,flat,1000,2,1000,1000,0.000999999000001
352,2787488,5,flat,1000,3,1000,1000,0.000999999000001
352,2787488,5,flat,1000,4,1000,1000,0.000999999000001
353,2795407,5,flat,1000,0,999,1000,0.000998999001000999
353,2795407,5,flat,1000,1,1000,1000,0.000999999000001
353,2795407,5,flat,1000,2,1000,1000,0.000999999000001
353,2795407,5,flat,1000,3,999,1000,0.000998999001000999
353,2795407,5,flat,1000,4,1000,1000,0.000999999000001
354,2803326,5,flat,1000,0,999,1000,0.000998999001000999
354,2803326,5,flat,1000,1,1000,1000,0.000999999000001
354,2803326,5,flat,1000,2,1000,1000,0.000999999000001
354,2803326,5,flat,1000,3,998,1000,0.000997999002000998
354,2803326,5,flat,1000,4,999,1000,0.000998999001000999
355,2811245,5,flat,1000,0,999,1000,0.000998999001000999
355,2811245,5,flat,1000,1,999,1000,0.000998999001000999
355,2811245,5,flat,1000,2,999,1000,0.000998999001000999
355,2811245,5,flat,1000,3,1000,1000,0.000999999000001
355,2811245,5,flat,1000,4,1000,1000,0.000999999000001
356,2819164,5,flat,1000,0,999,1000,0.000998999001000999
356,2819164,5,flat,1000,1,1000,1000,0.000999999000001
356,2819164,5,flat,1000,2,1000,1000,0.000999999000001
356,2819164,5,flat,1000,3,1000,1000,0.000999999000001
356,2819164,5,flat,1000,4,1000,1000,0.000999999000001
357,2827083,5,flat,1000,0,999,1000,0.000998999001000999
357,2827083,5,flat,1000,1,1000,1000,0.000999999000001
357,2827083,5,flat,1000,2,1000,1000,0.000999999000001
357,2827083,5,flat,1000,3,1000,1000,0.000999999000001
357,2827083,5,flat,1000,4,1000,1000,0.000999999000001
358,2835002,5,flat,1000,0,999,1000,0.000998999001000999
358,2835002,5,flat,1000,1,999,1000,0.000998999001000999
358,2835002,5,flat,1000,2,999,1000,0.000998999001000999
358,2835002,5,flat,1000,3,1000,1000,0.000999999000001
358,2835002,5,flat,1000,4,1000,1000,0.000999999000001
359,2842921,5,flat,1000,0,999,1000,0.000998999001000999
359,2842921,5,flat,1000,1,998,1000,0.000997999002000998
359,2842921,5,flat,1000,2,1000,1000,0.000999999000001
359,2842921,5,flat,1000,3,999,1000,0.000998999001000999
359,2842921,5,flat,1000,4,999,1000,0.000998999001000999
360,2850840,5,flat,1000,0,1000,1000,0.000999999000001
360,2850840,5,flat,1000,1,1000,1000,0.000999999000001
360,2850840,5,flat,1000,2,1000,1000,0.000999999000001
360,2850840,5,flat,1000,3,999,1000,0.000998999001000999
360,2850840,5,flat,1000,4,1000,1000,0.000999999000001
361,2858759,5,flat,1000,0,1000,1000,0.000999999000001
361,2858759,5,flat,1000,1,1000,1000,0.000999999000001
361,2858759,5,flat,1000,2,1000,1000,0.000999999000001
361,2858759,5,flat,1000,3,999,1000,0.000998999001000999
361,2858759,5,flat,1000,4,999,1000,0.000998999001000999
362,2866678,5,flat,1000,0,1000,1000,0.000999999000001
362,2866678,5,flat,1000,1,1000,1000,0.000999999000001
362,2866678,5,flat,1000,2,999,1000,0.000998999001000999
362,2866678,5,flat,1000,3,1000,1000,0.000999999000001
362,2866678,5,flat,1000,4,999,1000,0.000998999001000999
363,2874597,5,flat,1000,0,1000,1000,0.000999999000001
363,2874597,5,flat,1000,1,1000,1000,0.000999999000001
363,2874597,5,flat,1000,2,1000,1000,0.000999999000001
363,2874597,5,flat,1000,3,999,1000,0.000998999001000999
363,2874597,5,flat,1000,4,1000,1000,0.000999999000001
364,2882516,5,flat,1000,0,1000,1000,0.000999999000001
364,2882516,5,flat,1000,1,1000,1000,0.000999999000001
364,2882516,5,flat,1000,2,1000,1000,0.000999999000001
364,2882516,5,flat,1000,3,999,1000,0.000998999001000999
364,2882516,5,flat,1000,4,1000,1000,0.000999999000001
365,2890435,5,flat,1000,0,999,1000,0.000998999001000999
365,2890435,5,flat,1000,1,1000,1000,0.000999999000001
365,2890435,5,flat,1000,2,1000,1000,0.000999999000001
365,2890435,5,flat,1000,3,1000,1000,0.000999999000001
365,2890435,5,flat,1000,4,1000,1000,0.000999999000001
366,2898354,5,flat,1000,0,1000,1000,0.000999999000001
366,2898354,5,flat,1000,1,1000,1000,0.000999999000001
366,2898354,5,flat,1000,2,1000,1000,0.000999999000001
366,2898354,5,flat,1000,3,999,1000,0.000998999001000999
366,2898354,5,flat,1000,4,1000,1000,0.000999999000001
367,2906273,5,flat,1000,0,999,1000,0.000998999001000999
367,2906273,5,flat,1000,1,1000,1000,0.000999999000001
367,2906273,5,flat,1000,2,999,1000,0.000998999001000999
367,2906273,5,flat,1000,3,1000,1000,0.000999999000001
367,2906273,5,flat,1000,4,1000,1000,0.000999999000001
368,2914192,5,flat,1000,0,1000,1000,0.000999999000001
368,2914192,5,flat,1000,1,998,1000,0.000997999002000998
368,2914192,5,flat,1000,2,999,1000,0.000998999001000999
368,2914192,5,flat,1000,3,1000,1000,0.000999999000001
368,2914192,5,flat,1000,4,999,1000,0.000998999001000999
369,2922111,5,flat,1000,0,1000,1000,0.000999999000001
369,2922111,5,flat,1000,1,1000,1000,0.000999999000001
369,2922111,5,flat,1000,2,999,1000,0.000998999001000999
369,2922111,5,flat,1000,3,999,1000,0.000998999001000999
369,2922111,5,flat,1000,4,1000,1000,0.000999999000001
370,2930030,5,flat,1000,0,999,1000,0.000998999001000999
370,2930030,5,flat,1000,1,998,1000,0.000997999002000998
370,2930030,5,flat,1000,2,999,1000,0.000998999001000999
370,2930030,5,flat,1000,3,999,1000,0.000998999001000999
370,2930030,5,flat,1000,4,999,1000,0.000998999001000999
371,2937949,5,flat,1000,0,999,1000,0.000998999001000999
371,2937949,5,flat,1000,1,999,1000,0.000998999001000999
371,2937949,5,flat,1000,2,999,1000,0.000998999001000999
371,2937949,5,flat,1000,3,998,1000,0.000997999002000998
371,2937949,5,flat,1000,4,1000,1000,0.000999999000001
372,2945868,5,flat,1000,0,1000,1000,0.000999999000001
372,2945868,5,flat,1000,1,999,1000,0.000998999001000999
372,2945868,5,flat,1000,2,999,1000,0.000998999001000999
372,2945868,5,flat,1000,3,1000,1000,0.000999999000001
372,2945868,5,flat,1000,4,999,1000,0.000998999001000999
373,2953787,5,flat,1000,0,1000,1000,0.000999999000001
373,2953787,5,flat,1000,1,1000,1000,0.000999999000001
373,2953787,5,flat,1000,2,1000,1000,0.000999999000001
373,2953787,5,flat,1000,3,1000,1000,0.000999999000001
373,2953787,5,flat,1000,4,999,1000,0.000998999001000999
374,2961706,5,flat,1000,0,1000,1000,0.000999999000001
374,2961706,5,flat,1000,1,999,1000,0.000998999001000999
374,2961706,5,flat,1000,2,1000,1000,0.000999999000001
374,2961706,5,flat,1000,3,999,1000,0.000998999001000999
374,2961706,5,flat,1000,4,1000,1000,0.000999999000001
375,2969625,5,flat,1000,0,999,1000,0.000998999001000999
375,2969625,5,flat,1000,1,998,1000,0.000997999002000998
375,2969625,5,flat,1000,2,1000,1000,0.000999999000001
375,2969625,5,flat,1000,3,999,1000,0.000998999001000999
375,2969625,5,flat,1000,4,998,1000,0.000997999002000998
376,2977544,5,flat,1000,0,1000,1000,0.000999999000001
376,2977544,5,flat,1000,1,1000,1000,0.000999999000001
376,2977544,5,flat,1000,2,999,1000,0.000998999001000999
376,2977544,5,flat,1000,3,999,1000,0.000998999001000999
376,2977544,5,flat,1000,4,999,1000,0.000998999001000999
377,2985463,5,flat,1000,0,1000,1000,0.000999999000001
377,2985463,5,flat,1000,1,1000,1000,0.000999999000001
377,2985463,5,flat,1000,2,1000,1000,0.000999999000001
377,2985463,5,flat,1000,3,998,1000,0.000997999002000998
377,2985463,5,flat,1000,4,1000,1000,0.000999999000001
378,2993382,5,flat,1000,0,1000,1000,0.000999999000001
378,2993382,5,flat,1000,1,1000,1000,0.000999999000001
378,2993382,5,flat,1000,2,998,1000,0.000997999002000998
378,2993382,5,flat,1000,3,999,1000,0.000998999001000999
378,2993382,5,flat,1000,4,999,1000,0.000998999001000999
379,3001301,5,flat,1000,0,999,1000,0.000998999001000999
379,3001301,5,flat,1000,1,1000,1000,0.000999999000001
379,3001301,5,flat,1000,2,998,1000,0.000997999002000998
379,3001301,5,flat,1000,3,1000,1000,0.000999999000001
379,3001301,5,flat,1000,4,998,1000,0.000997999002000998
380,3009220,5,flat,1000,0,1000,1000,0.000999999000001
380,3009220,5,flat,1000,1,999,1000,0.000998999001000999
380,3009220,5,flat,1000,2,1000,1000,0.000999999000001
380,3009220,5,flat,1000,3,1000,1000,0.000999999000001
380,3009220,5,flat,1000,4,1000,1000,0.000999999000001
381,3017139,5,flat,1000,0,1000,1000,0.000999999000001
381,3017139,5,flat,1000,1,998,1000,0.000997999002000998
381,3017139,5,flat,1000,2,1000,1000,0.000999999000001
381,3017139,5,flat,1000,3,1000,1000,0.000999999000001
381,3017139,5,flat,1000,4,1000,1000,0.000999999000001
382,3025058,5,flat,1000,0,999,1000,0.000998999001000999
382,3025058,5,flat,1000,1,999,1000,0.000998999001000999
382,3025058,5,flat,1000,2,1000,1000,0.000999999000001
382,3025058,5,flat,1000,3,999,1000,0.000998999001000999
382,3025058,5,flat,1000,4,1000,1000,0.000999999000001
383,3032977,5,flat,1000,0,1000,1000,0.000999999000001
383,3032977,5,flat,1000,1,1000,1000,0.000999999000001
383,3032977,5,flat,1000,2,1000,1000,0.000999999000001
383,3032977,5,flat,1000,3,1000,1000,0.000999999000001
383,3032977,5,flat,1000,4,999,1000,0.000998999001000999
384,3040896,5,flat,1000,0,1000,1000,0.000999999000001
384,3040896,5,flat,1000,1,1000,1000,0.000999999000001
384,3040896,5,flat,1000,2,998,1000,0.000997999002000998
384,3040896,5,flat,1000,3,999,1000,0.000998999001000999
384,3040896,5,flat,1000,4,999,1000,0.000998999001000999
385,3048815,5,flat,1000,0,1000,1000,0.000999999000001
385,3048815,5,flat,1000,1,1000,1000,0.000999999000001
385,3048815,5,flat,1000,2,1000,1000,0.000999999000001
385,3048815,5,flat,1000,3,999,1000,0.000998999001000999
385,3048815,5,flat,1000,4,999,1000,0.000998999001000999
386,3056734,5,flat,1000,0,1000,1000,0.000999999000001
386,3056734,5,flat,1000,1,999,1000,0.000998999001000999
386,3056734,5,flat,1000,2,1000,1000,0.000999999000001
386,3056734,5,flat,1000,3,999,1000,0.000998999001000999
386,3056734,5,flat,1000,4,999,1000,0.000998999001000999
387,3064653,5,flat,1000,0,999,1000,0.000998999001000999
387,3064653,5,flat,1000,1,998,1000,0.000997999002000998
387,3064653,5,flat,1000,2,1000,1000,0.000999999000001
387,3064653,5,flat,1000,3,998,1000,0.000997999002000998
387,3064653,5,flat,1000,4,1000,1000,0.000999999000001
388,3072572,5,flat,1000,0,999,1000,0.000998999001000999
388,3072572,5,flat,1000,1,1000,1000,0.000999999000001
388,3072572,5,flat,1000,2,1000,1000,0.000999999000001
388,3072572,5,flat,1000,3,1000,1000,0.000999999000001
388,3072572,5,flat,1000,4,1000,1000,0.000999999000001
389,3080491,5,flat,1000,0,1000,1000,0.000999999000001
389,3080491,5,flat,1000,1,998,1000,0.000997999002000998
389,3080491,5,flat,1000,2,999,1000,0.000998999001000999
389,3080491,5,flat,1000,3,996,1000,0.000995999004000996
389,3080491,5,flat,1000,4,1000,1000,0.000999999000001
390,3088410,5,flat,1000,0,1000,1000,0.000999999000001
390,3088410,5,flat,1000,1,1000,1000,0.000999999000001
390,3088410,5,flat,1000,2,1000,1000,0.000999999000001
390,3088410,5,flat,1000,3,998,1000,0.000997999002000998
390,3088410,5,flat,1000,4,1000,1000,0.000999999000001
391,3096329,5,flat,1000,0,1000,1000,0.000999999000001
391,3096329,5,flat,1000,1,998,1000,0.000997999002000998
391,3096329,5,flat,1000,2,999,1000,0.000998999001000999
391,3096329,5,flat,1000,3,1000,1000,0.000999999000001
391,3096329,5,flat,1000,4,1000,1000,0.000999999000001
392,3104248,5,flat,1000,0,1000,1000,0.000999999000001
392,3104248,5,flat,1000,1,999,1000,0.000998999001000999
392,3104248,5,flat,1000,2,999,1000,0.000998999001000999
392,3104248,5,flat,1000,3,1000,1000,0.000999999000001
392,3104248,5,flat,1000,4,999,1000,0.000998999001000999
393,3112167,5,flat,1000,0,1000,1000,0.000999999000001
393,3112167,5,flat,1000,1,999,1000,0.000998999001000999
393,3112167,5,flat,1000,2,999,1000,0.000998999001000999
393,3112167,5,flat,1000,3,998,1000,0.000997999002000998
393,3112167,5,flat,1000,4,1000,1000,0.000999999000001
394,3120086,5,flat,1000,0,1000,1000,0.000999999000001
394,3120086,5,flat,1000,1,997,1000,0.000996999003000997
394,3120086,5,flat,1000,2,1000,1000,0.000999999000001
394,3120086,5,flat,1000,3,1000,1000,0.000999999000001
394,3120086,5,flat,1000,4,999,1000,0.000998999001000999
395,3128005,5,flat,1000,0,999,1000,0.000998999001000999
395,3128005,5,flat,1000,1,1000,1000,0.000999999000001
395,3128005,5,flat,1000,2,999,1000,0.000998999001000999
395,3128005,5,flat,1000,3,999,1000,0.000998999001000999
395,3128005,5,flat,1000,4,999,1000,0.000998999001000999
396,3135924,5,flat,1000,0,1000,1000,0.000999999000001
396,3135924,5,flat,1000,1,998,1000,0.000997999002000998
396,3135924,5,flat,1000,2,1000,1000,0.000999999000001
396,3135924,5,flat,1000,3,1000,1000,0.000999999000001
396,3135924,5,flat,1000,4,1000,1000,0.000999999000001
397,3143843,5,flat,1000,0,999,1000,0.000998999001000999
397,3143843,5,flat,1000,1,999,1000,0.000998999001000999
397,3143843,5,flat,1000,2,999,1000,0.000998999001000999
397,3143843,5,flat,1000,3,1000,1000,0.000999999000001
397,3143843,5,flat,1000,4,999,1000,0.000998999001000999
398,3151762,5,flat,1000,0,1000,1000,0.000999999000001
398,3151762,5,flat,1000,1,1000,1000,0.000999999000001
398,3151762,5,flat,1000,2,999,1000,0.000998999001000999
398,3151762,5,flat,1000,3,999,1000,0.000998999001000999
398,3151762,5,flat,1000,4,999,1000,0.000998999001000999
399,3159681,5,flat,1000,0,999,1000,0.000998999001000999
399,3159681,5,flat,1000,1,1000,1000,0.000999999000001
399,3159681,5,flat,1000,2,1000,1000,0.000999999000001
399,3159681,5,flat,1000,3,1000,1000,0.000999999000001
399,3159681,5,flat,1000,4,999,1000,0.000998999001000999
