trial_id,seed,scenario,warmup_count,true_size,estimated_size,ci_lower,ci_upper,true_in_ci,relative_error
0,0,same_pass_rate_50pct,0,250,239,159.00,322.00,true,0.044000
1,7919,same_pass_rate_50pct,0,250,239,159.00,322.00,true,0.044000
2,15838,same_pass_rate_50pct,0,250,239,159.00,322.00,true,0.044000
3,23757,same_pass_rate_50pct,0,250,239,159.00,322.00,true,0.044000
4,31676,same_pass_rate_50pct,0,250,239,159.00,322.00,true,0.044000
5,39595,same_pass_rate_50pct,0,250,239,159.00,322.00,true,0.044000
6,47514,same_pass_rate_50pct,0,250,239,159.00,322.00,true,0.044000
7,55433,same_pass_rate_50pct,0,250,239,159.00,322.00,true,0.044000
8,63352,same_pass_rate_50pct,0,250,239,159.00,322.00,true,0.044000
9,71271,same_pass_rate_50pct,0,250,239,159.00,322.00,true,0.044000
10,79190,same_pass_rate_50pct,0,250,239,159.00,322.00,true,0.044000
11,87109,same_pass_rate_50pct,0,250,239,159.00,322.00,true,0.044000
12,95028,same_pass_rate_50pct,0,250,239,159.00,322.00,true,0.044000
13,102947,same_pass_rate_50pct,0,250,239,159.00,322.00,true,0.044000
14,110866,same_pass_rate_50pct,0,250,239,159.00,322.00,true,0.044000
15,118785,same_pass_rate_50pct,0,250,239,159.00,322.00,true,0.044000
16,126704,same_pass_rate_50pct,0,250,239,159.00,322.00,true,0.044000
17,134623,same_pass_rate_50pct,0,250,239,159.00,322.00,true,0.044000
18,142542,same_pass_rate_50pct,0,250,239,159.00,322.00,true,0.044000
19,150461,same_pass_rate_50pct,0,250,239,159.00,322.00,true,0.044000
20,158380,same_pass_rate_50pct,0,250,239,159.00,322.00,true,0.044000
21,166299,same_pass_rate_50pct,0,250,239,159.00,322.00,true,0.044000
22,174218,same_pass_rate_50pct,0,250,239,159.00,322.00,true,0.044000
23,182137,same_pass_rate_50pct,0,250,239,159.00,322.00,true,0.044000
24,190056,same_pass_rate_50pct,0,250,239,159.00,322.00,true,0.044000
25,197975,same_pass_rate_50pct,0,250,239,159.00,322.00,true,0.044000
26,205894,same_pass_rate_50pct,0,250,239,159.00,322.00,true,0.044000
27,213813,same_pass_rate_50pct,0,250,239,159.00,322.00,true,0.044000
28,221732,same_pass_rate_50pct,0,250,239,159.00,322.00,true,0.044000
29,229651,same_pass_rate_50pct,0,250,239,159.00,322.00,true,0.044000
30,237570,same_pass_rate_50pct,0,250,239,159.00,322.00,true,0.044000
31,245489,same_pass_rate_50pct,0,250,239,159.00,322.00,true,0.044000
32,253408,same_pass_rate_50pct,0,250,239,159.00,322.00,true,0.044000
33,261327,same_pass_rate_50pct,0,250,239,159.00,322.00,true,0.044000
34,269246,same_pass_rate_50pct,0,250,239,159.00,322.00,true,0.044000
35,277165,same_pass_rate_50pct,0,250,239,159.00,322.00,true,0.044000
36,285084,same_pass_rate_50pct,0,250,239,159.00,322.00,true,0.044000
37,293003,same_pass_rate_50pct,0,250,239,159.00,322.00,true,0.044000
38,300922,same_pass_rate_50pct,0,250,239,159.00,322.00,true,0.044000
39,308841,same_pass_rate_50pct,0,250,239,159.00,322.00,true,0.044000
40,316760,same_pass_rate_50pct,0,250,239,159.00,322.00,true,0.044000
41,324679,same_pass_rate_50pct,0,250,239,159.00,322.00,true,0.044000
42,332598,same_pass_rate_50pct,0,250,239,159.00,322.00,true,0.044000
43,340517,same_pass_rate_50pct,0,250,239,159.00,322.00,true,0.044000
44,348436,same_pass_rate_50pct,0,250,239,159.00,322.00,true,0.044000
45,356355,same_pass_rate_50pct,0,250,239,159.00,322.00,true,0.044000
46,364274,same_pass_rate_50pct,0,250,239,159.00,322.00,true,0.044000
47,372193,same_pass_rate_50pct,0,250,239,159.00,322.00,true,0.044000
48,380112,same_pass_rate_50pct,0,250,239,159.00,322.00,true,0.044000
49,388031,same_pass_rate_50pct,0,250,239,159.00,322.00,true,0.044000
50,395950,same_pass_rate_50pct,0,250,239,159.00,322.00,true,0.044000
51,403869,same_pass_rate_50pct,0,250,239,159.00,322.00,true,0.044000
52,411788,same_pass_rate_50pct,0,250,239,159.00,322.00,true,0.044000
53,419707,same_pass_rate_50pct,0,250,239,159.00,322.00,true,0.044000
54,427626,same_pass_rate_50pct,0,250,239,159.00,322.00,true,0.044000
55,435545,same_pass_rate_50pct,0,250,239,159.00,322.00,true,0.044000
56,443464,same_pass_rate_50pct,0,250,239,159.00,322.00,true,0.044000
57,451383,same_pass_rate_50pct,0,250,239,159.00,322.00,true,0.044000
58,459302,same_pass_rate_50pct,0,250,239,159.00,322.00,true,0.044000
59,467221,same_pass_rate_50pct,0,250,239,159.00,322.00,true,0.044000
60,475140,same_pass_rate_50pct,0,250,239,159.00,322.00,true,0.044000
61,483059,same_pass_rate_50pct,0,250,239,159.00,322.00,true,0.044000
62,490978,same_pass_rate_50pct,0,250,239,159.00,322.00,true,0.044000
63,498897,same_pass_rate_50pct,0,250,239,159.00,322.00,true,0.044000
64,506816,same_pass_rate_50pct,0,250,239,159.00,322.00,true,0.044000
65,514735,same_pass_rate_50pct,0,250,239,159.00,322.00,true,0.044000
66,522654,same_pass_rate_50pct,0,250,239,159.00,322.00,true,0.044000
67,530573,same_pass_rate_50pct,0,250,239,159.00,322.00,true,0.044000
68,538492,same_pass_rate_50pct,0,250,239,159.00,322.00,true,0.044000
69,546411,same_pass_rate_50pct,0,250,239,159.00,322.00,true,0.044000
70,554330,same_pass_rate_50pct,0,250,239,159.00,322.00,true,0.044000
71,562249,same_pass_rate_50pct,0,250,239,159.00,322.00,true,0.044000
72,570168,same_pass_rate_50pct,0,250,239,159.00,322.00,true,0.044000
73,578087,same_pass_rate_50pct,0,250,239,159.00,322.00,true,0.044000
74,586006,same_pass_rate_50pct,0,250,239,159.00,322.00,true,0.044000
75,593925,same_pass_rate_50pct,0,250,239,159.00,322.00,true,0.044000
76,601844,same_pass_rate_50pct,0,250,239,159.00,322.00,true,0.044000
77,609763,same_pass_rate_50pct,0,250,239,159.00,322.00,true,0.044000
78,617682,same_pass_rate_50pct,0,250,239,159.00,322.00,true,0.044000
79,625601,same_pass_rate_50pct,0,250,239,159.00,322.00,true,0.044000
80,633520,same_pass_rate_50pct,0,250,239,159.00,322.00,true,0.044000
81,641439,same_pass_rate_50pct,0,250,239,159.00,322.00,true,0.044000
82,649358,same_pass_rate_50pct,0,250,239,159.00,322.00,true,0.044000
83,657277,same_pass_rate_50pct,0,250,239,159.00,322.00,true,0.044000
84,665196,same_pass_rate_50pct,0,250,239,159.00,322.00,true,0.044000
85,673115,same_pass_rate_50pct,0,250,239,159.00,322.00,true,0.044000
86,681034,same_pass_rate_50pct,0,250,239,159.00,322.00,true,0.044000
87,688953,same_pass_rate_50pct,0,250,239,159.00,322.00,true,0.044000
88,696872,same_pass_rate_50pct,0,250,239,159.00,322.00,true,0.044000
89,704791,same_pass_rate_50pct,0,250,239,159.00,322.00,true,0.044000
90,712710,same_pass_rate_50pct,0,250,239,159.00,322.00,true,0.044000
91,720629,same_pass_rate_50pct,0,250,239,159.00,322.00,true,0.044000
92,728548,same_pass_rate_50pct,0,250,239,159.00,322.00,true,0.044000
93,736467,same_pass_rate_50pct,0,250,239,159.00,322.00,true,0.044000
94,744386,same_pass_rate_50pct,0,250,239,159.00,322.00,true,0.044000
95,752305,same_pass_rate_50pct,0,250,239,159.00,322.00,true,0.044000
96,760224,same_pass_rate_50pct,0,250,239,159.00,322.00,true,0.044000
97,768143,same_pass_rate_50pct,0,250,239,159.00,322.00,true,0.044000
98,776062,same_pass_rate_50pct,0,250,239,159.00,322.00,true,0.044000
99,783981,same_pass_rate_50pct,0,250,239,159.00,322.00,true,0.044000
100,0,same_pass_rate_50pct,10,250,250,188.00,312.00,true,0.000000
101,7919,same_pass_rate_50pct,10,250,198,147.00,255.00,true,0.208000
102,15838,same_pass_rate_50pct,10,250,276,210.00,339.00,true,0.104000
103,23757,same_pass_rate_50pct,10,250,233,175.00,294.00,true,0.068000
104,31676,same_pass_rate_50pct,10,250,244,183.00,306.00,true,0.024000
105,39595,same_pass_rate_50pct,10,250,256,193.00,318.00,true,0.024000
106,47514,same_pass_rate_50pct,10,250,269,204.00,332.00,true,0.076000
107,55433,same_pass_rate_50pct,10,250,233,175.00,294.00,true,0.068000
108,63352,same_pass_rate_50pct,10,250,269,204.00,332.00,true,0.076000
109,71271,same_pass_rate_50pct,10,250,233,175.00,294.00,true,0.068000
110,79190,same_pass_rate_50pct,10,250,219,163.00,278.00,true,0.124000
111,87109,same_pass_rate_50pct,10,250,263,198.00,325.00,true,0.052000
112,95028,same_pass_rate_50pct,10,250,214,159.00,274.00,true,0.144000
113,102947,same_pass_rate_50pct,10,250,263,198.00,325.00,true,0.052000
114,110866,same_pass_rate_50pct,10,250,191,141.00,247.00,false,0.236000
115,118785,same_pass_rate_50pct,10,250,250,188.00,312.00,true,0.000000
116,126704,same_pass_rate_50pct,10,250,256,193.00,318.00,true,0.024000
117,134623,same_pass_rate_50pct,10,250,292,223.00,354.00,true,0.168000
118,142542,same_pass_rate_50pct,10,250,198,147.00,255.00,true,0.208000
119,150461,same_pass_rate_50pct,10,250,250,188.00,312.00,true,0.000000
120,158380,same_pass_rate_50pct,10,250,233,175.00,294.00,true,0.068000
121,166299,same_pass_rate_50pct,10,250,219,163.00,278.00,true,0.124000
122,174218,same_pass_rate_50pct,10,250,269,204.00,332.00,true,0.076000
123,182137,same_pass_rate_50pct,10,250,244,183.00,306.00,true,0.024000
124,190056,same_pass_rate_50pct,10,250,228,171.00,289.00,true,0.088000
125,197975,same_pass_rate_50pct,10,250,223,167.00,284.00,true,0.108000
126,205894,same_pass_rate_50pct,10,250,244,183.00,306.00,true,0.024000
127,213813,same_pass_rate_50pct,10,250,250,188.00,312.00,true,0.000000
128,221732,same_pass_rate_50pct,10,250,269,204.00,332.00,true,0.076000
129,229651,same_pass_rate_50pct,10,250,219,163.00,278.00,true,0.124000
130,237570,same_pass_rate_50pct,10,250,263,198.00,325.00,true,0.052000
131,245489,same_pass_rate_50pct,10,250,219,163.00,278.00,true,0.124000
132,253408,same_pass_rate_50pct,10,250,214,159.00,274.00,true,0.144000
133,261327,same_pass_rate_50pct,10,250,256,193.00,318.00,true,0.024000
134,269246,same_pass_rate_50pct,10,250,263,198.00,325.00,true,0.052000
135,277165,same_pass_rate_50pct,10,250,214,159.00,274.00,true,0.144000
136,285084,same_pass_rate_50pct,10,250,256,193.00,318.00,true,0.024000
137,293003,same_pass_rate_50pct,10,250,228,171.00,289.00,true,0.088000
138,300922,same_pass_rate_50pct,10,250,263,198.00,325.00,true,0.052000
139,308841,same_pass_rate_50pct,10,250,244,183.00,306.00,true,0.024000
140,316760,same_pass_rate_50pct,10,250,269,204.00,332.00,true,0.076000
141,324679,same_pass_rate_50pct,10,250,284,216.00,346.00,true,0.136000
142,332598,same_pass_rate_50pct,10,250,223,167.00,284.00,true,0.108000
143,340517,same_pass_rate_50pct,10,250,269,204.00,332.00,true,0.076000
144,348436,same_pass_rate_50pct,10,250,239,179.00,300.00,true,0.044000
145,356355,same_pass_rate_50pct,10,250,256,193.00,318.00,true,0.024000
146,364274,same_pass_rate_50pct,10,250,250,188.00,312.00,true,0.000000
147,372193,same_pass_rate_50pct,10,250,239,179.00,300.00,true,0.044000
148,380112,same_pass_rate_50pct,10,250,269,204.00,332.00,true,0.076000
149,388031,same_pass_rate_50pct,10,250,239,179.00,300.00,true,0.044000
150,395950,same_pass_rate_50pct,10,250,263,198.00,325.00,true,0.052000
151,403869,same_pass_rate_50pct,10,250,239,179.00,300.00,true,0.044000
152,411788,same_pass_rate_50pct,10,250,233,175.00,294.00,true,0.068000
153,419707,same_pass_rate_50pct,10,250,214,159.00,274.00,true,0.144000
154,427626,same_pass_rate_50pct,10,250,233,175.00,294.00,true,0.068000
155,435545,same_pass_rate_50pct,10,250,219,163.00,278.00,true,0.124000
156,443464,same_pass_rate_50pct,10,250,256,193.00,318.00,true,0.024000
157,451383,same_pass_rate_50pct,10,250,233,175.00,294.00,true,0.068000
158,459302,same_pass_rate_50pct,10,250,269,204.00,332.00,true,0.076000
159,467221,same_pass_rate_50pct,10,250,219,163.00,278.00,true,0.124000
160,475140,same_pass_rate_50pct,10,250,292,223.00,354.00,true,0.168000
161,483059,same_pass_rate_50pct,10,250,250,188.00,312.00,true,0.000000
162,490978,same_pass_rate_50pct,10,250,223,167.00,284.00,true,0.108000
163,498897,same_pass_rate_50pct,10,250,219,163.00,278.00,true,0.124000
164,506816,same_pass_rate_50pct,10,250,233,175.00,294.00,true,0.068000
165,514735,same_pass_rate_50pct,10,250,228,171.00,289.00,true,0.088000
166,522654,same_pass_rate_50pct,10,250,219,163.00,278.00,true,0.124000
167,530573,same_pass_rate_50pct,10,250,210,156.00,269.00,true,0.160000
168,538492,same_pass_rate_50pct,10,250,263,198.00,325.00,true,0.052000
169,546411,same_pass_rate_50pct,10,250,250,188.00,312.00,true,0.000000
170,554330,same_pass_rate_50pct,10,250,233,175.00,294.00,true,0.068000
171,562249,same_pass_rate_50pct,10,250,239,179.00,300.00,true,0.044000
172,570168,same_pass_rate_50pct,10,250,239,179.00,300.00,true,0.044000
173,578087,same_pass_rate_50pct,10,250,233,175.00,294.00,true,0.068000
174,586006,same_pass_rate_50pct,10,250,219,163.00,278.00,true,0.124000
175,593925,same_pass_rate_50pct,10,250,263,198.00,325.00,true,0.052000
176,601844,same_pass_rate_50pct,10,250,250,188.00,312.00,true,0.000000
177,609763,same_pass_rate_50pct,10,250,256,193.00,318.00,true,0.024000
178,617682,same_pass_rate_50pct,10,250,244,183.00,306.00,true,0.024000
179,625601,same_pass_rate_50pct,10,250,276,210.00,339.00,true,0.104000
180,633520,same_pass_rate_50pct,10,250,292,223.00,354.00,true,0.168000
181,641439,same_pass_rate_50pct,10,250,223,167.00,284.00,true,0.108000
182,649358,same_pass_rate_50pct,10,250,256,193.00,318.00,true,0.024000
183,657277,same_pass_rate_50pct,10,250,263,198.00,325.00,true,0.052000
184,665196,same_pass_rate_50pct,10,250,250,188.00,312.00,true,0.000000
185,673115,same_pass_rate_50pct,10,250,256,193.00,318.00,true,0.024000
186,681034,same_pass_rate_50pct,10,250,276,210.00,339.00,true,0.104000
187,688953,same_pass_rate_50pct,10,250,250,188.00,312.00,true,0.000000
188,696872,same_pass_rate_50pct,10,250,276,210.00,339.00,true,0.104000
189,704791,same_pass_rate_50pct,10,250,219,163.00,278.00,true,0.124000
190,712710,same_pass_rate_50pct,10,250,228,171.00,289.00,true,0.088000
191,720629,same_pass_rate_50pct,10,250,202,150.00,260.00,true,0.192000
192,728548,same_pass_rate_50pct,10,250,284,216.00,346.00,true,0.136000
193,736467,same_pass_rate_50pct,10,250,244,183.00,306.00,true,0.024000
194,744386,same_pass_rate_50pct,10,250,223,167.00,284.00,true,0.108000
195,752305,same_pass_rate_50pct,10,250,276,210.00,339.00,true,0.104000
196,760224,same_pass_rate_50pct,10,250,228,171.00,289.00,true,0.088000
197,768143,same_pass_rate_50pct,10,250,172,126.00,225.00,false,0.312000
198,776062,same_pass_rate_50pct,10,250,256,193.00,318.00,true,0.024000
199,783981,same_pass_rate_50pct,10,250,250,188.00,312.00,true,0.000000
200,0,same_pass_rate_50pct,50,250,282,242.00,321.00,true,0.128000
201,7919,same_pass_rate_50pct,50,250,203,171.00,237.00,false,0.188000
202,15838,same_pass_rate_50pct,50,250,277,238.00,315.00,true,0.108000
203,23757,same_pass_rate_50pct,50,250,258,220.00,296.00,true,0.032000
204,31676,same_pass_rate_50pct,50,250,240,204.00,277.00,true,0.040000
205,39595,same_pass_rate_50pct,50,250,270,231.00,308.00,true,0.080000
206,47514,same_pass_rate_50pct,50,250,261,222.00,298.00,true,0.044000
207,55433,same_pass_rate_50pct,50,250,256,218.00,294.00,true,0.024000
208,63352,same_pass_rate_50pct,50,250,246,209.00,283.00,true,0.016000
209,71271,same_pass_rate_50pct,50,250,207,175.00,242.00,false,0.172000
210,79190,same_pass_rate_50pct,50,250,224,190.00,260.00,true,0.104000
211,87109,same_pass_rate_50pct,50,250,263,224.00,301.00,true,0.052000
212,95028,same_pass_rate_50pct,50,250,252,215.00,289.00,true,0.008000
213,102947,same_pass_rate_50pct,50,250,258,220.00,296.00,true,0.032000
214,110866,same_pass_rate_50pct,50,250,229,194.00,265.00,true,0.084000
215,118785,same_pass_rate_50pct,50,250,272,233.00,310.00,true,0.088000
216,126704,same_pass_rate_50pct,50,250,246,209.00,283.00,true,0.016000
217,134623,same_pass_rate_50pct,50,250,233,197.00,269.00,true,0.068000
218,142542,same_pass_rate_50pct,50,250,244,207.00,281.00,true,0.024000
219,150461,same_pass_rate_50pct,50,250,246,209.00,283.00,true,0.016000
220,158380,same_pass_rate_50pct,50,250,226,191.00,262.00,true,0.096000
221,166299,same_pass_rate_50pct,50,250,229,194.00,265.00,true,0.084000
222,174218,same_pass_rate_50pct,50,250,250,213.00,287.00,true,0.000000
223,182137,same_pass_rate_50pct,50,250,240,204.00,277.00,true,0.040000
224,190056,same_pass_rate_50pct,50,250,250,213.00,287.00,true,0.000000
225,197975,same_pass_rate_50pct,50,250,231,196.00,267.00,true,0.076000
226,205894,same_pass_rate_50pct,50,250,275,235.00,313.00,true,0.100000
227,213813,same_pass_rate_50pct,50,250,242,206.00,279.00,true,0.032000
228,221732,same_pass_rate_50pct,50,250,233,197.00,269.00,true,0.068000
229,229651,same_pass_rate_50pct,50,250,248,211.00,285.00,true,0.008000
230,237570,same_pass_rate_50pct,50,250,272,233.00,310.00,true,0.088000
231,245489,same_pass_rate_50pct,50,250,233,197.00,269.00,true,0.068000
232,253408,same_pass_rate_50pct,50,250,233,197.00,269.00,true,0.068000
233,261327,same_pass_rate_50pct,50,250,246,209.00,283.00,true,0.016000
234,269246,same_pass_rate_50pct,50,250,272,233.00,310.00,true,0.088000
235,277165,same_pass_rate_50pct,50,250,277,238.00,315.00,true,0.108000
236,285084,same_pass_rate_50pct,50,250,248,211.00,285.00,true,0.008000
237,293003,same_pass_rate_50pct,50,250,238,202.00,275.00,true,0.048000
238,300922,same_pass_rate_50pct,50,250,280,240.00,318.00,true,0.120000
239,308841,same_pass_rate_50pct,50,250,246,209.00,283.00,true,0.016000
240,316760,same_pass_rate_50pct,50,250,235,199.00,271.00,true,0.060000
241,324679,same_pass_rate_50pct,50,250,270,231.00,308.00,true,0.080000
242,332598,same_pass_rate_50pct,50,250,226,191.00,262.00,true,0.096000
243,340517,same_pass_rate_50pct,50,250,270,231.00,308.00,true,0.080000
244,348436,same_pass_rate_50pct,50,250,206,174.00,240.00,false,0.176000
245,356355,same_pass_rate_50pct,50,250,231,196.00,267.00,true,0.076000
246,364274,same_pass_rate_50pct,50,250,268,229.00,306.00,true,0.072000
247,372193,same_pass_rate_50pct,50,250,206,174.00,240.00,false,0.176000
248,380112,same_pass_rate_50pct,50,250,250,213.00,287.00,true,0.000000
249,388031,same_pass_rate_50pct,50,250,268,229.00,306.00,true,0.072000
250,395950,same_pass_rate_50pct,50,250,238,202.00,275.00,true,0.048000
251,403869,same_pass_rate_50pct,50,250,231,196.00,267.00,true,0.076000
252,411788,same_pass_rate_50pct,50,250,263,224.00,301.00,true,0.052000
253,419707,same_pass_rate_50pct,50,250,207,175.00,242.00,false,0.172000
254,427626,same_pass_rate_50pct,50,250,223,188.00,258.00,true,0.108000
255,435545,same_pass_rate_50pct,50,250,240,204.00,277.00,true,0.040000
256,443464,same_pass_rate_50pct,50,250,256,218.00,294.00,true,0.024000
257,451383,same_pass_rate_50pct,50,250,248,211.00,285.00,true,0.008000
258,459302,same_pass_rate_50pct,50,250,272,233.00,310.00,true,0.088000
259,467221,same_pass_rate_50pct,50,250,231,196.00,267.00,true,0.076000
260,475140,same_pass_rate_50pct,50,250,242,206.00,279.00,true,0.032000
261,483059,same_pass_rate_50pct,50,250,272,233.00,310.00,true,0.088000
262,490978,same_pass_rate_50pct,50,250,193,162.00,226.00,false,0.228000
263,498897,same_pass_rate_50pct,50,250,240,204.00,277.00,true,0.040000
264,506816,same_pass_rate_50pct,50,250,221,187.00,257.00,true,0.116000
265,514735,same_pass_rate_50pct,50,250,244,207.00,281.00,true,0.024000
266,522654,same_pass_rate_50pct,50,250,261,222.00,298.00,true,0.044000
267,530573,same_pass_rate_50pct,50,250,233,197.00,269.00,true,0.068000
268,538492,same_pass_rate_50pct,50,250,263,224.00,301.00,true,0.052000
269,546411,same_pass_rate_50pct,50,250,261,222.00,298.00,true,0.044000
270,554330,same_pass_rate_50pct,50,250,242,206.00,279.00,true,0.032000
271,562249,same_pass_rate_50pct,50,250,270,231.00,308.00,true,0.080000
272,570168,same_pass_rate_50pct,50,250,219,185.00,255.00,true,0.124000
273,578087,same_pass_rate_50pct,50,250,254,216.00,292.00,true,0.016000
274,586006,same_pass_rate_50pct,50,250,242,206.00,279.00,true,0.032000
275,593925,same_pass_rate_50pct,50,250,272,233.00,310.00,true,0.088000
276,601844,same_pass_rate_50pct,50,250,254,216.00,292.00,true,0.016000
277,609763,same_pass_rate_50pct,50,250,256,218.00,294.00,true,0.024000
278,617682,same_pass_rate_50pct,50,250,258,220.00,296.00,true,0.032000
279,625601,same_pass_rate_50pct,50,250,277,238.00,315.00,true,0.108000
280,633520,same_pass_rate_50pct,50,250,302,260.00,340.00,false,0.208000
281,641439,same_pass_rate_50pct,50,250,246,209.00,283.00,true,0.016000
282,649358,same_pass_rate_50pct,50,250,272,233.00,310.00,true,0.088000
283,657277,same_pass_rate_50pct,50,250,236,200.00,273.00,true,0.056000
284,665196,same_pass_rate_50pct,50,250,285,245.00,323.00,true,0.140000
285,673115,same_pass_rate_50pct,50,250,240,204.00,277.00,true,0.040000
286,681034,same_pass_rate_50pct,50,250,285,245.00,323.00,true,0.140000
287,688953,same_pass_rate_50pct,50,250,244,207.00,281.00,true,0.024000
288,696872,same_pass_rate_50pct,50,250,254,216.00,292.00,true,0.016000
289,704791,same_pass_rate_50pct,50,250,233,197.00,269.00,true,0.068000
290,712710,same_pass_rate_50pct,50,250,261,222.00,298.00,true,0.044000
291,720629,same_pass_rate_50pct,50,250,228,193.00,264.00,true,0.088000
292,728548,same_pass_rate_50pct,50,250,233,197.00,269.00,true,0.068000
293,736467,same_pass_rate_50pct,50,250,223,188.00,258.00,true,0.108000
294,744386,same_pass_rate_50pct,50,250,226,191.00,262.00,true,0.096000
295,752305,same_pass_rate_50pct,50,250,235,199.00,271.00,true,0.060000
296,760224,same_pass_rate_50pct,50,250,231,196.00,267.00,true,0.076000
297,768143,same_pass_rate_50pct,50,250,213,180.00,248.00,false,0.148000
298,776062,same_pass_rate_50pct,50,250,252,215.00,289.00,true,0.008000
299,783981,same_pass_rate_50pct,50,250,270,231.00,308.00,true,0.080000
300,0,same_pass_rate_50pct,100,250,276,247.00,305.00,true,0.104000
301,7919,same_pass_rate_50pct,100,250,213,188.00,239.00,false,0.148000
302,15838,same_pass_rate_50pct,100,250,264,235.00,293.00,true,0.056000
303,23757,same_pass_rate_50pct,100,250,250,222.00,278.00,true,0.000000
304,31676,same_pass_rate_50pct,100,250,247,219.00,274.00,true,0.012000
305,39595,same_pass_rate_50pct,100,250,251,223.00,279.00,true,0.004000
306,47514,same_pass_rate_50pct,100,250,246,218.00,273.00,true,0.016000
307,55433,same_pass_rate_50pct,100,250,257,229.00,285.00,true,0.028000
308,63352,same_pass_rate_50pct,100,250,244,217.00,272.00,true,0.024000
309,71271,same_pass_rate_50pct,100,250,227,200.00,253.00,true,0.092000
310,79190,same_pass_rate_50pct,100,250,269,240.00,298.00,true,0.076000
311,87109,same_pass_rate_50pct,100,250,255,226.00,283.00,true,0.020000
312,95028,same_pass_rate_50pct,100,250,259,231.00,288.00,true,0.036000
313,102947,same_pass_rate_50pct,100,250,257,229.00,285.00,true,0.028000
314,110866,same_pass_rate_50pct,100,250,241,214.00,269.00,true,0.036000
315,118785,same_pass_rate_50pct,100,250,261,232.00,289.00,true,0.044000
316,126704,same_pass_rate_50pct,100,250,273,244.00,302.00,true,0.092000
317,134623,same_pass_rate_50pct,100,250,230,204.00,257.00,true,0.080000
318,142542,same_pass_rate_50pct,100,250,233,206.00,260.00,true,0.068000
319,150461,same_pass_rate_50pct,100,250,259,231.00,288.00,true,0.036000
320,158380,same_pass_rate_50pct,100,250,259,231.00,288.00,true,0.036000
321,166299,same_pass_rate_50pct,100,250,255,226.00,283.00,true,0.020000
322,174218,same_pass_rate_50pct,100,250,261,232.00,289.00,true,0.044000
323,182137,same_pass_rate_50pct,100,250,266,237.00,294.00,true,0.064000
324,190056,same_pass_rate_50pct,100,250,234,207.00,261.00,true,0.064000
325,197975,same_pass_rate_50pct,100,250,240,213.00,268.00,true,0.040000
326,205894,same_pass_rate_50pct,100,250,268,239.00,297.00,true,0.072000
327,213813,same_pass_rate_50pct,100,250,249,221.00,277.00,true,0.004000
328,221732,same_pass_rate_50pct,100,250,241,214.00,269.00,true,0.036000
329,229651,same_pass_rate_50pct,100,250,253,225.00,281.00,true,0.012000
330,237570,same_pass_rate_50pct,100,250,239,212.00,267.00,true,0.044000
331,245489,same_pass_rate_50pct,100,250,241,214.00,269.00,true,0.036000
332,253408,same_pass_rate_50pct,100,250,235,208.00,262.00,true,0.060000
333,261327,same_pass_rate_50pct,100,250,258,230.00,286.00,true,0.032000
334,269246,same_pass_rate_50pct,100,250,273,244.00,302.00,true,0.092000
335,277165,same_pass_rate_50pct,100,250,261,232.00,289.00,true,0.044000
336,285084,same_pass_rate_50pct,100,250,249,221.00,277.00,true,0.004000
337,293003,same_pass_rate_50pct,100,250,240,213.00,268.00,true,0.040000
338,300922,same_pass_rate_50pct,100,250,251,223.00,279.00,true,0.004000
339,308841,same_pass_rate_50pct,100,250,263,234.00,291.00,true,0.052000
340,316760,same_pass_rate_50pct,100,250,247,219.00,274.00,true,0.012000
341,324679,same_pass_rate_50pct,100,250,258,230.00,286.00,true,0.032000
342,332598,same_pass_rate_50pct,100,250,240,213.00,268.00,true,0.040000
343,340517,same_pass_rate_50pct,100,250,256,227.00,284.00,true,0.024000
344,348436,same_pass_rate_50pct,100,250,220,195.00,247.00,false,0.120000
345,356355,same_pass_rate_50pct,100,250,237,210.00,265.00,true,0.052000
346,364274,same_pass_rate_50pct,100,250,255,226.00,283.00,true,0.020000
347,372193,same_pass_rate_50pct,100,250,217,191.00,243.00,false,0.132000
348,380112,same_pass_rate_50pct,100,250,269,240.00,298.00,true,0.076000
349,388031,same_pass_rate_50pct,100,250,229,203.00,256.00,true,0.084000
350,395950,same_pass_rate_50pct,100,250,240,213.00,268.00,true,0.040000
351,403869,same_pass_rate_50pct,100,250,234,207.00,261.00,true,0.064000
352,411788,same_pass_rate_50pct,100,250,273,244.00,302.00,true,0.092000
353,419707,same_pass_rate_50pct,100,250,219,194.00,246.00,false,0.124000
354,427626,same_pass_rate_50pct,100,250,221,195.00,248.00,false,0.116000
355,435545,same_pass_rate_50pct,100,250,250,222.00,278.00,true,0.000000
356,443464,same_pass_rate_50pct,100,250,252,224.00,280.00,true,0.008000
357,451383,same_pass_rate_50pct,100,250,243,216.00,271.00,true,0.028000
358,459302,same_pass_rate_50pct,100,250,266,237.00,294.00,true,0.064000
359,467221,same_pass_rate_50pct,100,250,220,195.00,247.00,false,0.120000
360,475140,same_pass_rate_50pct,100,250,231,205.00,258.00,true,0.076000
361,483059,same_pass_rate_50pct,100,250,267,238.00,295.00,true,0.068000
362,490978,same_pass_rate_50pct,100,250,202,178.00,227.00,false,0.192000
363,498897,same_pass_rate_50pct,100,250,240,213.00,268.00,true,0.040000
364,506816,same_pass_rate_50pct,100,250,235,208.00,262.00,true,0.060000
365,514735,same_pass_rate_50pct,100,250,240,213.00,268.00,true,0.040000
366,522654,same_pass_rate_50pct,100,250,240,213.00,268.00,true,0.040000
367,530573,same_pass_rate_50pct,100,250,239,212.00,267.00,true,0.044000
368,538492,same_pass_rate_50pct,100,250,257,229.00,285.00,true,0.028000
369,546411,same_pass_rate_50pct,100,250,251,223.00,279.00,true,0.004000
370,554330,same_pass_rate_50pct,100,250,247,219.00,274.00,true,0.012000
371,562249,same_pass_rate_50pct,100,250,263,234.00,291.00,true,0.052000
372,570168,same_pass_rate_50pct,100,250,227,200.00,253.00,true,0.092000
373,578087,same_pass_rate_50pct,100,250,269,240.00,298.00,true,0.076000
374,586006,same_pass_rate_50pct,100,250,250,222.00,278.00,true,0.000000
375,593925,same_pass_rate_50pct,100,250,256,227.00,284.00,true,0.024000
376,601844,same_pass_rate_50pct,100,250,249,221.00,277.00,true,0.004000
377,609763,same_pass_rate_50pct,100,250,256,227.00,284.00,true,0.024000
378,617682,same_pass_rate_50pct,100,250,262,233.00,290.00,true,0.048000
379,625601,same_pass_rate_50pct,100,250,275,245.00,303.00,true,0.100000
380,633520,same_pass_rate_50pct,100,250,307,276.00,336.00,false,0.228000
381,641439,same_pass_rate_50pct,100,250,246,218.00,273.00,true,0.016000
382,649358,same_pass_rate_50pct,100,250,259,231.00,288.00,true,0.036000
383,657277,same_pass_rate_50pct,100,250,251,223.00,279.00,true,0.004000
384,665196,same_pass_rate_50pct,100,250,278,248.00,306.00,true,0.112000
385,673115,same_pass_rate_50pct,100,250,241,214.00,269.00,true,0.036000
386,681034,same_pass_rate_50pct,100,250,297,266.00,326.00,false,0.188000
387,688953,same_pass_rate_50pct,100,250,224,198.00,250.00,true,0.104000
388,696872,same_pass_rate_50pct,100,250,252,224.00,280.00,true,0.008000
389,704791,same_pass_rate_50pct,100,250,247,219.00,274.00,true,0.012000
390,712710,same_pass_rate_50pct,100,250,275,245.00,303.00,true,0.100000
391,720629,same_pass_rate_50pct,100,250,230,204.00,257.00,true,0.080000
392,728548,same_pass_rate_50pct,100,250,233,206.00,260.00,true,0.068000
393,736467,same_pass_rate_50pct,100,250,232,206.00,259.00,true,0.072000
394,744386,same_pass_rate_50pct,100,250,258,230.00,286.00,true,0.032000
395,752305,same_pass_rate_50pct,100,250,251,223.00,279.00,true,0.004000
396,760224,same_pass_rate_50pct,100,250,236,209.00,263.00,true,0.056000
397,768143,same_pass_rate_50pct,100,250,227,200.00,253.00,true,0.092000
398,776062,same_pass_rate_50pct,100,250,258,230.00,286.00,true,0.032000
399,783981,same_pass_rate_50pct,100,250,247,219.00,274.00,true,0.012000
400,0,subset_higher_pass_rate,0,200,200,155.00,200.00,true,0.000000
401,7919,subset_higher_pass_rate,0,200,200,155.00,200.00,true,0.000000
402,15838,subset_higher_pass_rate,0,200,200,155.00,200.00,true,0.000000
403,23757,subset_higher_pass_rate,0,200,200,155.00,200.00,true,0.000000
404,31676,subset_higher_pass_rate,0,200,200,155.00,200.00,true,0.000000
405,39595,subset_higher_pass_rate,0,200,200,155.00,200.00,true,0.000000
406,47514,subset_higher_pass_rate,0,200,200,155.00,200.00,true,0.000000
407,55433,subset_higher_pass_rate,0,200,200,155.00,200.00,true,0.000000
408,63352,subset_higher_pass_rate,0,200,200,155.00,200.00,true,0.000000
409,71271,subset_higher_pass_rate,0,200,200,155.00,200.00,true,0.000000
410,79190,subset_higher_pass_rate,0,200,200,155.00,200.00,true,0.000000
411,87109,subset_higher_pass_rate,0,200,200,155.00,200.00,true,0.000000
412,95028,subset_higher_pass_rate,0,200,200,155.00,200.00,true,0.000000
413,102947,subset_higher_pass_rate,0,200,200,155.00,200.00,true,0.000000
414,110866,subset_higher_pass_rate,0,200,200,155.00,200.00,true,0.000000
415,118785,subset_higher_pass_rate,0,200,200,155.00,200.00,true,0.000000
416,126704,subset_higher_pass_rate,0,200,200,155.00,200.00,true,0.000000
417,134623,subset_higher_pass_rate,0,200,200,155.00,200.00,true,0.000000
418,142542,subset_higher_pass_rate,0,200,200,155.00,200.00,true,0.000000
419,150461,subset_higher_pass_rate,0,200,200,155.00,200.00,true,0.000000
420,158380,subset_higher_pass_rate,0,200,200,155.00,200.00,true,0.000000
421,166299,subset_higher_pass_rate,0,200,200,155.00,200.00,true,0.000000
422,174218,subset_higher_pass_rate,0,200,200,155.00,200.00,true,0.000000
423,182137,subset_higher_pass_rate,0,200,200,155.00,200.00,true,0.000000
424,190056,subset_higher_pass_rate,0,200,200,155.00,200.00,true,0.000000
425,197975,subset_higher_pass_rate,0,200,200,155.00,200.00,true,0.000000
426,205894,subset_higher_pass_rate,0,200,200,155.00,200.00,true,0.000000
427,213813,subset_higher_pass_rate,0,200,200,155.00,200.00,true,0.000000
428,221732,subset_higher_pass_rate,0,200,200,155.00,200.00,true,0.000000
429,229651,subset_higher_pass_rate,0,200,200,155.00,200.00,true,0.000000
430,237570,subset_higher_pass_rate,0,200,200,155.00,200.00,true,0.000000
431,245489,subset_higher_pass_rate,0,200,200,155.00,200.00,true,0.000000
432,253408,subset_higher_pass_rate,0,200,200,155.00,200.00,true,0.000000
433,261327,subset_higher_pass_rate,0,200,200,155.00,200.00,true,0.000000
434,269246,subset_higher_pass_rate,0,200,200,155.00,200.00,true,0.000000
435,277165,subset_higher_pass_rate,0,200,200,155.00,200.00,true,0.000000
436,285084,subset_higher_pass_rate,0,200,200,155.00,200.00,true,0.000000
437,293003,subset_higher_pass_rate,0,200,200,155.00,200.00,true,0.000000
438,300922,subset_higher_pass_rate,0,200,200,155.00,200.00,true,0.000000
439,308841,subset_higher_pass_rate,0,200,200,155.00,200.00,true,0.000000
440,316760,subset_higher_pass_rate,0,200,200,155.00,200.00,true,0.000000
441,324679,subset_higher_pass_rate,0,200,200,155.00,200.00,true,0.000000
442,332598,subset_higher_pass_rate,0,200,200,155.00,200.00,true,0.000000
443,340517,subset_higher_pass_rate,0,200,200,155.00,200.00,true,0.000000
444,348436,subset_higher_pass_rate,0,200,200,155.00,200.00,true,0.000000
445,356355,subset_higher_pass_rate,0,200,200,155.00,200.00,true,0.000000
446,364274,subset_higher_pass_rate,0,200,200,155.00,200.00,true,0.000000
447,372193,subset_higher_pass_rate,0,200,200,155.00,200.00,true,0.000000
448,380112,subset_higher_pass_rate,0,200,200,155.00,200.00,true,0.000000
449,388031,subset_higher_pass_rate,0,200,200,155.00,200.00,true,0.000000
450,395950,subset_higher_pass_rate,0,200,200,155.00,200.00,true,0.000000
451,403869,subset_higher_pass_rate,0,200,200,155.00,200.00,true,0.000000
452,411788,subset_higher_pass_rate,0,200,200,155.00,200.00,true,0.000000
453,419707,subset_higher_pass_rate,0,200,200,155.00,200.00,true,0.000000
454,427626,subset_higher_pass_rate,0,200,200,155.00,200.00,true,0.000000
455,435545,subset_higher_pass_rate,0,200,200,155.00,200.00,true,0.000000
456,443464,subset_higher_pass_rate,0,200,200,155.00,200.00,true,0.000000
457,451383,subset_higher_pass_rate,0,200,200,155.00,200.00,true,0.000000
458,459302,subset_higher_pass_rate,0,200,200,155.00,200.00,true,0.000000
459,467221,subset_higher_pass_rate,0,200,200,155.00,200.00,true,0.000000
460,475140,subset_higher_pass_rate,0,200,200,155.00,200.00,true,0.000000
461,483059,subset_higher_pass_rate,0,200,200,155.00,200.00,true,0.000000
462,490978,subset_higher_pass_rate,0,200,200,155.00,200.00,true,0.000000
463,498897,subset_higher_pass_rate,0,200,200,155.00,200.00,true,0.000000
464,506816,subset_higher_pass_rate,0,200,200,155.00,200.00,true,0.000000
465,514735,subset_higher_pass_rate,0,200,200,155.00,200.00,true,0.000000
466,522654,subset_higher_pass_rate,0,200,200,155.00,200.00,true,0.000000
467,530573,subset_higher_pass_rate,0,200,200,155.00,200.00,true,0.000000
468,538492,subset_higher_pass_rate,0,200,200,155.00,200.00,true,0.000000
469,546411,subset_higher_pass_rate,0,200,200,155.00,200.00,true,0.000000
470,554330,subset_higher_pass_rate,0,200,200,155.00,200.00,true,0.000000
471,562249,subset_higher_pass_rate,0,200,200,155.00,200.00,true,0.000000
472,570168,subset_higher_pass_rate,0,200,200,155.00,200.00,true,0.000000
473,578087,subset_higher_pass_rate,0,200,200,155.00,200.00,true,0.000000
474,586006,subset_higher_pass_rate,0,200,200,155.00,200.00,true,0.000000
475,593925,subset_higher_pass_rate,0,200,200,155.00,200.00,true,0.000000
476,601844,subset_higher_pass_rate,0,200,200,155.00,200.00,true,0.000000
477,609763,subset_higher_pass_rate,0,200,200,155.00,200.00,true,0.000000
478,617682,subset_higher_pass_rate,0,200,200,155.00,200.00,true,0.000000
479,625601,subset_higher_pass_rate,0,200,200,155.00,200.00,true,0.000000
480,633520,subset_higher_pass_rate,0,200,200,155.00,200.00,true,0.000000
481,641439,subset_higher_pass_rate,0,200,200,155.00,200.00,true,0.000000
482,649358,subset_higher_pass_rate,0,200,200,155.00,200.00,true,0.000000
483,657277,subset_higher_pass_rate,0,200,200,155.00,200.00,true,0.000000
484,665196,subset_higher_pass_rate,0,200,200,155.00,200.00,true,0.000000
485,673115,subset_higher_pass_rate,0,200,200,155.00,200.00,true,0.000000
486,681034,subset_higher_pass_rate,0,200,200,155.00,200.00,true,0.000000
487,688953,subset_higher_pass_rate,0,200,200,155.00,200.00,true,0.000000
488,696872,subset_higher_pass_rate,0,200,200,155.00,200.00,true,0.000000
489,704791,subset_higher_pass_rate,0,200,200,155.00,200.00,true,0.000000
490,712710,subset_higher_pass_rate,0,200,200,155.00,200.00,true,0.000000
491,720629,subset_higher_pass_rate,0,200,200,155.00,200.00,true,0.000000
492,728548,subset_higher_pass_rate,0,200,200,155.00,200.00,true,0.000000
493,736467,subset_higher_pass_rate,0,200,200,155.00,200.00,true,0.000000
494,744386,subset_higher_pass_rate,0,200,200,155.00,200.00,true,0.000000
495,752305,subset_higher_pass_rate,0,200,200,155.00,200.00,true,0.000000
496,760224,subset_higher_pass_rate,0,200,200,155.00,200.00,true,0.000000
497,768143,subset_higher_pass_rate,0,200,200,155.00,200.00,true,0.000000
498,776062,subset_higher_pass_rate,0,200,200,155.00,200.00,true,0.000000
499,783981,subset_higher_pass_rate,0,200,200,155.00,200.00,true,0.000000
500,0,subset_higher_pass_rate,10,200,200,174.00,200.00,true,0.000000
501,7919,subset_higher_pass_rate,10,200,200,174.00,200.00,true,0.000000
502,15838,subset_higher_pass_rate,10,200,200,174.00,200.00,true,0.000000
503,23757,subset_higher_pass_rate,10,200,200,174.00,200.00,true,0.000000
504,31676,subset_higher_pass_rate,10,200,200,174.00,200.00,true,0.000000
505,39595,subset_higher_pass_rate,10,200,200,174.00,200.00,true,0.000000
506,47514,subset_higher_pass_rate,10,200,200,174.00,200.00,true,0.000000
507,55433,subset_higher_pass_rate,10,200,200,174.00,200.00,true,0.000000
508,63352,subset_higher_pass_rate,10,200,200,174.00,200.00,true,0.000000
509,71271,subset_higher_pass_rate,10,200,200,174.00,200.00,true,0.000000
510,79190,subset_higher_pass_rate,10,200,200,174.00,200.00,true,0.000000
511,87109,subset_higher_pass_rate,10,200,200,174.00,200.00,true,0.000000
512,95028,subset_higher_pass_rate,10,200,200,174.00,200.00,true,0.000000
513,102947,subset_higher_pass_rate,10,200,200,174.00,200.00,true,0.000000
514,110866,subset_higher_pass_rate,10,200,200,174.00,200.00,true,0.000000
515,118785,subset_higher_pass_rate,10,200,200,174.00,200.00,true,0.000000
516,126704,subset_higher_pass_rate,10,200,200,174.00,200.00,true,0.000000
517,134623,subset_higher_pass_rate,10,200,200,174.00,200.00,true,0.000000
518,142542,subset_higher_pass_rate,10,200,200,174.00,200.00,true,0.000000
519,150461,subset_higher_pass_rate,10,200,200,174.00,200.00,true,0.000000
520,158380,subset_higher_pass_rate,10,200,200,174.00,200.00,true,0.000000
521,166299,subset_higher_pass_rate,10,200,200,174.00,200.00,true,0.000000
522,174218,subset_higher_pass_rate,10,200,200,174.00,200.00,true,0.000000
523,182137,subset_higher_pass_rate,10,200,200,174.00,200.00,true,0.000000
524,190056,subset_higher_pass_rate,10,200,200,174.00,200.00,true,0.000000
525,197975,subset_higher_pass_rate,10,200,200,174.00,200.00,true,0.000000
526,205894,subset_higher_pass_rate,10,200,200,174.00,200.00,true,0.000000
527,213813,subset_higher_pass_rate,10,200,200,174.00,200.00,true,0.000000
528,221732,subset_higher_pass_rate,10,200,200,174.00,200.00,true,0.000000
529,229651,subset_higher_pass_rate,10,200,200,174.00,200.00,true,0.000000
530,237570,subset_higher_pass_rate,10,200,200,174.00,200.00,true,0.000000
531,245489,subset_higher_pass_rate,10,200,200,174.00,200.00,true,0.000000
532,253408,subset_higher_pass_rate,10,200,200,174.00,200.00,true,0.000000
533,261327,subset_higher_pass_rate,10,200,200,174.00,200.00,true,0.000000
534,269246,subset_higher_pass_rate,10,200,200,174.00,200.00,true,0.000000
535,277165,subset_higher_pass_rate,10,200,200,174.00,200.00,true,0.000000
536,285084,subset_higher_pass_rate,10,200,200,174.00,200.00,true,0.000000
537,293003,subset_higher_pass_rate,10,200,200,174.00,200.00,true,0.000000
538,300922,subset_higher_pass_rate,10,200,200,174.00,200.00,true,0.000000
539,308841,subset_higher_pass_rate,10,200,200,174.00,200.00,true,0.000000
540,316760,subset_higher_pass_rate,10,200,200,174.00,200.00,true,0.000000
541,324679,subset_higher_pass_rate,10,200,200,174.00,200.00,true,0.000000
542,332598,subset_higher_pass_rate,10,200,200,174.00,200.00,true,0.000000
543,340517,subset_higher_pass_rate,10,200,200,174.00,200.00,true,0.000000
544,348436,subset_higher_pass_rate,10,200,200,174.00,200.00,true,0.000000
545,356355,subset_higher_pass_rate,10,200,200,174.00,200.00,true,0.000000
546,364274,subset_higher_pass_rate,10,200,200,174.00,200.00,true,0.000000
547,372193,subset_higher_pass_rate,10,200,200,174.00,200.00,true,0.000000
548,380112,subset_higher_pass_rate,10,200,200,174.00,200.00,true,0.000000
549,388031,subset_higher_pass_rate,10,200,200,174.00,200.00,true,0.000000
550,395950,subset_higher_pass_rate,10,200,200,174.00,200.00,true,0.000000
551,403869,subset_higher_pass_rate,10,200,200,174.00,200.00,true,0.000000
552,411788,subset_higher_pass_rate,10,200,200,174.00,200.00,true,0.000000
553,419707,subset_higher_pass_rate,10,200,200,174.00,200.00,true,0.000000
554,427626,subset_higher_pass_rate,10,200,200,174.00,200.00,true,0.000000
555,435545,subset_higher_pass_rate,10,200,200,174.00,200.00,true,0.000000
556,443464,subset_higher_pass_rate,10,200,200,174.00,200.00,true,0.000000
557,451383,subset_higher_pass_rate,10,200,200,174.00,200.00,true,0.000000
558,459302,subset_higher_pass_rate,10,200,200,174.00,200.00,true,0.000000
559,467221,subset_higher_pass_rate,10,200,200,174.00,200.00,true,0.000000
560,475140,subset_higher_pass_rate,10,200,200,174.00,200.00,true,0.000000
561,483059,subset_higher_pass_rate,10,200,200,174.00,200.00,true,0.000000
562,490978,subset_higher_pass_rate,10,200,200,174.00,200.00,true,0.000000
563,498897,subset_higher_pass_rate,10,200,200,174.00,200.00,true,0.000000
564,506816,subset_higher_pass_rate,10,200,200,174.00,200.00,true,0.000000
565,514735,subset_higher_pass_rate,10,200,200,174.00,200.00,true,0.000000
566,522654,subset_higher_pass_rate,10,200,200,174.00,200.00,true,0.000000
567,530573,subset_higher_pass_rate,10,200,200,174.00,200.00,true,0.000000
568,538492,subset_higher_pass_rate,10,200,200,174.00,200.00,true,0.000000
569,546411,subset_higher_pass_rate,10,200,200,174.00,200.00,true,0.000000
570,554330,subset_higher_pass_rate,10,200,200,174.00,200.00,true,0.000000
571,562249,subset_higher_pass_rate,10,200,200,174.00,200.00,true,0.000000
572,570168,subset_higher_pass_rate,10,200,200,174.00,200.00,true,0.000000
573,578087,subset_higher_pass_rate,10,200,200,174.00,200.00,true,0.000000
574,586006,subset_higher_pass_rate,10,200,200,174.00,200.00,true,0.000000
575,593925,subset_higher_pass_rate,10,200,200,174.00,200.00,true,0.000000
576,601844,subset_higher_pass_rate,10,200,200,174.00,200.00,true,0.000000
577,609763,subset_higher_pass_rate,10,200,200,174.00,200.00,true,0.000000
578,617682,subset_higher_pass_rate,10,200,200,174.00,200.00,true,0.000000
579,625601,subset_higher_pass_rate,10,200,200,174.00,200.00,true,0.000000
580,633520,subset_higher_pass_rate,10,200,200,174.00,200.00,true,0.000000
581,641439,subset_higher_pass_rate,10,200,200,174.00,200.00,true,0.000000
582,649358,subset_higher_pass_rate,10,200,200,174.00,200.00,true,0.000000
583,657277,subset_higher_pass_rate,10,200,200,174.00,200.00,true,0.000000
584,665196,subset_higher_pass_rate,10,200,200,174.00,200.00,true,0.000000
585,673115,subset_higher_pass_rate,10,200,200,174.00,200.00,true,0.000000
586,681034,subset_higher_pass_rate,10,200,200,174.00,200.00,true,0.000000
587,688953,subset_higher_pass_rate,10,200,200,174.00,200.00,true,0.000000
588,696872,subset_higher_pass_rate,10,200,200,174.00,200.00,true,0.000000
589,704791,subset_higher_pass_rate,10,200,200,174.00,200.00,true,0.000000
590,712710,subset_higher_pass_rate,10,200,200,174.00,200.00,true,0.000000
591,720629,subset_higher_pass_rate,10,200,200,174.00,200.00,true,0.000000
592,728548,subset_higher_pass_rate,10,200,200,174.00,200.00,true,0.000000
593,736467,subset_higher_pass_rate,10,200,200,174.00,200.00,true,0.000000
594,744386,subset_higher_pass_rate,10,200,200,174.00,200.00,true,0.000000
595,752305,subset_higher_pass_rate,10,200,200,174.00,200.00,true,0.000000
596,760224,subset_higher_pass_rate,10,200,200,174.00,200.00,true,0.000000
597,768143,subset_higher_pass_rate,10,200,200,174.00,200.00,true,0.000000
598,776062,subset_higher_pass_rate,10,200,200,174.00,200.00,true,0.000000
599,783981,subset_higher_pass_rate,10,200,200,174.00,200.00,true,0.000000
600,0,subset_higher_pass_rate,50,200,200,190.00,200.00,true,0.000000
601,7919,subset_higher_pass_rate,50,200,200,190.00,200.00,true,0.000000
602,15838,subset_higher_pass_rate,50,200,200,190.00,200.00,true,0.000000
603,23757,subset_higher_pass_rate,50,200,200,190.00,200.00,true,0.000000
604,31676,subset_higher_pass_rate,50,200,200,190.00,200.00,true,0.000000
605,39595,subset_higher_pass_rate,50,200,200,190.00,200.00,true,0.000000
606,47514,subset_higher_pass_rate,50,200,200,190.00,200.00,true,0.000000
607,55433,subset_higher_pass_rate,50,200,200,190.00,200.00,true,0.000000
608,63352,subset_higher_pass_rate,50,200,200,190.00,200.00,true,0.000000
609,71271,subset_higher_pass_rate,50,200,200,190.00,200.00,true,0.000000
610,79190,subset_higher_pass_rate,50,200,200,190.00,200.00,true,0.000000
611,87109,subset_higher_pass_rate,50,200,200,190.00,200.00,true,0.000000
612,95028,subset_higher_pass_rate,50,200,200,190.00,200.00,true,0.000000
613,102947,subset_higher_pass_rate,50,200,200,190.00,200.00,true,0.000000
614,110866,subset_higher_pass_rate,50,200,200,190.00,200.00,true,0.000000
615,118785,subset_higher_pass_rate,50,200,200,190.00,200.00,true,0.000000
616,126704,subset_higher_pass_rate,50,200,200,190.00,200.00,true,0.000000
617,134623,subset_higher_pass_rate,50,200,200,190.00,200.00,true,0.000000
618,142542,subset_higher_pass_rate,50,200,200,190.00,200.00,true,0.000000
619,150461,subset_higher_pass_rate,50,200,200,190.00,200.00,true,0.000000
620,158380,subset_higher_pass_rate,50,200,200,190.00,200.00,true,0.000000
621,166299,subset_higher_pass_rate,50,200,200,190.00,200.00,true,0.000000
622,174218,subset_higher_pass_rate,50,200,200,190.00,200.00,true,0.000000
623,182137,subset_higher_pass_rate,50,200,200,190.00,200.00,true,0.000000
624,190056,subset_higher_pass_rate,50,200,200,190.00,200.00,true,0.000000
625,197975,subset_higher_pass_rate,50,200,200,190.00,200.00,true,0.000000
626,205894,subset_higher_pass_rate,50,200,200,190.00,200.00,true,0.000000
627,213813,subset_higher_pass_rate,50,200,200,190.00,200.00,true,0.000000
628,221732,subset_higher_pass_rate,50,200,200,190.00,200.00,true,0.000000
629,229651,subset_higher_pass_rate,50,200,200,190.00,200.00,true,0.000000
630,237570,subset_higher_pass_rate,50,200,200,190.00,200.00,true,0.000000
631,245489,subset_higher_pass_rate,50,200,200,190.00,200.00,true,0.000000
632,253408,subset_higher_pass_rate,50,200,200,190.00,200.00,true,0.000000
633,261327,subset_higher_pass_rate,50,200,200,190.00,200.00,true,0.000000
634,269246,subset_higher_pass_rate,50,200,200,190.00,200.00,true,0.000000
635,277165,subset_higher_pass_rate,50,200,200,190.00,200.00,true,0.000000
636,285084,subset_higher_pass_rate,50,200,200,190.00,200.00,true,0.000000
637,293003,subset_higher_pass_rate,50,200,200,190.00,200.00,true,0.000000
638,300922,subset_higher_pass_rate,50,200,200,190.00,200.00,true,0.000000
639,308841,subset_higher_pass_rate,50,200,200,190.00,200.00,true,0.000000
640,316760,subset_higher_pass_rate,50,200,200,190.00,200.00,true,0.000000
641,324679,subset_higher_pass_rate,50,200,200,190.00,200.00,true,0.000000
642,332598,subset_higher_pass_rate,50,200,200,190.00,200.00,true,0.000000
643,340517,subset_higher_pass_rate,50,200,200,190.00,200.00,true,0.000000
644,348436,subset_higher_pass_rate,50,200,200,190.00,200.00,true,0.000000
645,356355,subset_higher_pass_rate,50,200,200,190.00,200.00,true,0.000000
646,364274,subset_higher_pass_rate,50,200,200,190.00,200.00,true,0.000000
647,372193,subset_higher_pass_rate,50,200,200,190.00,200.00,true,0.000000
648,380112,subset_higher_pass_rate,50,200,200,190.00,200.00,true,0.000000
649,388031,subset_higher_pass_rate,50,200,200,190.00,200.00,true,0.000000
650,395950,subset_higher_pass_rate,50,200,200,190.00,200.00,true,0.000000
651,403869,subset_higher_pass_rate,50,200,200,190.00,200.00,true,0.000000
652,411788,subset_higher_pass_rate,50,200,200,190.00,200.00,true,0.000000
653,419707,subset_higher_pass_rate,50,200,200,190.00,200.00,true,0.000000
654,427626,subset_higher_pass_rate,50,200,200,190.00,200.00,true,0.000000
655,435545,subset_higher_pass_rate,50,200,200,190.00,200.00,true,0.000000
656,443464,subset_higher_pass_rate,50,200,200,190.00,200.00,true,0.000000
657,451383,subset_higher_pass_rate,50,200,200,190.00,200.00,true,0.000000
658,459302,subset_higher_pass_rate,50,200,200,190.00,200.00,true,0.000000
659,467221,subset_higher_pass_rate,50,200,200,190.00,200.00,true,0.000000
660,475140,subset_higher_pass_rate,50,200,200,190.00,200.00,true,0.000000
661,483059,subset_higher_pass_rate,50,200,200,190.00,200.00,true,0.000000
662,490978,subset_higher_pass_rate,50,200,200,190.00,200.00,true,0.000000
663,498897,subset_higher_pass_rate,50,200,200,190.00,200.00,true,0.000000
664,506816,subset_higher_pass_rate,50,200,200,190.00,200.00,true,0.000000
665,514735,subset_higher_pass_rate,50,200,200,190.00,200.00,true,0.000000
666,522654,subset_higher_pass_rate,50,200,200,190.00,200.00,true,0.000000
667,530573,subset_higher_pass_rate,50,200,200,190.00,200.00,true,0.000000
668,538492,subset_higher_pass_rate,50,200,200,190.00,200.00,true,0.000000
669,546411,subset_higher_pass_rate,50,200,200,190.00,200.00,true,0.000000
670,554330,subset_higher_pass_rate,50,200,200,190.00,200.00,true,0.000000
671,562249,subset_higher_pass_rate,50,200,200,190.00,200.00,true,0.000000
672,570168,subset_higher_pass_rate,50,200,200,190.00,200.00,true,0.000000
673,578087,subset_higher_pass_rate,50,200,200,190.00,200.00,true,0.000000
674,586006,subset_higher_pass_rate,50,200,200,190.00,200.00,true,0.000000
675,593925,subset_higher_pass_rate,50,200,200,190.00,200.00,true,0.000000
676,601844,subset_higher_pass_rate,50,200,200,190.00,200.00,true,0.000000
677,609763,subset_higher_pass_rate,50,200,200,190.00,200.00,true,0.000000
678,617682,subset_higher_pass_rate,50,200,200,190.00,200.00,true,0.000000
679,625601,subset_higher_pass_rate,50,200,200,190.00,200.00,true,0.000000
680,633520,subset_higher_pass_rate,50,200,200,190.00,200.00,true,0.000000
681,641439,subset_higher_pass_rate,50,200,200,190.00,200.00,true,0.000000
682,649358,subset_higher_pass_rate,50,200,200,190.00,200.00,true,0.000000
683,657277,subset_higher_pass_rate,50,200,200,190.00,200.00,true,0.000000
684,665196,subset_higher_pass_rate,50,200,200,190.00,200.00,true,0.000000
685,673115,subset_higher_pass_rate,50,200,200,190.00,200.00,true,0.000000
686,681034,subset_higher_pass_rate,50,200,200,190.00,200.00,true,0.000000
687,688953,subset_higher_pass_rate,50,200,200,190.00,200.00,true,0.000000
688,696872,subset_higher_pass_rate,50,200,200,190.00,200.00,true,0.000000
689,704791,subset_higher_pass_rate,50,200,200,190.00,200.00,true,0.000000
690,712710,subset_higher_pass_rate,50,200,200,190.00,200.00,true,0.000000
691,720629,subset_higher_pass_rate,50,200,200,190.00,200.00,true,0.000000
692,728548,subset_higher_pass_rate,50,200,200,190.00,200.00,true,0.000000
693,736467,subset_higher_pass_rate,50,200,200,190.00,200.00,true,0.000000
694,744386,subset_higher_pass_rate,50,200,200,190.00,200.00,true,0.000000
695,752305,subset_higher_pass_rate,50,200,200,190.00,200.00,true,0.000000
696,760224,subset_higher_pass_rate,50,200,200,190.00,200.00,true,0.000000
697,768143,subset_higher_pass_rate,50,200,200,190.00,200.00,true,0.000000
698,776062,subset_higher_pass_rate,50,200,200,190.00,200.00,true,0.000000
699,783981,subset_higher_pass_rate,50,200,200,190.00,200.00,true,0.000000
700,0,subset_higher_pass_rate,100,200,200,194.00,200.00,true,0.000000
701,7919,subset_higher_pass_rate,100,200,200,194.00,200.00,true,0.000000
702,15838,subset_higher_pass_rate,100,200,200,194.00,200.00,true,0.000000
703,23757,subset_higher_pass_rate,100,200,200,194.00,200.00,true,0.000000
704,31676,subset_higher_pass_rate,100,200,200,194.00,200.00,true,0.000000
705,39595,subset_higher_pass_rate,100,200,200,194.00,200.00,true,0.000000
706,47514,subset_higher_pass_rate,100,200,200,194.00,200.00,true,0.000000
707,55433,subset_higher_pass_rate,100,200,200,194.00,200.00,true,0.000000
708,63352,subset_higher_pass_rate,100,200,200,194.00,200.00,true,0.000000
709,71271,subset_higher_pass_rate,100,200,200,194.00,200.00,true,0.000000
710,79190,subset_higher_pass_rate,100,200,200,194.00,200.00,true,0.000000
711,87109,subset_higher_pass_rate,100,200,200,194.00,200.00,true,0.000000
712,95028,subset_higher_pass_rate,100,200,200,194.00,200.00,true,0.000000
713,102947,subset_higher_pass_rate,100,200,200,194.00,200.00,true,0.000000
714,110866,subset_higher_pass_rate,100,200,200,194.00,200.00,true,0.000000
715,118785,subset_higher_pass_rate,100,200,200,194.00,200.00,true,0.000000
716,126704,subset_higher_pass_rate,100,200,200,194.00,200.00,true,0.000000
717,134623,subset_higher_pass_rate,100,200,200,194.00,200.00,true,0.000000
718,142542,subset_higher_pass_rate,100,200,200,194.00,200.00,true,0.000000
719,150461,subset_higher_pass_rate,100,200,200,194.00,200.00,true,0.000000
720,158380,subset_higher_pass_rate,100,200,200,194.00,200.00,true,0.000000
721,166299,subset_higher_pass_rate,100,200,200,194.00,200.00,true,0.000000
722,174218,subset_higher_pass_rate,100,200,200,194.00,200.00,true,0.000000
723,182137,subset_higher_pass_rate,100,200,200,194.00,200.00,true,0.000000
724,190056,subset_higher_pass_rate,100,200,200,194.00,200.00,true,0.000000
725,197975,subset_higher_pass_rate,100,200,200,194.00,200.00,true,0.000000
726,205894,subset_higher_pass_rate,100,200,200,194.00,200.00,true,0.000000
727,213813,subset_higher_pass_rate,100,200,200,194.00,200.00,true,0.000000
728,221732,subset_higher_pass_rate,100,200,200,194.00,200.00,true,0.000000
729,229651,subset_higher_pass_rate,100,200,200,194.00,200.00,true,0.000000
730,237570,subset_higher_pass_rate,100,200,200,194.00,200.00,true,0.000000
731,245489,subset_higher_pass_rate,100,200,200,194.00,200.00,true,0.000000
732,253408,subset_higher_pass_rate,100,200,200,194.00,200.00,true,0.000000
733,261327,subset_higher_pass_rate,100,200,200,194.00,200.00,true,0.000000
734,269246,subset_higher_pass_rate,100,200,200,194.00,200.00,true,0.000000
735,277165,subset_higher_pass_rate,100,200,200,194.00,200.00,true,0.000000
736,285084,subset_higher_pass_rate,100,200,200,194.00,200.00,true,0.000000
737,293003,subset_higher_pass_rate,100,200,200,194.00,200.00,true,0.000000
738,300922,subset_higher_pass_rate,100,200,200,194.00,200.00,true,0.000000
739,308841,subset_higher_pass_rate,100,200,200,194.00,200.00,true,0.000000
740,316760,subset_higher_pass_rate,100,200,200,194.00,200.00,true,0.000000
741,324679,subset_higher_pass_rate,100,200,200,194.00,200.00,true,0.000000
742,332598,subset_higher_pass_rate,100,200,200,194.00,200.00,true,0.000000
743,340517,subset_higher_pass_rate,100,200,200,194.00,200.00,true,0.000000
744,348436,subset_higher_pass_rate,100,200,200,194.00,200.00,true,0.000000
745,356355,subset_higher_pass_rate,100,200,200,194.00,200.00,true,0.000000
746,364274,subset_higher_pass_rate,100,200,200,194.00,200.00,true,0.000000
747,372193,subset_higher_pass_rate,100,200,200,194.00,200.00,true,0.000000
748,380112,subset_higher_pass_rate,100,200,200,194.00,200.00,true,0.000000
749,388031,subset_higher_pass_rate,100,200,200,194.00,200.00,true,0.000000
750,395950,subset_higher_pass_rate,100,200,200,194.00,200.00,true,0.000000
751,403869,subset_higher_pass_rate,100,200,200,194.00,200.00,true,0.000000
752,411788,subset_higher_pass_rate,100,200,200,194.00,200.00,true,0.000000
753,419707,subset_higher_pass_rate,100,200,200,194.00,200.00,true,0.000000
754,427626,subset_higher_pass_rate,100,200,200,194.00,200.00,true,0.000000
755,435545,subset_higher_pass_rate,100,200,200,194.00,200.00,true,0.000000
756,443464,subset_higher_pass_rate,100,200,200,194.00,200.00,true,0.000000
757,451383,subset_higher_pass_rate,100,200,200,194.00,200.00,true,0.000000
758,459302,subset_higher_pass_rate,100,200,200,194.00,200.00,true,0.000000
759,467221,subset_higher_pass_rate,100,200,200,194.00,200.00,true,0.000000
760,475140,subset_higher_pass_rate,100,200,200,194.00,200.00,true,0.000000
761,483059,subset_higher_pass_rate,100,200,200,194.00,200.00,true,0.000000
762,490978,subset_higher_pass_rate,100,200,200,194.00,200.00,true,0.000000
763,498897,subset_higher_pass_rate,100,200,200,194.00,200.00,true,0.000000
764,506816,subset_higher_pass_rate,100,200,200,194.00,200.00,true,0.000000
765,514735,subset_higher_pass_rate,100,200,200,194.00,200.00,true,0.000000
766,522654,subset_higher_pass_rate,100,200,200,194.00,200.00,true,0.000000
767,530573,subset_higher_pass_rate,100,200,200,194.00,200.00,true,0.000000
768,538492,subset_higher_pass_rate,100,200,200,194.00,200.00,true,0.000000
769,546411,subset_higher_pass_rate,100,200,200,194.00,200.00,true,0.000000
770,554330,subset_higher_pass_rate,100,200,200,194.00,200.00,true,0.000000
771,562249,subset_higher_pass_rate,100,200,200,194.00,200.00,true,0.000000
772,570168,subset_higher_pass_rate,100,200,200,194.00,200.00,true,0.000000
773,578087,subset_higher_pass_rate,100,200,200,194.00,200.00,true,0.000000
774,586006,subset_higher_pass_rate,100,200,200,194.00,200.00,true,0.000000
775,593925,subset_higher_pass_rate,100,200,200,194.00,200.00,true,0.000000
776,601844,subset_higher_pass_rate,100,200,200,194.00,200.00,true,0.000000
777,609763,subset_higher_pass_rate,100,200,200,194.00,200.00,true,0.000000
778,617682,subset_higher_pass_rate,100,200,200,194.00,200.00,true,0.000000
779,625601,subset_higher_pass_rate,100,200,200,194.00,200.00,true,0.000000
780,633520,subset_higher_pass_rate,100,200,200,194.00,200.00,true,0.000000
781,641439,subset_higher_pass_rate,100,200,200,194.00,200.00,true,0.000000
782,649358,subset_higher_pass_rate,100,200,200,194.00,200.00,true,0.000000
783,657277,subset_higher_pass_rate,100,200,200,194.00,200.00,true,0.000000
784,665196,subset_higher_pass_rate,100,200,200,194.00,200.00,true,0.000000
785,673115,subset_higher_pass_rate,100,200,200,194.00,200.00,true,0.000000
786,681034,subset_higher_pass_rate,100,200,200,194.00,200.00,true,0.000000
787,688953,subset_higher_pass_rate,100,200,200,194.00,200.00,true,0.000000
788,696872,subset_higher_pass_rate,100,200,200,194.00,200.00,true,0.000000
789,704791,subset_higher_pass_rate,100,200,200,194.00,200.00,true,0.000000
790,712710,subset_higher_pass_rate,100,200,200,194.00,200.00,true,0.000000
791,720629,subset_higher_pass_rate,100,200,200,194.00,200.00,true,0.000000
792,728548,subset_higher_pass_rate,100,200,200,194.00,200.00,true,0.000000
793,736467,subset_higher_pass_rate,100,200,200,194.00,200.00,true,0.000000
794,744386,subset_higher_pass_rate,100,200,200,194.00,200.00,true,0.000000
795,752305,subset_higher_pass_rate,100,200,200,194.00,200.00,true,0.000000
796,760224,subset_higher_pass_rate,100,200,200,194.00,200.00,true,0.000000
797,768143,subset_higher_pass_rate,100,200,200,194.00,200.00,true,0.000000
798,776062,subset_higher_pass_rate,100,200,200,194.00,200.00,true,0.000000
799,783981,subset_higher_pass_rate,100,200,200,194.00,200.00,true,0.000000
