trial_id,seed,n,true_p,threshold,successes,confidence,truth
0,0,100,0.26642920868471265,0.9,33,0,false
1,7919,100,0.6900994984898716,0.9,71,3.144985849523607e-8,false
2,15838,100,0.8735010188538581,0.9,88,0.2080576920558832,false
3,23757,100,0.9509290135465562,0.9,93,0.8028386628318014,true
4,31676,100,0.08928933017887175,0.9,7,0,false
5,39595,100,0.3292713104747236,0.9,41,0,false
6,47514,100,0.2892166196834296,0.9,34,0,false
7,55433,100,0.6428510369732976,0.9,62,2.5757174171303632e-14,false
8,63352,100,0.6185571239329875,0.9,62,2.5757174171303632e-14,false
9,71271,100,0.7516376895364374,0.9,74,0.0000015115374301100104,false
10,79190,100,0.4928507339209318,0.9,51,0,false
11,87109,100,0.3689405038021505,0.9,39,0,false
12,95028,100,0.8505804832093418,0.9,85,0.04315877025856241,false
13,102947,100,0.7116576575208455,0.9,65,4.04121180963557e-12,false
14,110866,100,0.20738779101520777,0.9,17,0,false
15,118785,100,0.9504575557075441,0.9,99,0.9997078246122362,true
16,126704,100,0.6814802729059011,0.9,75,0.000004997177084797855,false
17,134623,100,0.027699837228283286,0.9,3,0,false
18,142542,100,0.025392985669896007,0.9,1,0,false
19,150461,100,0.30014077899977565,0.9,33,0,false
20,158380,100,0.9657394664827734,0.9,97,0.9927526731257277,true
21,166299,100,0.30161902075633407,0.9,33,0,false
22,174218,100,0.9219204289838672,0.9,96,0.9778763768906837,true
23,182137,100,0.45132291899062693,0.9,53,0,false
24,190056,100,0.6310808581765741,0.9,56,0,false
25,197975,100,0.5475464889314026,0.9,54,0,false
26,205894,100,0.6979985302314162,0.9,64,7.811529201262601e-13,false
27,213813,100,0.8466201049741358,0.9,81,0.0022387802321002237,false
28,221732,100,0.005267377244308591,0.9,1,0,false
29,229651,100,0.8191488485317677,0.9,77,0.0000470893134671968,false
30,237570,100,0.5513652665540576,0.9,60,7.771561172376096e-16,false
31,245489,100,0.2544239542912692,0.9,23,0,false
32,253408,100,0.6934008982498199,0.9,63,1.4488410471358293e-13,false
33,261327,100,0.8205388837959617,0.9,74,0.0000015115374301100104,false
34,269246,100,0.9217557585798204,0.9,94,0.8888022574585077,true
35,277165,100,0.4790086669381708,0.9,55,0,false
36,285084,100,0.4223752780817449,0.9,38,0,false
37,293003,100,0.28361877682618797,0.9,24,0,false
38,300922,100,0.3600218240171671,0.9,30,0,false
39,308841,100,0.5460396271664649,0.9,56,0,false
40,316760,100,0.8916514145676047,0.9,90,0.43003101825680956,false
41,324679,100,0.9254829464480281,0.9,92,0.6906084142913178,true
42,332598,100,0.8815642851404846,0.9,82,0.005123406684006793,false
43,340517,100,0.7971001889090985,0.9,81,0.0022387802321002237,false
44,348436,100,0.4001657101325691,0.9,46,0,false
45,356355,100,0.051540633430704474,0.9,2,0,false
46,364274,100,0.24607518292032182,0.9,21,0,false
47,372193,100,0.18713904614560306,0.9,14,0,false
48,380112,100,0.9310201269108802,0.9,93,0.8028386628318014,true
49,388031,100,0.9002530265133828,0.9,86,0.0777033481088355,true
50,395950,100,0.4938893581274897,0.9,47,0,false
51,403869,100,0.7597191808745265,0.9,73,4.3572274077696704e-7,false
52,411788,100,0.6678593982942402,0.9,52,0,false
53,419707,100,0.37438921933062375,0.9,31,0,false
54,427626,100,0.03745651640929282,0.9,3,0,false
55,435545,100,0.16347463987767696,0.9,21,0,false
56,443464,100,0.1300689212512225,0.9,12,0,false
57,451383,100,0.06016973918303847,0.9,5,0,false
58,459302,100,0.09863903955556452,0.9,10,0,false
59,467221,100,0.4280933728441596,0.9,44,0,false
60,475140,100,0.4291789068374783,0.9,41,0,false
61,483059,100,0.3093473925255239,0.9,37,0,false
62,490978,100,0.7494808579795063,0.9,75,0.000004997177084797855,false
63,498897,100,0.19447054713964462,0.9,15,0,false
64,506816,100,0.7631092856172472,0.9,73,4.3572274077696704e-7,false
65,514735,100,0.7349929839838296,0.9,78,0.00013393248848381223,false
66,522654,100,0.12569036055356264,0.9,14,0,false
67,530573,100,0.5784203347284347,0.9,52,0,false
68,538492,100,0.8483854958321899,0.9,85,0.04315877025856241,false
69,546411,100,0.9731075817253441,0.9,98,0.9982174350079852,true
70,554330,100,0.4656017122324556,0.9,46,0,false
71,562249,100,0.5739092172589153,0.9,58,0,false
72,570168,100,0.3795748739503324,0.9,36,0,false
73,578087,100,0.329853939358145,0.9,43,0,false
74,586006,100,0.6024083744268864,0.9,60,7.771561172376096e-16,false
75,593925,100,0.6146605217363685,0.9,62,2.5757174171303632e-14,false
76,601844,100,0.5190680304076523,0.9,47,0,false
77,609763,100,0.9463048949837685,0.9,95,0.9458096938951129,true
78,617682,100,0.38125554588623345,0.9,48,0,false
79,625601,100,0.4504439025186002,0.9,46,0,false
80,633520,100,0.5378426623065025,0.9,49,0,false
81,641439,100,0.4225844503380358,0.9,45,0,false
82,649358,100,0.7259177872911096,0.9,78,0.00013393248848381223,false
83,657277,100,0.25475953007116914,0.9,22,0,false
84,665196,100,0.2679175769444555,0.9,24,0,false
85,673115,100,0.3769160588271916,0.9,35,0,false
86,681034,100,0.325379635207355,0.9,30,0,false
87,688953,100,0.9400730587076396,0.9,92,0.6906084142913178,true
88,696872,100,0.8089388734661043,0.9,79,0.00036148359317422774,false
89,704791,100,0.9904631532263011,0.9,97,0.9927526731257277,true
90,712710,100,0.845663535175845,0.9,83,0.011066432327113018,false
91,720629,100,0.9278370784595609,0.9,95,0.9458096938951129,true
92,728548,100,0.3335704349447042,0.9,33,0,false
93,736467,100,0.2363192243501544,0.9,26,0,false
94,744386,100,0.5843915152363479,0.9,57,0,false
95,752305,100,0.8353002392686903,0.9,90,0.43003101825680956,false
96,760224,100,0.4215198054444045,0.9,37,0,false
97,768143,100,0.12321626534685493,0.9,16,0,false
98,776062,100,0.3253239293117076,0.9,27,0,false
99,783981,100,0.8823500082362443,0.9,88,0.2080576920558832,false
100,791900,100,0.9023322088178247,0.9,92,0.6906084142913178,true
101,799819,100,0.660558428382501,0.9,69,1.891277578991435e-9,false
102,807738,100,0.12992237065918744,0.9,11,0,false
103,815657,100,0.937320230063051,0.9,94,0.8888022574585077,true
104,823576,100,0.8863527898211032,0.9,87,0.13130700269789752,false
105,831495,100,0.1104496973566711,0.9,9,0,false
106,839414,100,0.5210448119323701,0.9,60,7.771561172376096e-16,false
107,847333,100,0.46952491579577327,0.9,42,0,false
108,855252,100,0.4099224815145135,0.9,47,0,false
109,863171,100,0.9016128887888044,0.9,85,0.04315877025856241,true
110,871090,100,0.6860007678624243,0.9,66,2.00450767096072e-11,false
111,879009,100,0.6788701387122273,0.9,70,7.887446806797982e-9,false
112,886928,100,0.0757236136123538,0.9,3,0,false
113,894847,100,0.753645789809525,0.9,78,0.00013393248848381223,false
114,902766,100,0.7349310405552387,0.9,81,0.0022387802321002237,false
115,910685,100,0.5049556756857783,0.9,50,0,false
116,918604,100,0.8747082203626633,0.9,87,0.13130700269789752,false
117,926523,100,0.7104190916288644,0.9,71,3.144985849523607e-8,false
118,934442,100,0.4766332597937435,0.9,45,0,false
119,942361,100,0.34612907539121807,0.9,38,0,false
120,950280,100,0.7513374998234212,0.9,63,1.4488410471358293e-13,false
121,958199,100,0.04999760235659778,0.9,11,0,false
122,966118,100,0.9642052671406418,0.9,98,0.9982174350079852,true
123,974037,100,0.03760846587829292,0.9,3,0,false
124,981956,100,0.08428425434976816,0.9,6,0,false
125,989875,100,0.1184395372401923,0.9,11,0,false
126,997794,100,0.7984949047677219,0.9,87,0.13130700269789752,false
127,1005713,100,0.0863167040515691,0.9,12,0,false
128,1013632,100,0.09480759548023343,0.9,9,0,false
129,1021551,100,0.28130253427661955,0.9,34,0,false
130,1029470,100,0.9909204114228487,0.9,98,0.9982174350079852,true
131,1037389,100,0.186807508347556,0.9,10,0,false
132,1045308,100,0.4278697513509542,0.9,43,0,false
133,1053227,100,0.4653361241798848,0.9,48,0,false
134,1061146,100,0.4203329181764275,0.9,45,0,false
135,1069065,100,0.8759635670576245,0.9,90,0.43003101825680956,false
136,1076984,100,0.04578274395316839,0.9,4,0,false
137,1084903,100,0.06259925989434123,0.9,1,0,false
138,1092822,100,0.35932097816839814,0.9,31,0,false
139,1100741,100,0.3628897399175912,0.9,40,0,false
140,1108660,100,0.015359985642135143,0.9,1,0,false
141,1116579,100,0.3280332109425217,0.9,32,0,false
142,1124498,100,0.9918688088655472,0.9,100,0.9999760947410011,true
143,1132417,100,0.9227335050236434,0.9,91,0.561751437575543,true
144,1140336,100,0.18742560781538486,0.9,16,0,false
145,1148255,100,0.2596013629809022,0.9,25,0,false
146,1156174,100,0.7769517039414495,0.9,75,0.000004997177084797855,false
147,1164093,100,0.03293288848362863,0.9,2,0,false
148,1172012,100,0.13936585350893438,0.9,17,0,false
149,1179931,100,0.2246962997596711,0.9,25,0,false
150,1187850,100,0.187415269901976,0.9,22,0,false
151,1195769,100,0.028545685578137636,0.9,5,0,false
152,1203688,100,0.8174636629410088,0.9,81,0.0022387802321002237,false
153,1211607,100,0.6246978647541255,0.9,59,1.1102230246251565e-16,false
154,1219526,100,0.6083263254258782,0.9,67,9.528688948989839e-11,false
155,1227445,100,0.07529432070441544,0.9,8,0,false
156,1235364,100,0.8724977730307728,0.9,79,0.00036148359317422774,false
157,1243283,100,0.2799532108474523,0.9,17,0,false
158,1251202,100,0.5543116643093526,0.9,54,0,false
159,1259121,100,0.9200999261811376,0.9,93,0.8028386628318014,true
160,1267040,100,0.40909193689003587,0.9,36,0,false
161,1274959,100,0.546303711598739,0.9,53,0,false
162,1282878,100,0.9610793271567672,0.9,96,0.9778763768906837,true
163,1290797,100,0.5987362635787576,0.9,62,2.5757174171303632e-14,false
164,1298716,100,0.7092868539039046,0.9,74,0.0000015115374301100104,false
165,1306635,100,0.6384466905146837,0.9,69,1.891277578991435e-9,false
166,1314554,100,0.3538609908428043,0.9,43,0,false
167,1322473,100,0.7422136138193309,0.9,69,1.891277578991435e-9,false
168,1330392,100,0.7330031455494463,0.9,70,7.887446806797982e-9,false
169,1338311,100,0.46357931359671056,0.9,45,0,false
170,1346230,100,0.760658128419891,0.9,85,0.04315877025856241,false
171,1354149,100,0.621767608448863,0.9,62,2.5757174171303632e-14,false
172,1362068,100,0.5693138872738928,0.9,55,0,false
173,1369987,100,0.30786419194191694,0.9,34,0,false
174,1377906,100,0.6142196911387146,0.9,67,9.528688948989839e-11,false
175,1385825,100,0.16460797865875065,0.9,19,0,false
176,1393744,100,0.93157196813263,0.9,95,0.9458096938951129,true
177,1401663,100,0.6539299162104726,0.9,65,4.04121180963557e-12,false
178,1409582,100,0.7769248317927122,0.9,81,0.0022387802321002237,false
179,1417501,100,0.7550432963762432,0.9,79,0.00036148359317422774,false
180,1425420,100,0.9180259644053876,0.9,89,0.30895465781980924,true
181,1433339,100,0.745411082636565,0.9,77,0.0000470893134671968,false
182,1441258,100,0.7740071034058928,0.9,69,1.891277578991435e-9,false
183,1449177,100,0.33033572998829186,0.9,37,0,false
184,1457096,100,0.7849764528218657,0.9,86,0.0777033481088355,false
185,1465015,100,0.1178398379124701,0.9,9,0,false
186,1472934,100,0.04468992259353399,0.9,2,0,false
187,1480853,100,0.22326521086506546,0.9,28,0,false
188,1488772,100,0.2250294906552881,0.9,23,0,false
189,1496691,100,0.17474332451820374,0.9,21,0,false
190,1504610,100,0.8324442103039473,0.9,80,0.0009246725801964617,false
191,1512529,100,0.15770602319389582,0.9,15,0,false
192,1520448,100,0.33866999647580087,0.9,33,0,false
193,1528367,100,0.34356963634490967,0.9,28,0,false
194,1536286,100,0.5370219952892512,0.9,59,1.1102230246251565e-16,false
195,1544205,100,0.057167919585481286,0.9,7,0,false
196,1552124,100,0.6000166796147823,0.9,55,0,false
197,1560043,100,0.5611668794881552,0.9,62,2.5757174171303632e-14,false
198,1567962,100,0.02623547613620758,0.9,2,0,false
199,1575881,100,0.9118211297318339,0.9,90,0.43003101825680956,true
200,1583800,100,0.9154769298620522,0.9,87,0.13130700269789752,true
201,1591719,100,0.8129104534164071,0.9,84,0.02252798171567094,false
202,1599638,100,0.38415506202727556,0.9,41,0,false
203,1607557,100,0.630087656667456,0.9,76,0.000015729278078691067,false
204,1615476,100,0.6265841810964048,0.9,57,0,false
205,1623395,100,0.27575783943757415,0.9,30,0,false
206,1631314,100,0.9503525409381837,0.9,93,0.8028386628318014,true
207,1639233,100,0.10801403527148068,0.9,7,0,false
208,1647152,100,0.6390168603975326,0.9,67,9.528688948989839e-11,false
209,1655071,100,0.4532460328191519,0.9,51,0,false
210,1662990,100,0.7229903961997479,0.9,74,0.0000015115374301100104,false
211,1670909,100,0.41999598615802824,0.9,42,0,false
212,1678828,100,0.3838227663654834,0.9,43,0,false
213,1686747,100,0.7634923616424203,0.9,76,0.000015729278078691067,false
214,1694666,100,0.07200384559109807,0.9,6,0,false
215,1702585,100,0.30886210477910936,0.9,27,0,false
216,1710504,100,0.489067338174209,0.9,44,0,false
217,1718423,100,0.19691921351477504,0.9,22,0,false
218,1726342,100,0.9814300304278731,0.9,97,0.9927526731257277,true
219,1734261,100,0.5902747758664191,0.9,68,4.338753800681161e-10,false
220,1742180,100,0.3419817336834967,0.9,30,0,false
221,1750099,100,0.3283370689023286,0.9,32,0,false
222,1758018,100,0.19876403734087944,0.9,15,0,false
223,1765937,100,0.8182049265597016,0.9,74,0.0000015115374301100104,false
224,1773856,100,0.836805391125381,0.9,82,0.005123406684006793,false
225,1781775,100,0.7956870030611753,0.9,83,0.011066432327113018,false
226,1789694,100,0.3665007457602769,0.9,47,0,false
227,1797613,100,0.6254505745600909,0.9,62,2.5757174171303632e-14,false
228,1805532,100,0.7489478995557874,0.9,71,3.144985849523607e-8,false
229,1813451,100,0.40596767514944077,0.9,40,0,false
230,1821370,100,0.5246049417182803,0.9,48,0,false
231,1829289,100,0.6300642509013414,0.9,60,7.771561172376096e-16,false
232,1837208,100,0.2697526286356151,0.9,27,0,false
233,1845127,100,0.39393489505164325,0.9,34,0,false
234,1853046,100,0.030556599609553814,0.9,4,0,false
235,1860965,100,0.3398945080116391,0.9,28,0,false
236,1868884,100,0.13795225857757032,0.9,16,0,false
237,1876803,100,0.26788452360779047,0.9,21,0,false
238,1884722,100,0.24055980052798986,0.9,24,0,false
239,1892641,100,0.6623387760482728,0.9,66,2.00450767096072e-11,false
240,1900560,100,0.055153822991997004,0.9,8,0,false
241,1908479,100,0.9681076603010297,0.9,97,0.9927526731257277,true
242,1916398,100,0.32331255567260087,0.9,37,0,false
243,1924317,100,0.2630907096900046,0.9,27,0,false
244,1932236,100,0.5317747031804174,0.9,47,0,false
245,1940155,100,0.35304900514893234,0.9,41,0,false
246,1948074,100,0.481587776215747,0.9,41,0,false
247,1955993,100,0.3268341345246881,0.9,33,0,false
248,1963912,100,0.3118177147116512,0.9,36,0,false
249,1971831,100,0.2041542213410139,0.9,16,0,false
250,1979750,100,0.5546133816242218,0.9,52,0,false
251,1987669,100,0.7252649962902069,0.9,64,7.811529201262601e-13,false
252,1995588,100,0.16365717677399516,0.9,18,0,false
253,2003507,100,0.36725102574564517,0.9,37,0,false
254,2011426,100,0.08696061908267438,0.9,8,0,false
255,2019345,100,0.4815112736541778,0.9,46,0,false
256,2027264,100,0.39271562779322267,0.9,32,0,false
257,2035183,100,0.13558531762100756,0.9,15,0,false
258,2043102,100,0.5209542321972549,0.9,52,0,false
259,2051021,100,0.7042453458998352,0.9,69,1.891277578991435e-9,false
260,2058940,100,0.6166943744756281,0.9,69,1.891277578991435e-9,false
261,2066859,100,0.14582209312357008,0.9,19,0,false
262,2074778,100,0.9830638726707548,0.9,97,0.9927526731257277,true
263,2082697,100,0.18868669774383307,0.9,16,0,false
264,2090616,100,0.5041110429447144,0.9,51,0,false
265,2098535,100,0.9087239513173699,0.9,91,0.561751437575543,true
266,2106454,100,0.5494284185115248,0.9,56,0,false
267,2114373,100,0.6804739162325859,0.9,67,9.528688948989839e-11,false
268,2122292,100,0.4571309636812657,0.9,46,0,false
269,2130211,100,0.5401676988694817,0.9,52,0,false
270,2138130,100,0.07964485231786966,0.9,9,0,false
271,2146049,100,0.0557955764234066,0.9,6,0,false
272,2153968,100,0.5945007435511798,0.9,58,0,false
273,2161887,100,0.3445928196888417,0.9,39,0,false
274,2169806,100,0.024996471358463168,0.9,1,0,false
275,2177725,100,0.10803963034413755,0.9,16,0,false
276,2185644,100,0.7764118888881058,0.9,75,0.000004997177084797855,false
277,2193563,100,0.2214457904919982,0.9,17,0,false
278,2201482,100,0.48913836921565235,0.9,59,1.1102230246251565e-16,false
279,2209401,100,0.04280155408196151,0.9,2,0,false
280,2217320,100,0.9953817643690854,0.9,100,0.9999760947410011,true
281,2225239,100,0.042260611429810524,0.9,3,0,false
282,2233158,100,0.9998587449081242,0.9,100,0.9999760947410011,true
283,2241077,100,0.22950280201621354,0.9,19,0,false
284,2248996,100,0.8488978573586792,0.9,84,0.02252798171567094,false
285,2256915,100,0.2757431969512254,0.9,25,0,false
286,2264834,100,0.47222828050144017,0.9,47,0,false
287,2272753,100,0.47422903846018016,0.9,48,0,false
288,2280672,100,0.8231660502497107,0.9,86,0.0777033481088355,false
289,2288591,100,0.2220368159469217,0.9,20,0,false
290,2296510,100,0.6053217290900648,0.9,66,2.00450767096072e-11,false
291,2304429,100,0.5898566956166178,0.9,56,0,false
292,2312348,100,0.3171527914237231,0.9,33,0,false
293,2320267,100,0.9903872513677925,0.9,100,0.9999760947410011,true
294,2328186,100,0.5950580528005958,0.9,54,0,false
295,2336105,100,0.4475948300678283,0.9,44,0,false
296,2344024,100,0.9728919898625463,0.9,98,0.9982174350079852,true
297,2351943,100,0.8594811561051756,0.9,91,0.561751437575543,false
298,2359862,100,0.07757041603326797,0.9,3,0,false
299,2367781,100,0.6755775900091976,0.9,70,7.887446806797982e-9,false
300,2375700,100,0.36148552037775517,0.9,39,0,false
301,2383619,100,0.4253471631091088,0.9,41,0,false
302,2391538,100,0.5240640719421208,0.9,44,0,false
303,2399457,100,0.34737120661884546,0.9,36,0,false
304,2407376,100,0.5442513027228415,0.9,54,0,false
305,2415295,100,0.845035424688831,0.9,83,0.011066432327113018,false
306,2423214,100,0.5969928095582873,0.9,58,0,false
307,2431133,100,0.6749060724396259,0.9,77,0.0000470893134671968,false
308,2439052,100,0.7021297547034919,0.9,68,4.338753800681161e-10,false
309,2446971,100,0.5716490400955081,0.9,60,7.771561172376096e-16,false
310,2454890,100,0.9282724817749113,0.9,92,0.6906084142913178,true
311,2462809,100,0.8511093475390226,0.9,92,0.6906084142913178,false
312,2470728,100,0.4933233899064362,0.9,57,0,false
313,2478647,100,0.2907403367571533,0.9,31,0,false
314,2486566,100,0.31177849462255836,0.9,24,0,false
315,2494485,100,0.9145817549433559,0.9,88,0.2080576920558832,true
316,2502404,100,0.09578905533999205,0.9,11,0,false
317,2510323,100,0.4539566361345351,0.9,45,0,false
318,2518242,100,0.11263254703953862,0.9,9,0,false
319,2526161,100,0.26937151001766324,0.9,25,0,false
320,2534080,100,0.014123937347903848,0.9,2,0,false
321,2541999,100,0.20425098901614547,0.9,26,0,false
322,2549918,100,0.7007132326252759,0.9,72,1.1980890179952297e-7,false
323,2557837,100,0.13682366232387722,0.9,18,0,false
324,2565756,100,0.18602812546305358,0.9,23,0,false
325,2573675,100,0.9427073248662055,0.9,91,0.561751437575543,true
326,2581594,100,0.29843957908451557,0.9,29,0,false
327,2589513,100,0.6426904369145632,0.9,69,1.891277578991435e-9,false
328,2597432,100,0.9238097700290382,0.9,98,0.9982174350079852,true
329,2605351,100,0.22024740115739405,0.9,20,0,false
330,2613270,100,0.37558501260355115,0.9,41,0,false
331,2621189,100,0.7708404117729515,0.9,74,0.0000015115374301100104,false
332,2629108,100,0.7571890407707542,0.9,76,0.000015729278078691067,false
333,2637027,100,0.03606550628319383,0.9,4,0,false
334,2644946,100,0.4763797363266349,0.9,51,0,false
335,2652865,100,0.3982575808186084,0.9,52,0,false
336,2660784,100,0.815966700669378,0.9,82,0.005123406684006793,false
337,2668703,100,0.5095669846050441,0.9,57,0,false
338,2676622,100,0.0496805040165782,0.9,7,0,false
339,2684541,100,0.6680481389630586,0.9,68,4.338753800681161e-10,false
340,2692460,100,0.3924062552396208,0.9,39,0,false
341,2700379,100,0.0779684146400541,0.9,8,0,false
342,2708298,100,0.8982969266362488,0.9,90,0.43003101825680956,false
343,2716217,100,0.04345124447718263,0.9,5,0,false
344,2724136,100,0.2327863764949143,0.9,32,0,false
345,2732055,100,0.8391872551292181,0.9,80,0.0009246725801964617,false
346,2739974,100,0.721666709985584,0.9,79,0.00036148359317422774,false
347,2747893,100,0.46857072063721716,0.9,44,0,false
348,2755812,100,0.9483289467170835,0.9,91,0.561751437575543,true
349,2763731,100,0.6285671314690262,0.9,59,1.1102230246251565e-16,false
350,2771650,100,0.7190022470895201,0.9,64,7.811529201262601e-13,false
351,2779569,100,0.49376613390631974,0.9,53,0,false
352,2787488,100,0.4234262111131102,0.9,50,0,false
353,2795407,100,0.17813573591411114,0.9,27,0,false
354,2803326,100,0.3171616932377219,0.9,31,0,false
355,2811245,100,0.9068349679000676,0.9,87,0.13130700269789752,true
356,2819164,100,0.08276517270132899,0.9,9,0,false
357,2827083,100,0.7918026896659285,0.9,82,0.005123406684006793,false
358,2835002,100,0.14185297768563032,0.9,11,0,false
359,2842921,100,0.694771516835317,0.9,67,9.528688948989839e-11,false
360,2850840,100,0.8820101812016219,0.9,90,0.43003101825680956,false
361,2858759,100,0.2727889914531261,0.9,28,0,false
362,2866678,100,0.23769622668623924,0.9,24,0,false
363,2874597,100,0.20741343055851758,0.9,15,0,false
364,2882516,100,0.5580803293269128,0.9,64,7.811529201262601e-13,false
365,2890435,100,0.969449405092746,0.9,97,0.9927526731257277,true
366,2898354,100,0.1766045589465648,0.9,18,0,false
367,2906273,100,0.10007721628062427,0.9,9,0,false
368,2914192,100,0.23987066047266126,0.9,23,0,false
369,2922111,100,0.7040269058197737,0.9,63,1.4488410471358293e-13,false
370,2930030,100,0.7147628914099187,0.9,72,1.1980890179952297e-7,false
371,2937949,100,0.39455849048681557,0.9,37,0,false
372,2945868,100,0.7082538758404553,0.9,76,0.000015729278078691067,false
373,2953787,100,0.5739827973302454,0.9,58,0,false
374,2961706,100,0.3651513068471104,0.9,33,0,false
375,2969625,100,0.1952988631092012,0.9,17,0,false
376,2977544,100,0.39171719504520297,0.9,36,0,false
377,2985463,100,0.4245661061722785,0.9,41,0,false
378,2993382,100,0.113549793837592,0.9,8,0,false
379,3001301,100,0.9512580132577568,0.9,97,0.9927526731257277,true
380,3009220,100,0.24422959331423044,0.9,27,0,false
381,3017139,100,0.0992718511261046,0.9,8,0,false
382,3025058,100,0.17208613897673786,0.9,16,0,false
383,3032977,100,0.5427093980833888,0.9,49,0,false
384,3040896,100,0.16445023589767516,0.9,21,0,false
385,3048815,100,0.6772324107587337,0.9,67,9.528688948989839e-11,false
386,3056734,100,0.9685608402360231,0.9,97,0.9927526731257277,true
387,3064653,100,0.4873784724622965,0.9,48,0,false
388,3072572,100,0.998183821560815,0.9,100,0.9999760947410011,true
389,3080491,100,0.5912443571723998,0.9,50,0,false
390,3088410,100,0.0480261966586113,0.9,6,0,false
391,3096329,100,0.7799189321231097,0.9,78,0.00013393248848381223,false
392,3104248,100,0.10236759064719081,0.9,11,0,false
393,3112167,100,0.06488369521684945,0.9,4,0,false
394,3120086,100,0.4959242402110249,0.9,62,2.5757174171303632e-14,false
395,3128005,100,0.9544333955273032,0.9,97,0.9927526731257277,true
396,3135924,100,0.9779100262094289,0.9,97,0.9927526731257277,true
397,3143843,100,0.7302378583699465,0.9,72,1.1980890179952297e-7,false
398,3151762,100,0.48706941516138613,0.9,46,0,false
399,3159681,100,0.9605528516694903,0.9,96,0.9778763768906837,true
400,3167600,100,0.8762196437455714,0.9,91,0.561751437575543,false
401,3175519,100,0.8559389922302216,0.9,83,0.011066432327113018,false
402,3183438,100,0.6038606392685324,0.9,58,0,false
403,3191357,100,0.04763144673779607,0.9,5,0,false
404,3199276,100,0.8544935442041606,0.9,86,0.0777033481088355,false
405,3207195,100,0.09758041310124099,0.9,10,0,false
406,3215114,100,0.7753834847826511,0.9,73,4.3572274077696704e-7,false
407,3223033,100,0.9336373722180724,0.9,92,0.6906084142913178,true
408,3230952,100,0.6033305614255369,0.9,53,0,false
409,3238871,100,0.42027250095270574,0.9,42,0,false
410,3246790,100,0.6966883868444711,0.9,72,1.1980890179952297e-7,false
411,3254709,100,0.31952145183458924,0.9,36,0,false
412,3262628,100,0.13462191401049495,0.9,12,0,false
413,3270547,100,0.5940455354284495,0.9,63,1.4488410471358293e-13,false
414,3278466,100,0.15063163358718157,0.9,19,0,false
415,3286385,100,0.8350693841930479,0.9,91,0.561751437575543,false
416,3294304,100,0.04317477671429515,0.9,2,0,false
417,3302223,100,0.7192365978844464,0.9,70,7.887446806797982e-9,false
418,3310142,100,0.062170573277398944,0.9,6,0,false
419,3318061,100,0.4764591162092984,0.9,56,0,false
420,3325980,100,0.03164179320447147,0.9,2,0,false
421,3333899,100,0.6444795557763427,0.9,60,7.771561172376096e-16,false
422,3341818,100,0.6404062754008919,0.9,61,4.440892098500626e-15,false
423,3349737,100,0.7338796420954168,0.9,74,0.0000015115374301100104,false
424,3357656,100,0.47174856439232826,0.9,41,0,false
425,3365575,100,0.31184672750532627,0.9,29,0,false
426,3373494,100,0.6802937078755349,0.9,74,0.0000015115374301100104,false
427,3381413,100,0.7954360584262758,0.9,83,0.011066432327113018,false
428,3389332,100,0.7438585525378585,0.9,78,0.00013393248848381223,false
429,3397251,100,0.7800245864782482,0.9,83,0.011066432327113018,false
430,3405170,100,0.5062089036218822,0.9,48,0,false
431,3413089,100,0.6102777477353811,0.9,56,0,false
432,3421008,100,0.3101823157630861,0.9,32,0,false
433,3428927,100,0.9958349375519902,0.9,99,0.9997078246122362,true
434,3436846,100,0.7064044671133161,0.9,66,2.00450767096072e-11,false
435,3444765,100,0.11939285323023796,0.9,13,0,false
436,3452684,100,0.24050443549640477,0.9,19,0,false
437,3460603,100,0.547120644710958,0.9,62,2.5757174171303632e-14,false
438,3468522,100,0.004526722012087703,0.9,0,0,false
439,3476441,100,0.22876002918928862,0.9,21,0,false
440,3484360,100,0.20512823690660298,0.9,20,0,false
441,3492279,100,0.6551097978372127,0.9,61,4.440892098500626e-15,false
442,3500198,100,0.755112970713526,0.9,71,3.144985849523607e-8,false
443,3508117,100,0.9209707463160157,0.9,94,0.8888022574585077,true
444,3516036,100,0.7545264328364283,0.9,72,1.1980890179952297e-7,false
445,3523955,100,0.819579349597916,0.9,81,0.0022387802321002237,false
446,3531874,100,0.6508540010545403,0.9,62,2.5757174171303632e-14,false
447,3539793,100,0.8380752387456596,0.9,84,0.02252798171567094,false
448,3547712,100,0.9371957404073328,0.9,90,0.43003101825680956,true
449,3555631,100,0.5893872296437621,0.9,53,0,false
450,3563550,100,0.2748158562462777,0.9,20,0,false
451,3571469,100,0.08299177908338606,0.9,11,0,false
452,3579388,100,0.001723644556477666,0.9,0,0,false
453,3587307,100,0.7111050335224718,0.9,77,0.0000470893134671968,false
454,3595226,100,0.5693067342508584,0.9,61,4.440892098500626e-15,false
455,3603145,100,0.2770075050648302,0.9,23,0,false
456,3611064,100,0.8149984900373966,0.9,78,0.00013393248848381223,false
457,3618983,100,0.10626470227725804,0.9,15,0,false
458,3626902,100,0.025537199806421995,0.9,2,0,false
459,3634821,100,0.624297047033906,0.9,62,2.5757174171303632e-14,false
460,3642740,100,0.7575514193158597,0.9,71,3.144985849523607e-8,false
461,3650659,100,0.4010533089749515,0.9,39,0,false
462,3658578,100,0.33247988391667604,0.9,31,0,false
463,3666497,100,0.8560032988898456,0.9,91,0.561751437575543,false
464,3674416,100,0.9829132873564959,0.9,99,0.9997078246122362,true
465,3682335,100,0.807733804685995,0.9,82,0.005123406684006793,false
466,3690254,100,0.12606034730561078,0.9,10,0,false
467,3698173,100,0.28769665444269776,0.9,24,0,false
468,3706092,100,0.8800768663641065,0.9,90,0.43003101825680956,false
469,3714011,100,0.005302512785419822,0.9,2,0,false
470,3721930,100,0.6650927849113941,0.9,60,7.771561172376096e-16,false
471,3729849,100,0.8091341946274042,0.9,80,0.0009246725801964617,false
472,3737768,100,0.4481812212616205,0.9,39,0,false
473,3745687,100,0.46012357948347926,0.9,46,0,false
474,3753606,100,0.0656481150072068,0.9,4,0,false
475,3761525,100,0.29050504812039435,0.9,19,0,false
476,3769444,100,0.3840864913072437,0.9,34,0,false
477,3777363,100,0.19302915688604116,0.9,12,0,false
478,3785282,100,0.70500432793051,0.9,67,9.528688948989839e-11,false
479,3793201,100,0.7556156965438277,0.9,80,0.0009246725801964617,false
480,3801120,100,0.546351918252185,0.9,66,2.00450767096072e-11,false
481,3809039,100,0.8934772764332592,0.9,81,0.0022387802321002237,false
482,3816958,100,0.4866061245556921,0.9,42,0,false
483,3824877,100,0.5637879723217338,0.9,57,0,false
484,3832796,100,0.7632513351272792,0.9,82,0.005123406684006793,false
485,3840715,100,0.38271212042309344,0.9,35,0,false
486,3848634,100,0.6340914533939213,0.9,60,7.771561172376096e-16,false
487,3856553,100,0.5023846728727221,0.9,52,0,false
488,3864472,100,0.9355369994882494,0.9,93,0.8028386628318014,true
489,3872391,100,0.9940593834035099,0.9,99,0.9997078246122362,true
490,3880310,100,0.6854808148927987,0.9,68,4.338753800681161e-10,false
491,3888229,100,0.6088976359460503,0.9,56,0,false
492,3896148,100,0.5298744733445346,0.9,53,0,false
493,3904067,100,0.09179934486746788,0.9,11,0,false
494,3911986,100,0.2999562113545835,0.9,47,0,false
495,3919905,100,0.5638086516410112,0.9,59,1.1102230246251565e-16,false
496,3927824,100,0.9733375424984843,0.9,98,0.9982174350079852,true
497,3935743,100,0.491878793342039,0.9,52,0,false
498,3943662,100,0.8291215118952096,0.9,77,0.0000470893134671968,false
499,3951581,100,0.8381816439796239,0.9,82,0.005123406684006793,false
500,3959500,500,0.7992802436929196,0.9,403,1.024429430174223e-10,false
501,3967419,500,0.6699388213455677,0.9,342,0,false
502,3975338,500,0.08698334312066436,0.9,36,0,false
503,3983257,500,0.0012484602630138397,0.9,0,0,false
504,3991176,500,0.5475972495041788,0.9,266,0,false
505,3999095,500,0.6000348292291164,0.9,298,0,false
506,4007014,500,0.6432897029444575,0.9,311,0,false
507,4014933,500,0.7008471600711346,0.9,351,0,false
508,4022852,500,0.49577697832137346,0.9,244,0,false
509,4030771,500,0.3009012017864734,0.9,144,0,false
510,4038690,500,0.18122719158418477,0.9,85,0,false
511,4046609,500,0.5383565488737077,0.9,276,0,false
512,4054528,500,0.5055692340247333,0.9,244,0,false
513,4062447,500,0.16958083445206285,0.9,92,0,false
514,4070366,500,0.36138420389033854,0.9,186,0,false
515,4078285,500,0.6243702278006822,0.9,305,0,false
516,4086204,500,0.09822614048607647,0.9,57,0,false
517,4094123,500,0.7920160845387727,0.9,384,0,false
518,4102042,500,0.09516760753467679,0.9,50,0,false
519,4109961,500,0.20540908514522016,0.9,103,0,false
520,4117880,500,0.17036308185197413,0.9,85,0,false
521,4125799,500,0.013485723407939076,0.9,9,0,false
522,4133718,500,0.997621534159407,0.9,500,1,true
523,4141637,500,0.1636205657850951,0.9,96,0,false
524,4149556,500,0.7317881407216191,0.9,363,0,false
525,4157475,500,0.007256627315655351,0.9,1,0,false
526,4165394,500,0.9894193012733012,0.9,496,1,true
527,4173313,500,0.5212779208086431,0.9,268,0,false
528,4181232,500,0.8871845742687583,0.9,440,0.06374164806899674,false
529,4189151,500,0.6870787781663239,0.9,354,0,false
530,4197070,500,0.014794962480664253,0.9,8,0,false
531,4204989,500,0.9265238312073052,0.9,459,0.9023888988518532,true
532,4212908,500,0.7362881163135171,0.9,370,0,false
533,4220827,500,0.7766833521891385,0.9,401,2.0298873693036512e-11,false
534,4228746,500,0.9270399806555361,0.9,463,0.9734496301022907,true
535,4236665,500,0.3320103529840708,0.9,167,0,false
536,4244584,500,0.46774475555866957,0.9,229,0,false
537,4252503,500,0.43523211125284433,0.9,231,0,false
538,4260422,500,0.007190365111455321,0.9,6,0,false
539,4268341,500,0.33654051343910396,0.9,181,0,false
540,4276260,500,0.8187072740402073,0.9,419,0.000006864894189662074,false
541,4284179,500,0.5433814118150622,0.9,263,0,false
542,4292098,500,0.23433078988455236,0.9,117,0,false
543,4300017,500,0.12216465757228434,0.9,70,0,false
544,4307936,500,0.384048716397956,0.9,194,0,false
545,4315855,500,0.47394125792197883,0.9,263,0,false
546,4323774,500,0.05213192827068269,0.9,41,0,false
547,4331693,500,0.5617538823280483,0.9,283,0,false
548,4339612,500,0.2235641898587346,0.9,113,0,false
549,4347531,500,0.28016754891723394,0.9,134,0,false
550,4355450,500,0.6774590711575001,0.9,327,0,false
551,4363369,500,0.594500721199438,0.9,320,0,false
552,4371288,500,0.1751952967606485,0.9,90,0,false
553,4379207,500,0.6021603483241051,0.9,306,0,false
554,4387126,500,0.4677493430208415,0.9,242,0,false
555,4395045,500,0.7531325223390013,0.9,385,0,false
556,4402964,500,0.5294721939135343,0.9,284,0,false
557,4410883,500,0.8104166209232062,0.9,424,0.00010894054208598902,false
558,4418802,500,0.9938199170865119,0.9,499,1,true
559,4426721,500,0.8543987649027258,0.9,418,0.0000037869545824742445,false
560,4434640,500,0.27939966414123774,0.9,137,0,false
561,4442559,500,0.23020744766108692,0.9,121,0,false
562,4450478,500,0.08470858819782734,0.9,46,0,false
563,4458397,500,0.8839999274350703,0.9,434,0.00921596680337966,false
564,4466316,500,0.5998964789323509,0.9,284,0,false
565,4474235,500,0.28653591591864824,0.9,139,0,false
566,4482154,500,0.5861957634333521,0.9,298,0,false
567,4490073,500,0.3363557052798569,0.9,161,0,false
568,4497992,500,0.30788882984779775,0.9,168,0,false
569,4505911,500,0.1130067016929388,0.9,61,0,false
570,4513830,500,0.512101026950404,0.9,248,0,false
571,4521749,500,0.8752270305994898,0.9,434,0.00921596680337966,false
572,4529668,500,0.43673821119591594,0.9,224,0,false
573,4537587,500,0.32736484287306666,0.9,165,0,false
574,4545506,500,0.2982557488139719,0.9,169,0,false
575,4553425,500,0.769438642077148,0.9,372,0,false
576,4561344,500,0.10588953155092895,0.9,62,0,false
577,4569263,500,0.36056366143748164,0.9,163,0,false
578,4577182,500,0.18436644738540053,0.9,86,0,false
579,4585101,500,0.10605392558500171,0.9,51,0,false
580,4593020,500,0.2024462001863867,0.9,87,0,false
581,4600939,500,0.8661134203430265,0.9,425,0.0001814471223203773,false
582,4608858,500,0.8276402682531625,0.9,400,8.871903212082088e-12,false
583,4616777,500,0.8097051689401269,0.9,390,1.2212453270876722e-15,false
584,4624696,500,0.8069438808597624,0.9,404,2.2592572257451593e-10,false
585,4632615,500,0.8845850075595081,0.9,435,0.01322203884158224,false
586,4640534,500,0.6532201562076807,0.9,315,0,false
587,4648453,500,0.5720551905687898,0.9,297,0,false
588,4656372,500,0.04725215374492109,0.9,28,0,false
589,4664291,500,0.4702473704237491,0.9,217,0,false
590,4672210,500,0.1267886944115162,0.9,62,0,false
591,4680129,500,0.8990869254339486,0.9,458,0.8725385551493935,false
592,4688048,500,0.7548706338275224,0.9,385,0,false
593,4695967,500,0.5211440906859934,0.9,266,0,false
594,4703886,500,0.18706820160150528,0.9,99,0,false
595,4711805,500,0.9195339907892048,0.9,457,0.8371346594177572,true
596,4719724,500,0.09110253234393895,0.9,52,0,false
597,4727643,500,0.40345796616747975,0.9,200,0,false
598,4735562,500,0.012415071949362755,0.9,4,0,false
599,4743481,500,0.7274433651473373,0.9,363,0,false
600,4751400,500,0.02178346272557974,0.9,12,0,false
601,4759319,500,0.07372483657673001,0.9,49,0,false
602,4767238,500,0.12134888744913042,0.9,78,0,false
603,4775157,500,0.04153033741749823,0.9,21,0,false
604,4783076,500,0.43298677634447813,0.9,210,0,false
605,4790995,500,0.36633198615163565,0.9,173,0,false
606,4798914,500,0.9479043525643647,0.9,480,0.9999995732560516,true
607,4806833,500,0.3634052702691406,0.9,184,0,false
608,4814752,500,0.8499135114252567,0.9,431,0.002847626336794584,false
609,4822671,500,0.17699527274817228,0.9,91,0,false
610,4830590,500,0.9777128295972943,0.9,489,0.9999999999947126,true
611,4838509,500,0.1776969509664923,0.9,96,0,false
612,4846428,500,0.7263959175907075,0.9,348,0,false
613,4854347,500,0.06257950980216265,0.9,27,0,false
614,4862266,500,0.39642040710896254,0.9,212,0,false
615,4870185,500,0.2891272399574518,0.9,131,0,false
616,4878104,500,0.3375934115611017,0.9,166,0,false
617,4886023,500,0.856487340060994,0.9,424,0.00010894054208598902,false
618,4893942,500,0.9267008556053042,0.9,468,0.9971252773519141,true
619,4901861,500,0.4092510128393769,0.9,201,0,false
620,4909780,500,0.04573575686663389,0.9,28,0,false
621,4917699,500,0.8815885977819562,0.9,434,0.00921596680337966,false
622,4925618,500,0.6243197568692267,0.9,322,0,false
623,4933537,500,0.41972959390841424,0.9,209,0,false
624,4941456,500,0.31526537076570094,0.9,163,0,false
625,4949375,500,0.5005645111668855,0.9,267,0,false
626,4957294,500,0.598614395596087,0.9,318,0,false
627,4965213,500,0.75622145854868,0.9,362,0,false
628,4973132,500,0.4715290730819106,0.9,223,0,false
629,4981051,500,0.4386635427363217,0.9,224,0,false
630,4988970,500,0.44444282935000956,0.9,225,0,false
631,4996889,500,0.2800650158897042,0.9,158,0,false
632,5004808,500,0.1816255960147828,0.9,91,0,false
633,5012727,500,0.6005397727712989,0.9,299,0,false
634,5020646,500,0.30160134518519044,0.9,159,0,false
635,5028565,500,0.42001347173936665,0.9,209,0,false
636,5036484,500,0.5384249873459339,0.9,275,0,false
637,5044403,500,0.4107300294563174,0.9,206,0,false
638,5052322,500,0.9057742620352656,0.9,454,0.6990917173023437,true
639,5060241,500,0.07528106099925935,0.9,37,0,false
640,5068160,500,0.2426061499863863,0.9,118,0,false
641,5076079,500,0.3638204503804445,0.9,191,0,false
642,5083998,500,0.3179002043325454,0.9,149,0,false
643,5091917,500,0.7284617968834937,0.9,374,0,false
644,5099836,500,0.2288530166260898,0.9,128,0,false
645,5107755,500,0.6795954315457493,0.9,347,0,false
646,5115674,500,0.9623525352217257,0.9,484,0.9999999946628808,true
647,5123593,500,0.9552251601126045,0.9,474,0.9999294770888237,true
648,5131512,500,0.20513140340335667,0.9,113,0,false
649,5139431,500,0.409407316474244,0.9,198,0,false
650,5147350,500,0.9562528091482818,0.9,472,0.9997208628052893,true
651,5155269,500,0.8912721173837781,0.9,449,0.4100453113927359,false
652,5163188,500,0.47968686488457024,0.9,237,0,false
653,5171107,500,0.07826819899491966,0.9,42,0,false
654,5179026,500,0.3438281517010182,0.9,174,0,false
655,5186945,500,0.5329171961639076,0.9,248,0,false
656,5194864,500,0.6148906371090561,0.9,320,0,false
657,5202783,500,0.1825412444304675,0.9,85,0,false
658,5210702,500,0.0069674665573984385,0.9,3,0,false
659,5218621,500,0.8547216469887644,0.9,431,0.002847626336794584,false
660,5226540,500,0.5669477470219135,0.9,274,0,false
661,5234459,500,0.5657721175812185,0.9,278,0,false
662,5242378,500,0.18697968660853803,0.9,110,0,false
663,5250297,500,0.9849524155724794,0.9,494,0.9999999999999994,true
664,5258216,500,0.6262373472563922,0.9,316,0,false
665,5266135,500,0.6721860556863248,0.9,333,0,false
666,5274054,500,0.6885494824964553,0.9,332,0,false
667,5281973,500,0.8465422361623496,0.9,429,0.0012068421947906138,false
668,5289892,500,0.9361599767580628,0.9,467,0.9952480230528797,true
669,5297811,500,0.06369427382014692,0.9,35,0,false
670,5305730,500,0.8502688412554562,0.9,426,0.0002978661484867029,false
671,5313649,500,0.19568877923302352,0.9,106,0,false
672,5321568,500,0.18086769874207675,0.9,90,0,false
673,5329487,500,0.28483647108078003,0.9,135,0,false
674,5337406,500,0.8810313751455396,0.9,427,0.0004819009012280162,false
675,5345325,500,0.33285154146142304,0.9,159,0,false
676,5353244,500,0.17305337032303214,0.9,87,0,false
677,5361163,500,0.30131916888058186,0.9,140,0,false
678,5369082,500,0.7317695578094572,0.9,362,0,false
679,5377001,500,0.870106884976849,0.9,426,0.0002978661484867029,false
680,5384920,500,0.48028619471006095,0.9,235,0,false
681,5392839,500,0.9718241442460567,0.9,487,0.9999999998949576,true
682,5400758,500,0.8054565729107708,0.9,401,2.0298873693036512e-11,false
683,5408677,500,0.38725252635776997,0.9,223,0,false
684,5416596,500,0.46368255745619535,0.9,232,0,false
685,5424515,500,0.12192293861880898,0.9,66,0,false
686,5432434,500,0.6143942570779473,0.9,313,0,false
687,5440353,500,0.1243425055872649,0.9,61,0,false
688,5448272,500,0.4043210211675614,0.9,194,0,false
689,5456191,500,0.9419776136055589,0.9,466,0.9923769282954256,true
690,5464110,500,0.9445006963796914,0.9,479,0.9999988813003354,true
691,5472029,500,0.654170046094805,0.9,319,0,false
692,5479948,500,0.43563710036687553,0.9,224,0,false
693,5487867,500,0.4748649487737566,0.9,237,0,false
694,5495786,500,0.3561995178461075,0.9,184,0,false
695,5503705,500,0.2074517346918583,0.9,91,0,false
696,5511624,500,0.9386822388041764,0.9,470,0.9990425242121924,true
697,5519543,500,0.33217349159531295,0.9,154,0,false
698,5527462,500,0.7149181652348489,0.9,359,0,false
699,5535381,500,0.06313971662893891,0.9,35,0,false
700,5543300,500,0.6382940637413412,0.9,331,0,false
701,5551219,500,0.46447723428718746,0.9,232,0,false
702,5559138,500,0.22630455973558128,0.9,132,0,false
703,5567057,500,0.2488905293866992,0.9,119,0,false
704,5574976,500,0.8636868693865836,0.9,436,0.01867985243316561,false
705,5582895,500,0.9173848272766918,0.9,457,0.8371346594177572,true
706,5590814,500,0.5369100065436214,0.9,281,0,false
707,5598733,500,0.3225367374252528,0.9,177,0,false
708,5606652,500,0.8952783460263163,0.9,443,0.1359596924763279,false
709,5614571,500,0.02135626203380525,0.9,4,0,false
710,5622490,500,0.6641410551965237,0.9,327,0,false
711,5630409,500,0.3614245690405369,0.9,188,0,false
712,5638328,500,0.4579571019858122,0.9,248,0,false
713,5646247,500,0.03316124784760177,0.9,16,0,false
714,5654166,500,0.9166141997557133,0.9,458,0.8725385551493935,true
715,5662085,500,0.20588838262483478,0.9,111,0,false
716,5670004,500,0.5662952421698719,0.9,278,0,false
717,5677923,500,0.4907134606037289,0.9,241,0,false
718,5685842,500,0.299481711583212,0.9,160,0,false
719,5693761,500,0.045297086937353015,0.9,26,0,false
720,5701680,500,0.24489638186059892,0.9,126,0,false
721,5709599,500,0.8448546954896301,0.9,419,0.000006864894189662074,false
722,5717518,500,0.7371484627947211,0.9,364,0,false
723,5725437,500,0.41365152853541076,0.9,203,0,false
724,5733356,500,0.15734047791920602,0.9,87,0,false
725,5741275,500,0.5539371063932776,0.9,271,0,false
726,5749194,500,0.6533209846820682,0.9,326,0,false
727,5757113,500,0.5894023128785193,0.9,302,0,false
728,5765032,500,0.8121604984626174,0.9,410,1.9962507868953594e-8,false
729,5772951,500,0.7383870426565409,0.9,378,0,false
730,5780870,500,0.1235380913130939,0.9,67,0,false
731,5788789,500,0.8432912342250347,0.9,427,0.0004819009012280162,false
732,5796708,500,0.2766144045162946,0.9,142,0,false
733,5804627,500,0.03895432339049876,0.9,20,0,false
734,5812546,500,0.28874849644489586,0.9,131,0,false
735,5820465,500,0.32381744612939656,0.9,184,0,false
736,5828384,500,0.9659710491541773,0.9,478,0.999997203831936,true
737,5836303,500,0.4584507285617292,0.9,221,0,false
738,5844222,500,0.8322603923734277,0.9,416,0.000001105936041412292,false
739,5852141,500,0.6928534603212029,0.9,346,0,false
740,5860060,500,0.6696734153665602,0.9,312,0,false
741,5867979,500,0.9765893942676485,0.9,494,0.9999999999999994,true
742,5875898,500,0.8989780943375081,0.9,456,0.7961877429233678,false
743,5883817,500,0.7365008809138089,0.9,368,0,false
744,5891736,500,0.036479969043284655,0.9,15,0,false
745,5899655,500,0.9060945161618292,0.9,458,0.8725385551493935,true
746,5907574,500,0.43628462427295744,0.9,233,0,false
747,5915493,500,0.43330647563561797,0.9,212,0,false
748,5923412,500,0.86307212873362,0.9,427,0.0004819009012280162,false
749,5931331,500,0.7511181035079062,0.9,380,0,false
750,5939250,500,0.2658564471639693,0.9,121,0,false
751,5947169,500,0.015458432491868734,0.9,7,0,false
752,5955088,500,0.6979567015077919,0.9,359,0,false
753,5963007,500,0.9408624269999564,0.9,472,0.9997208628052893,true
754,5970926,500,0.6428145624231547,0.9,333,0,false
755,5978845,500,0.43223752034828067,0.9,229,0,false
756,5986764,500,0.06726717087440193,0.9,33,0,false
757,5994683,500,0.4907707639504224,0.9,256,0,false
758,6002602,500,0.3940424369648099,0.9,215,0,false
759,6010521,500,0.09957236098125577,0.9,57,0,false
760,6018440,500,0.7020885529927909,0.9,358,0,false
761,6026359,500,0.05226736422628164,0.9,24,0,false
762,6034278,500,0.5276048618834466,0.9,274,0,false
763,6042197,500,0.964821757748723,0.9,483,0.9999999826308446,true
764,6050116,500,0.9233007917646319,0.9,460,0.9269180860593285,true
765,6058035,500,0.5149273397400975,0.9,248,0,false
766,6065954,500,0.16455134376883507,0.9,76,0,false
767,6073873,500,0.2711351856123656,0.9,121,0,false
768,6081792,500,0.9646860738284886,0.9,482,0.9999999466832793,true
769,6089711,500,0.743649136275053,0.9,377,0,false
770,6097630,500,0.18140768655575812,0.9,98,0,false
771,6105549,500,0.3377961255609989,0.9,155,0,false
772,6113468,500,0.9102575348224491,0.9,458,0.8725385551493935,true
773,6121387,500,0.6783970640972257,0.9,345,0,false
774,6129306,500,0.672282135579735,0.9,323,0,false
775,6137225,500,0.8611764735542238,0.9,432,0.0042766036950750985,false
776,6145144,500,0.8541774603072554,0.9,417,0.0000020605065276235734,false
777,6153063,500,0.1720981108956039,0.9,94,0,false
778,6160982,500,0.4838661886751652,0.9,250,0,false
779,6168901,500,0.7869579230900854,0.9,381,0,false
780,6176820,500,0.9988123571965843,0.9,500,1,true
781,6184739,500,0.587422440527007,0.9,310,0,false
782,6192658,500,0.4682091879658401,0.9,262,0,false
783,6200577,500,0.2862457607407123,0.9,126,0,false
784,6208496,500,0.6469267478678375,0.9,316,0,false
785,6216415,500,0.30920717236585915,0.9,160,0,false
786,6224334,500,0.05601485236547887,0.9,33,0,false
787,6232253,500,0.2893341809976846,0.9,143,0,false
788,6240172,500,0.01739465002901852,0.9,12,0,false
789,6248091,500,0.7255253056064248,0.9,367,0,false
790,6256010,500,0.053540296386927366,0.9,23,0,false
791,6263929,500,0.4146144073456526,0.9,216,0,false
792,6271848,500,0.49779695784673095,0.9,242,0,false
793,6279767,500,0.11058223503641784,0.9,50,0,false
794,6287686,500,0.601503130979836,0.9,285,0,false
795,6295605,500,0.4082470824941993,0.9,214,0,false
796,6303524,500,0.18165925750508904,0.9,90,0,false
797,6311443,500,0.2570287494454533,0.9,130,0,false
798,6319362,500,0.3067108076065779,0.9,152,0,false
799,6327281,500,0.791700737318024,0.9,400,8.871903212082088e-12,false
800,6335200,500,0.11054208362475038,0.9,58,0,false
801,6343119,500,0.13865211186930537,0.9,71,0,false
802,6351038,500,0.5566978470887989,0.9,261,0,false
803,6358957,500,0.1317204786464572,0.9,65,0,false
804,6366876,500,0.8261281142476946,0.9,399,3.830935568771565e-12,false
805,6374795,500,0.9415932579431683,0.9,469,0.9983140715719158,true
806,6382714,500,0.4577348700258881,0.9,248,0,false
807,6390633,500,0.5487598541658372,0.9,279,0,false
808,6398552,500,0.6941911820322275,0.9,351,0,false
809,6406471,500,0.4591919502709061,0.9,231,0,false
810,6414390,500,0.44657289516180754,0.9,227,0,false
811,6422309,500,0.1927776988595724,0.9,90,0,false
812,6430228,500,0.5531012655701488,0.9,280,0,false
813,6438147,500,0.6352775823324919,0.9,310,0,false
814,6446066,500,0.22167282062582672,0.9,112,0,false
815,6453985,500,0.11982784699648619,0.9,65,0,false
816,6461904,500,0.16713745379820466,0.9,84,0,false
817,6469823,500,0.35576533409766853,0.9,180,0,false
818,6477742,500,0.6178459723014385,0.9,320,0,false
819,6485661,500,0.5124696337152272,0.9,242,0,false
820,6493580,500,0.020288732601329684,0.9,6,0,false
821,6501499,500,0.8043721169233322,0.9,400,8.871903212082088e-12,false
822,6509418,500,0.8613733798265457,0.9,425,0.0001814471223203773,false
823,6517337,500,0.9710448547266424,0.9,482,0.9999999466832793,true
824,6525256,500,0.6120511631015688,0.9,304,0,false
825,6533175,500,0.4148608325049281,0.9,214,0,false
826,6541094,500,0.09425964299589396,0.9,43,0,false
827,6549013,500,0.9376420772168785,0.9,472,0.9997208628052893,true
828,6556932,500,0.3675342067144811,0.9,188,0,false
829,6564851,500,0.13201996637508273,0.9,71,0,false
830,6572770,500,0.8336487226188183,0.9,421,0.0000216383775949458,false
831,6580689,500,0.5609058695845306,0.9,274,0,false
832,6588608,500,0.6521762779448181,0.9,331,0,false
833,6596527,500,0.05563724087551236,0.9,25,0,false
834,6604446,500,0.8217427444178611,0.9,429,0.0012068421947906138,false
835,6612365,500,0.32109838211908937,0.9,140,0,false
836,6620284,500,0.9114539562724531,0.9,456,0.7961877429233678,true
837,6628203,500,0.8475287214387208,0.9,429,0.0012068421947906138,false
838,6636122,500,0.29524713568389416,0.9,139,0,false
839,6644041,500,0.7448806208558381,0.9,369,0,false
840,6651960,500,0.8146321980748326,0.9,413,1.5771360006855417e-7,false
841,6659879,500,0.9229546778369695,0.9,462,0.9618513043740848,true
842,6667798,500,0.9804165482055396,0.9,490,0.9999999999989575,true
843,6675717,500,0.6490515030454844,0.9,320,0,false
844,6683636,500,0.31232198257930577,0.9,160,0,false
845,6691555,500,0.6528856121003628,0.9,318,0,false
846,6699474,500,0.467476588441059,0.9,237,0,false
847,6707393,500,0.9033376178704202,0.9,451,0.5277258029865362,true
848,6715312,500,0.9962030837778002,0.9,497,1,true
849,6723231,500,0.5245476609561592,0.9,266,0,false
850,6731150,500,0.5831645072903484,0.9,310,0,false
851,6739069,500,0.4959501209668815,0.9,254,0,false
852,6746988,500,0.18529796809889376,0.9,94,0,false
853,6754907,500,0.2799273659475148,0.9,165,0,false
854,6762826,500,0.14620828884653747,0.9,82,0,false
855,6770745,500,0.8302637217566371,0.9,418,0.0000037869545824742445,false
856,6778664,500,0.4041002285666764,0.9,187,0,false
857,6786583,500,0.6865959037095308,0.9,336,0,false
858,6794502,500,0.09415651462040842,0.9,45,0,false
859,6802421,500,0.7547025927342474,0.9,392,7.66053886991358e-15,false
860,6810340,500,0.18324818229302764,0.9,94,0,false
861,6818259,500,0.1414563797879964,0.9,64,0,false
862,6826178,500,0.30436215572990477,0.9,151,0,false
863,6834097,500,0.6212429550942034,0.9,311,0,false
864,6842016,500,0.02650647168047726,0.9,12,0,false
865,6849935,500,0.937992597464472,0.9,472,0.9997208628052893,true
866,6857854,500,0.03803128260187805,0.9,22,0,false
867,6865773,500,0.05868872092105448,0.9,29,0,false
868,6873692,500,0.7652192730456591,0.9,392,7.66053886991358e-15,false
869,6881611,500,0.6474060916807503,0.9,321,0,false
870,6889530,500,0.707352987723425,0.9,339,0,false
871,6897449,500,0.6135942146647722,0.9,305,0,false
872,6905368,500,0.5579041880555451,0.9,286,0,false
873,6913287,500,0.5711811035871506,0.9,288,0,false
874,6921206,500,0.053902423242107034,0.9,29,0,false
875,6929125,500,0.42761259572580457,0.9,216,0,false
876,6937044,500,0.9982937076129019,0.9,500,1,true
877,6944963,500,0.05630535096861422,0.9,28,0,false
878,6952882,500,0.9443549488205463,0.9,467,0.9952480230528797,true
879,6960801,500,0.31469948729500175,0.9,165,0,false
880,6968720,500,0.02076505240984261,0.9,11,0,false
881,6976639,500,0.14215988642536104,0.9,69,0,false
882,6984558,500,0.9983148525934666,0.9,500,1,true
883,6992477,500,0.8886543451808393,0.9,448,0.3539655329517244,false
884,7000396,500,0.1620163128245622,0.9,87,0,false
885,7008315,500,0.2811270940583199,0.9,131,0,false
886,7016234,500,0.5632494648452848,0.9,277,0,false
887,7024153,500,0.4203366495203227,0.9,214,0,false
888,7032072,500,0.6307206656783819,0.9,321,0,false
889,7039991,500,0.8024223828688264,0.9,394,4.807265696626928e-14,false
890,7047910,500,0.17899930733256042,0.9,105,0,false
891,7055829,500,0.3416380384005606,0.9,173,0,false
892,7063748,500,0.31746525107882917,0.9,151,0,false
893,7071667,500,0.9126328902784735,0.9,455,0.7499834278388066,true
894,7079586,500,0.9013172916602343,0.9,443,0.1359596924763279,true
895,7087505,500,0.8813244067132473,0.9,442,0.10726922774975245,false
896,7095424,500,0.40511390333995223,0.9,214,0,false
897,7103343,500,0.3409915294032544,0.9,191,0,false
898,7111262,500,0.993585787480697,0.9,498,1,true
899,7119181,500,0.11550029157660902,0.9,38,0,false
900,7127100,500,0.870114162331447,0.9,424,0.00010894054208598902,false
901,7135019,500,0.6580327826086432,0.9,341,0,false
902,7142938,500,0.559343415312469,0.9,259,0,false
903,7150857,500,0.34906528727151453,0.9,177,0,false
904,7158776,500,0.0664616608992219,0.9,34,0,false
905,7166695,500,0.35730142961256206,0.9,171,0,false
906,7174614,500,0.6575114368461072,0.9,340,0,false
907,7182533,500,0.14970360998995602,0.9,81,0,false
908,7190452,500,0.3648014268837869,0.9,195,0,false
909,7198371,500,0.5131505005992949,0.9,268,0,false
910,7206290,500,0.37668360583484173,0.9,191,0,false
911,7214209,500,0.27296763681806624,0.9,148,0,false
912,7222128,500,0.07628384488634765,0.9,34,0,false
913,7230047,500,0.6333669633604586,0.9,296,0,false
914,7237966,500,0.2718909038230777,0.9,139,0,false
915,7245885,500,0.9490649201907218,0.9,480,0.9999995732560516,true
916,7253804,500,0.20970544032752514,0.9,101,0,false
917,7261723,500,0.6853522639721632,0.9,338,0,false
918,7269642,500,0.9997489862143993,0.9,500,1,true
919,7277561,500,0.3512385196518153,0.9,186,0,false
920,7285480,500,0.7739331673365086,0.9,375,0,false
921,7293399,500,0.8581894605886191,0.9,425,0.0001814471223203773,false
922,7301318,500,0.4911056668497622,0.9,241,0,false
923,7309237,500,0.7326015206053853,0.9,354,0,false
924,7317156,500,0.9413300089072436,0.9,465,0.9881204162755627,true
925,7325075,500,0.4196290629915893,0.9,204,0,false
926,7332994,500,0.8717043595388532,0.9,433,0.00632601429498747,false
927,7340913,500,0.651605062186718,0.9,313,0,false
928,7348832,500,0.0999470497481525,0.9,54,0,false
929,7356751,500,0.3683078959584236,0.9,173,0,false
930,7364670,500,0.7126064694020897,0.9,357,0,false
931,7372589,500,0.4559344544541091,0.9,205,0,false
932,7380508,500,0.4731935190502554,0.9,227,0,false
933,7388427,500,0.2967475154437125,0.9,148,0,false
934,7396346,500,0.017566842725500464,0.9,4,0,false
935,7404265,500,0.32208211394026875,0.9,158,0,false
936,7412184,500,0.7860169818159193,0.9,404,2.2592572257451593e-10,false
937,7420103,500,0.6670261125545949,0.9,335,0,false
938,7428022,500,0.44926338153891265,0.9,238,0,false
939,7435941,500,0.9291479629464447,0.9,466,0.9923769282954256,true
940,7443860,500,0.12418445968069136,0.9,68,0,false
941,7451779,500,0.814858750673011,0.9,415,5.856015531380265e-7,false
942,7459698,500,0.01034853677265346,0.9,4,0,false
943,7467617,500,0.42712537315674126,0.9,211,0,false
944,7475536,500,0.6205481723882258,0.9,297,0,false
945,7483455,500,0.6445495563093573,0.9,317,0,false
946,7491374,500,0.07449981803074479,0.9,40,0,false
947,7499293,500,0.8751134239137173,0.9,438,0.03559426902086338,false
948,7507212,500,0.35797380190342665,0.9,184,0,false
949,7515131,500,0.45210320386104286,0.9,243,0,false
950,7523050,500,0.22428684681653976,0.9,104,0,false
951,7530969,500,0.7198264743201435,0.9,375,0,false
952,7538888,500,0.6454660715535283,0.9,334,0,false
953,7546807,500,0.44219124829396605,0.9,239,0,false
954,7554726,500,0.49625211325474083,0.9,254,0,false
955,7562645,500,0.4623967972584069,0.9,253,0,false
956,7570564,500,0.2938175508752465,0.9,148,0,false
957,7578483,500,0.027150352718308568,0.9,12,0,false
958,7586402,500,0.14687131554819643,0.9,76,0,false
959,7594321,500,0.5201838801149279,0.9,269,0,false
960,7602240,500,0.7669971263967454,0.9,378,0,false
961,7610159,500,0.051600176841020584,0.9,30,0,false
962,7618078,500,0.644105005543679,0.9,306,0,false
963,7625997,500,0.3494104645214975,0.9,160,0,false
964,7633916,500,0.5738410993944854,0.9,300,0,false
965,7641835,500,0.2181311931926757,0.9,117,0,false
966,7649754,500,0.007679040776565671,0.9,1,0,false
967,7657673,500,0.8885638676583767,0.9,450,0.4683682724417735,false
968,7665592,500,0.06255981395952404,0.9,31,0,false
969,7673511,500,0.3824759249109775,0.9,185,0,false
970,7681430,500,0.2585583599284291,0.9,134,0,false
971,7689349,500,0.5607135691680014,0.9,273,0,false
972,7697268,500,0.8465900795999914,0.9,428,0.0007682727371551845,false
973,7705187,500,0.9650993808172643,0.9,487,0.9999999998949576,true
974,7713106,500,0.39722237456589937,0.9,202,0,false
975,7721025,500,0.9119334779679775,0.9,458,0.8725385551493935,true
976,7728944,500,0.057449267944321036,0.9,24,0,false
977,7736863,500,0.5557883193250746,0.9,276,0,false
978,7744782,500,0.6603803161997348,0.9,336,0,false
979,7752701,500,0.9526250301860273,0.9,475,0.9999665213229856,true
980,7760620,500,0.028054208029061556,0.9,16,0,false
981,7768539,500,0.779109327821061,0.9,387,1.1102230246251565e-16,false
982,7776458,500,0.5588428326882422,0.9,299,0,false
983,7784377,500,0.8025327166542411,0.9,414,3.0593855815386206e-7,false
984,7792296,500,0.5396229664329439,0.9,289,0,false
985,7800215,500,0.7447595049161464,0.9,394,4.807265696626928e-14,false
986,7808134,500,0.5254507740028203,0.9,254,0,false
987,7816053,500,0.06954692909494042,0.9,29,0,false
988,7823972,500,0.33268698467873037,0.9,171,0,false
989,7831891,500,0.4979465720243752,0.9,250,0,false
990,7839810,500,0.7517567847389728,0.9,382,0,false
991,7847729,500,0.24967832048423588,0.9,132,0,false
992,7855648,500,0.783615936525166,0.9,374,0,false
993,7863567,500,0.2726604687049985,0.9,146,0,false
994,7871486,500,0.25593087798915803,0.9,110,0,false
995,7879405,500,0.7681672794278711,0.9,391,2.9976021664879227e-15,false
996,7887324,500,0.6462279539555311,0.9,326,0,false
997,7895243,500,0.8187369706574827,0.9,412,8.023237230148084e-8,false
998,7903162,500,0.26827035401947796,0.9,150,0,false
999,7911081,500,0.3441280492115766,0.9,176,0,false
1000,7919000,1000,0.5855868577491492,0.9,604,0,false
1001,7926919,1000,0.5599732475820929,0.9,552,0,false
1002,7934838,1000,0.9766732044517994,0.9,970,1,true
1003,7942757,1000,0.15246547269634902,0.9,161,0,false
1004,7950676,1000,0.8048417875543237,0.9,787,0,false
1005,7958595,1000,0.20882318378426135,0.9,207,0,false
1006,7966514,1000,0.5646084260661155,0.9,576,0,false
1007,7974433,1000,0.5199571645352989,0.9,549,0,false
1008,7982352,1000,0.47969926125369966,0.9,469,0,false
1009,7990271,1000,0.21460181940346956,0.9,242,0,false
1010,7998190,1000,0.4932837651576847,0.9,505,0,false
1011,8006109,1000,0.0027172828558832407,0.9,2,0,false
1012,8014028,1000,0.7996239503845572,0.9,786,0,false
1013,8021947,1000,0.031996187986806035,0.9,30,0,false
1014,8029866,1000,0.7141914751846343,0.9,700,0,false
1015,8037785,1000,0.4456842513754964,0.9,469,0,false
1016,8045704,1000,0.5765680256299675,0.9,563,0,false
1017,8053623,1000,0.803466098383069,0.9,807,0,false
1018,8061542,1000,0.0017688167281448841,0.9,1,0,false
1019,8069461,1000,0.0034815913531929255,0.9,4,0,false
1020,8077380,1000,0.5535739923361689,0.9,563,0,false
1021,8085299,1000,0.03188860369846225,0.9,36,0,false
1022,8093218,1000,0.802224996034056,0.9,790,0,false
1023,8101137,1000,0.8257384421303868,0.9,813,0,false
1024,8109056,1000,0.9940121418330818,0.9,996,1,true
1025,8116975,1000,0.3173947692848742,0.9,337,0,false
1026,8124894,1000,0.21661169338040054,0.9,229,0,false
1027,8132813,1000,0.9813139338511974,0.9,981,1,true
1028,8140732,1000,0.7880252485629171,0.9,799,0,false
1029,8148651,1000,0.5155293948482722,0.9,512,0,false
1030,8156570,1000,0.4434096207842231,0.9,455,0,false
1031,8164489,1000,0.47217632411047816,0.9,482,0,false
1032,8172408,1000,0.2893842365592718,0.9,292,0,false
1033,8180327,1000,0.1237956469412893,0.9,127,0,false
1034,8188246,1000,0.7392599924933165,0.9,751,0,false
1035,8196165,1000,0.9357769973576069,0.9,939,0.9999926620468995,true
1036,8204084,1000,0.9312700019218028,0.9,924,0.9948950689186782,true
1037,8212003,1000,0.4455172757152468,0.9,463,0,false
1038,8219922,1000,0.43038263404741883,0.9,440,0,false
1039,8227841,1000,0.023640075931325555,0.9,17,0,false
1040,8235760,1000,0.8784683861304075,0.9,858,0.000011093734123335253,false
1041,8243679,1000,0.5797997829504311,0.9,590,0,false
1042,8251598,1000,0.5374915117863566,0.9,548,0,false
1043,8259517,1000,0.6289088765624911,0.9,612,0,false
1044,8267436,1000,0.020188763737678528,0.9,16,0,false
1045,8275355,1000,0.1514813252724707,0.9,145,0,false
1046,8283274,1000,0.5361499332357198,0.9,543,0,false
1047,8291193,1000,0.8913266584277153,0.9,891,0.16086652261019674,false
1048,8299112,1000,0.9744909983128309,0.9,975,1,true
1049,8307031,1000,0.22114749462343752,0.9,233,0,false
1050,8314950,1000,0.9493829915300012,0.9,955,0.999999999901055,true
1051,8322869,1000,0.10337128560058773,0.9,102,0,false
1052,8330788,1000,0.47913477499969304,0.9,473,0,false
1053,8338707,1000,0.08797788619995117,0.9,75,0,false
1054,8346626,1000,0.9230497337412089,0.9,925,0.9963507533971404,true
1055,8354545,1000,0.7039044757839292,0.9,691,0,false
1056,8362464,1000,0.7867651761043817,0.9,787,0,false
1057,8370383,1000,0.46176123805344105,0.9,445,0,false
1058,8378302,1000,0.8244156257715076,0.9,829,2.28694840842536e-12,false
1059,8386221,1000,0.3708856329321861,0.9,341,0,false
1060,8394140,1000,0.9008347876369953,0.9,895,0.2815003763022501,true
1061,8402059,1000,0.24553029192611575,0.9,228,0,false
1062,8409978,1000,0.15749532543122768,0.9,157,0,false
1063,8417897,1000,0.30307988659478724,0.9,292,0,false
1064,8425816,1000,0.7067542218137532,0.9,738,0,false
1065,8433735,1000,0.4445433188229799,0.9,416,0,false
1066,8441654,1000,0.2813573663588613,0.9,274,0,false
1067,8449573,1000,0.8490892539266497,0.9,843,8.30256108308447e-9,false
1068,8457492,1000,0.24604419083334506,0.9,261,0,false
1069,8465411,1000,0.3191868073772639,0.9,315,0,false
1070,8473330,1000,0.05319042061455548,0.9,53,0,false
1071,8481249,1000,0.3288325045723468,0.9,315,0,false
1072,8489168,1000,0.48866722430102527,0.9,487,0,false
1073,8497087,1000,0.4813401971478015,0.9,513,0,false
1074,8505006,1000,0.3381233373656869,0.9,322,0,false
1075,8512925,1000,0.40594412572681904,0.9,429,0,false
1076,8520844,1000,0.5210973143111914,0.9,545,0,false
1077,8528763,1000,0.7576841446571052,0.9,734,0,false
1078,8536682,1000,0.23676777072250843,0.9,229,0,false
1079,8544601,1000,0.257324127946049,0.9,231,0,false
1080,8552520,1000,0.27461830456741154,0.9,274,0,false
1081,8560439,1000,0.33358898060396314,0.9,349,0,false
1082,8568358,1000,0.7765219134744257,0.9,778,0,false
1083,8576277,1000,0.956064164172858,0.9,958,0.9999999999933421,true
1084,8584196,1000,0.7891974127851427,0.9,779,0,false
1085,8592115,1000,0.5352329141460359,0.9,508,0,false
1086,8600034,1000,0.574053066316992,0.9,570,0,false
1087,8607953,1000,0.07625366770662367,0.9,79,0,false
1088,8615872,1000,0.2555541431065649,0.9,231,0,false
1089,8623791,1000,0.8933767334092408,0.9,885,0.05464227147631229,false
1090,8631710,1000,0.4031106310430914,0.9,387,0,false
1091,8639629,1000,0.876721961889416,0.9,879,0.013810747772658782,false
1092,8647548,1000,0.7403369520325214,0.9,740,0,false
1093,8655467,1000,0.0814200947061181,0.9,98,0,false
1094,8663386,1000,0.7481175912544131,0.9,748,0,false
1095,8671305,1000,0.07661961251869798,0.9,82,0,false
1096,8679224,1000,0.7002510016318411,0.9,708,0,false
1097,8687143,1000,0.3779632207006216,0.9,386,0,false
1098,8695062,1000,0.5799330421723425,0.9,581,0,false
1099,8702981,1000,0.5255932658910751,0.9,549,0,false
1100,8710900,1000,0.4713412984274328,0.9,483,0,false
1101,8718819,1000,0.21318334923125803,0.9,223,0,false
1102,8726738,1000,0.46701928577385843,0.9,467,0,false
1103,8734657,1000,0.04375413083471358,0.9,50,0,false
1104,8742576,1000,0.5698473977390677,0.9,564,0,false
1105,8750495,1000,0.3192633918952197,0.9,326,0,false
1106,8758414,1000,0.44822593755088747,0.9,440,0,false
1107,8766333,1000,0.9156741541810334,0.9,935,0.9999413159105102,true
1108,8774252,1000,0.6037514579948038,0.9,606,0,false
1109,8782171,1000,0.18369131162762642,0.9,173,0,false
1110,8790090,1000,0.5945006641559303,0.9,607,0,false
1111,8798009,1000,0.1861283543985337,0.9,192,0,false
1112,8805928,1000,0.11580817657522857,0.9,131,0,false
1113,8813847,1000,0.5345420222729445,0.9,524,0,false
1114,8821766,1000,0.7845646413043141,0.9,778,0,false
1115,8829685,1000,0.17863002512603998,0.9,205,0,false
1116,8837604,1000,0.47765878424979746,0.9,515,0,false
1117,8845523,1000,0.5934271602891386,0.9,604,0,false
1118,8853442,1000,0.45544669893570244,0.9,460,0,false
1119,8861361,1000,0.9992536772042513,0.9,1000,1,true
1120,8869280,1000,0.8340595469344407,0.9,829,2.28694840842536e-12,false
1121,8877199,1000,0.8055506804957986,0.9,811,0,false
1122,8885118,1000,0.666878662770614,0.9,650,0,false
1123,8893037,1000,0.6646171058528125,0.9,660,0,false
1124,8900956,1000,0.0008105335291475058,0.9,0,0,false
1125,8908875,1000,0.7723865129519254,0.9,762,0,false
1126,8916794,1000,0.8271046278532594,0.9,803,0,false
1127,8924713,1000,0.38503811531700194,0.9,396,0,false
1128,8932632,1000,0.8948365249671042,0.9,892,0.18721690137864733,false
1129,8940551,1000,0.5839961713645607,0.9,586,0,false
1130,8948470,1000,0.021173285087570548,0.9,22,0,false
1131,8956389,1000,0.7318493109196424,0.9,741,0,false
1132,8964308,1000,0.725665099453181,0.9,733,0,false
1133,8972227,1000,0.5854878022801131,0.9,594,0,false
1134,8980146,1000,0.7564787534065545,0.9,767,0,false
1135,8988065,1000,0.738739067222923,0.9,722,0,false
1136,8995984,1000,0.8312381193973124,0.9,839,9.197844708097591e-10,false
1137,9003903,1000,0.5236640842631459,0.9,515,0,false
1138,9011822,1000,0.36787455901503563,0.9,388,0,false
1139,9019741,1000,0.6878489507362247,0.9,663,0,false
1140,9027660,1000,0.27013759361580014,0.9,273,0,false
1141,9035579,1000,0.6174874620046467,0.9,646,0,false
1142,9043498,1000,0.37460769922472537,0.9,362,0,false
1143,9051417,1000,0.918452822137624,0.9,927,0.9982089648911675,true
1144,9059336,1000,0.3697992356028408,0.9,347,0,false
1145,9067255,1000,0.8068669743370265,0.9,801,0,false
1146,9075174,1000,0.5731246883515269,0.9,579,0,false
1147,9083093,1000,0.720498276874423,0.9,707,0,false
1148,9091012,1000,0.5554798066150397,0.9,527,0,false
1149,9098931,1000,0.538710351800546,0.9,511,0,false
1150,9106850,1000,0.7001063055358827,0.9,703,0,false
1151,9114769,1000,0.7995164347812533,0.9,784,0,false
1152,9122688,1000,0.6545402333140373,0.9,648,0,false
1153,9130607,1000,0.71211396320723,0.9,708,0,false
1154,9138526,1000,0.05598305840976536,0.9,59,0,false
1155,9146445,1000,0.30263384710997343,0.9,309,0,false
1156,9154364,1000,0.037952282698825,0.9,35,0,false
1157,9162283,1000,0.36326752905733883,0.9,374,0,false
1158,9170202,1000,0.41808713017962873,0.9,391,0,false
1159,9178121,1000,0.17360974219627678,0.9,174,0,false
1160,9186040,1000,0.6868091383948922,0.9,647,0,false
1161,9193959,1000,0.2498533078469336,0.9,244,0,false
1162,9201878,1000,0.17715840344317257,0.9,166,0,false
1163,9209797,1000,0.38803078467026353,0.9,374,0,false
1164,9217716,1000,0.44406758551485837,0.9,425,0,false
1165,9225635,1000,0.6409949648659676,0.9,630,0,false
1166,9233554,1000,0.1499742951709777,0.9,149,0,false
1167,9241473,1000,0.9703895829152316,0.9,979,1,true
1168,9249392,1000,0.7200940693728626,0.9,746,0,false
1169,9257311,1000,0.262944083660841,0.9,257,0,false
1170,9265230,1000,0.3873346468899399,0.9,393,0,false
1171,9273149,1000,0.16667420347221196,0.9,171,0,false
1172,9281068,1000,0.06572470907121897,0.9,69,0,false
1173,9288987,1000,0.6220954773016274,0.9,624,0,false
1174,9296906,1000,0.1488228482194245,0.9,129,0,false
1175,9304825,1000,0.23795740609057248,0.9,229,0,false
1176,9312744,1000,0.23533097631298006,0.9,255,0,false
1177,9320663,1000,0.38966382248327136,0.9,374,0,false
1178,9328582,1000,0.5432742238044739,0.9,562,0,false
1179,9336501,1000,0.14087013946846128,0.9,151,0,false
1180,9344420,1000,0.7452854744624346,0.9,739,0,false
1181,9352339,1000,0.4223533933982253,0.9,421,0,false
1182,9360258,1000,0.6659689019434154,0.9,667,0,false
1183,9368177,1000,0.48203257471323013,0.9,472,0,false
1184,9376096,1000,0.3721961909905076,0.9,369,0,false
1185,9384015,1000,0.9529172845650464,0.9,953,0.99999999946665,true
1186,9391934,1000,0.01345891016535461,0.9,11,0,false
1187,9399853,1000,0.03736784844659269,0.9,39,0,false
1188,9407772,1000,0.9203180728945881,0.9,929,0.9991682554134038,true
1189,9415691,1000,0.0004131849855184555,0.9,0,0,false
1190,9423610,1000,0.7645615611691028,0.9,753,0,false
1191,9431529,1000,0.6601387143600732,0.9,659,0,false
1192,9439448,1000,0.8403123049065471,0.9,842,4.842125034265621e-9,false
1193,9447367,1000,0.940365216229111,0.9,942,0.9999987055583341,true
1194,9455286,1000,0.5161874750629067,0.9,510,0,false
1195,9463205,1000,0.24937751796096563,0.9,250,0,false
1196,9471124,1000,0.954365263460204,0.9,958,0.9999999999933421,true
1197,9479043,1000,0.9991677007637918,0.9,1000,1,true
1198,9486962,1000,0.4240860464051366,0.9,421,0,false
1199,9494881,1000,0.7370059436652809,0.9,745,0,false
1200,9502800,1000,0.09896149160340428,0.9,101,0,false
1201,9510719,1000,0.048841401701793075,0.9,44,0,false
1202,9518638,1000,0.07422165689058602,0.9,64,0,false
1203,9526557,1000,0.20263286610133946,0.9,222,0,false
1204,9534476,1000,0.9474519912619144,0.9,959,0.9999999999974186,true
1205,9542395,1000,0.6494875466451049,0.9,654,0,false
1206,9550314,1000,0.25332524557597935,0.9,259,0,false
1207,9558233,1000,0.4744297261349857,0.9,478,0,false
1208,9566152,1000,0.8577486341819167,0.9,855,0.0000030129843013870783,false
1209,9574071,1000,0.23960880655795336,0.9,230,0,false
1210,9581990,1000,0.027362648164853454,0.9,28,0,false
1211,9589909,1000,0.5740596882533282,0.9,581,0,false
1212,9597828,1000,0.13133080024272203,0.9,137,0,false
1213,9605747,1000,0.7578959714155644,0.9,755,0,false
1214,9613666,1000,0.6568274216260761,0.9,661,0,false
1215,9621585,1000,0.5359905851073563,0.9,528,0,false
1216,9629504,1000,0.2799081716220826,0.9,278,0,false
1217,9637423,1000,0.028765545692294836,0.9,25,0,false
1218,9645342,1000,0.20198220969177783,0.9,223,0,false
1219,9653261,1000,0.4214765499345958,0.9,413,0,false
1220,9661180,1000,0.8176413744222373,0.9,831,8.023581798966006e-12,false
1221,9669099,1000,0.08111136546358466,0.9,85,0,false
1222,9677018,1000,0.025113387033343315,0.9,17,0,false
1223,9684937,1000,0.21202031383290887,0.9,199,0,false
1224,9692856,1000,0.5651978454552591,0.9,562,0,false
1225,9700775,1000,0.7578652752563357,0.9,760,0,false
1226,9708694,1000,0.9417423170525581,0.9,932,0.9997636518272024,true
1227,9716613,1000,0.30994730326347053,0.9,322,0,false
1228,9724532,1000,0.9488930858206004,0.9,940,0.9999958132089324,true
1229,9732451,1000,0.5803003928158432,0.9,592,0,false
1230,9740370,1000,0.5498794196173549,0.9,536,0,false
1231,9748289,1000,0.35636683413758874,0.9,358,0,false
1232,9756208,1000,0.6536854731384665,0.9,655,0,false
1233,9764127,1000,0.2829778278246522,0.9,274,0,false
1234,9772046,1000,0.12212995416484773,0.9,113,0,false
1235,9779965,1000,0.2825010009109974,0.9,284,0,false
1236,9787884,1000,0.529531765030697,0.9,553,0,false
1237,9795803,1000,0.6848069217521697,0.9,686,0,false
1238,9803722,1000,0.6488113575614989,0.9,657,0,false
1239,9811641,1000,0.2980011946056038,0.9,279,0,false
1240,9819560,1000,0.9879145852755755,0.9,988,1,true
1241,9827479,1000,0.8715011454187334,0.9,870,0.001006637170595015,false
1242,9835398,1000,0.2884833621792495,0.9,282,0,false
1243,9843317,1000,0.589549389667809,0.9,568,0,false
1244,9851236,1000,0.3820981739554554,0.9,412,0,false
1245,9859155,1000,0.30634968471713364,0.9,325,0,false
1246,9867074,1000,0.17834933893755078,0.9,178,0,false
1247,9874993,1000,0.5159857871476561,0.9,551,0,false
1248,9882912,1000,0.46749637462198734,0.9,468,0,false
1249,9890831,1000,0.31910969549790025,0.9,314,0,false
1250,9898750,1000,0.3339400237891823,0.9,303,0,false
1251,9906669,1000,0.2545197510626167,0.9,240,0,false
1252,9914588,1000,0.07597782067023218,0.9,66,0,false
1253,9922507,1000,0.4825014644302428,0.9,491,0,false
1254,9930426,1000,0.08211908931843936,0.9,87,0,false
1255,9938345,1000,0.4782861724961549,0.9,475,0,false
1256,9946264,1000,0.37057726457715034,0.9,385,0,false
1257,9954183,1000,0.6744653328787535,0.9,670,0,false
1258,9962102,1000,0.7175563040655106,0.9,717,0,false
1259,9970021,1000,0.4342263618018478,0.9,435,0,false
1260,9977940,1000,0.451397500699386,0.9,487,0,false
1261,9985859,1000,0.8887617944274098,0.9,887,0.08090969160341532,false
1262,9993778,1000,0.6762492735870183,0.9,687,0,false
1263,10001697,1000,0.24206914217211306,0.9,242,0,false
1264,10009616,1000,0.292195814428851,0.9,321,0,false
1265,10017535,1000,0.3600818996783346,0.9,375,0,false
1266,10025454,1000,0.9247535043396056,0.9,915,0.940525389410695,true
1267,10033373,1000,0.21911719162017107,0.9,219,0,false
1268,10041292,1000,0.7985165365971625,0.9,801,0,false
1269,10049211,1000,0.850365437567234,0.9,844,1.4132821246626293e-8,false
1270,10057130,1000,0.514617720618844,0.9,512,0,false
1271,10065049,1000,0.6209296199958771,0.9,627,0,false
1272,10072968,1000,0.4454149913508445,0.9,417,0,false
1273,10080887,1000,0.3983373590745032,0.9,375,0,false
1274,10088806,1000,0.9457943774759769,0.9,951,0.9999999973651095,true
1275,10096725,1000,0.08608905738219619,0.9,103,0,false
1276,10104644,1000,0.17884076735936105,0.9,155,0,false
1277,10112563,1000,0.11726411897689104,0.9,121,0,false
1278,10120482,1000,0.6082145008258522,0.9,611,0,false
1279,10128401,1000,0.258955514524132,0.9,286,0,false
1280,10136320,1000,0.9325202293694019,0.9,935,0.9999413159105102,true
1281,10144239,1000,0.11670660087838769,0.9,130,0,false
1282,10152158,1000,0.6865798563230783,0.9,681,0,false
1283,10160077,1000,0.7920151778962463,0.9,794,0,false
1284,10167996,1000,0.5021844524890184,0.9,476,0,false
1285,10175915,1000,0.8804276140872389,0.9,882,0.028510903028388657,false
1286,10183834,1000,0.46356011321768165,0.9,459,0,false
1287,10191753,1000,0.16511982888914645,0.9,154,0,false
1288,10199672,1000,0.04101392417214811,0.9,47,0,false
1289,10207591,1000,0.12953699775971472,0.9,129,0,false
1290,10215510,1000,0.2312400049995631,0.9,240,0,false
1291,10223429,1000,0.5114954633172601,0.9,511,0,false
1292,10231348,1000,0.3716409143526107,0.9,374,0,false
1293,10239267,1000,0.7357517357449979,0.9,743,0,false
1294,10247186,1000,0.9660688338335603,0.9,971,1,true
1295,10255105,1000,0.6653474657796323,0.9,677,0,false
1296,10263024,1000,0.22379086259752512,0.9,214,0,false
1297,10270943,1000,0.13502225698903203,0.9,133,0,false
1298,10278862,1000,0.47313739685341716,0.9,446,0,false
1299,10286781,1000,0.4205860795918852,0.9,446,0,false
1300,10294700,1000,0.3115193168632686,0.9,292,0,false
1301,10302619,1000,0.12908083596266806,0.9,127,0,false
1302,10310538,1000,0.20350229158066213,0.9,201,0,false
1303,10318457,1000,0.028720641043037176,0.9,26,0,false
1304,10326376,1000,0.16052908077836037,0.9,170,0,false
1305,10334295,1000,0.009149234043434262,0.9,7,0,false
1306,10342214,1000,0.8226230312138796,0.9,822,2.275957200481571e-14,false
1307,10350133,1000,0.38504140940494835,0.9,395,0,false
1308,10358052,1000,0.008513054577633739,0.9,10,0,false
1309,10365971,1000,0.8918409969191998,0.9,877,0.008173857806381135,false
1310,10373890,1000,0.24228283506818116,0.9,264,0,false
1311,10381809,1000,0.639847251586616,0.9,647,0,false
1312,10389728,1000,0.21721121715381742,0.9,217,0,false
1313,10397647,1000,0.1795881139114499,0.9,162,0,false
1314,10405566,1000,0.09648993704468012,0.9,99,0,false
1315,10413485,1000,0.6460495418868959,0.9,627,0,false
1316,10421404,1000,0.36032643960788846,0.9,363,0,false
1317,10429323,1000,0.035499334102496505,0.9,39,0,false
1318,10437242,1000,0.9043863017577678,0.9,903,0.602895599181297,true
1319,10445161,1000,0.25743271852843463,0.9,261,0,false
1320,10453080,1000,0.37815609062090516,0.9,379,0,false
1321,10460999,1000,0.8037213559728116,0.9,798,0,false
1322,10468918,1000,0.9265961546916515,0.9,932,0.9997636518272024,true
1323,10476837,1000,0.2831265036948025,0.9,288,0,false
1324,10484756,1000,0.632676599547267,0.9,624,0,false
1325,10492675,1000,0.03846462653018534,0.9,37,0,false
1326,10500594,1000,0.4312832220457494,0.9,406,0,false
1327,10508513,1000,0.7615291797555983,0.9,775,0,false
1328,10516432,1000,0.687676444882527,0.9,676,0,false
1329,10524351,1000,0.28022678359411657,0.9,286,0,false
1330,10532270,1000,0.8725995894055814,0.9,873,0.0025940621098530237,false
1331,10540189,1000,0.709520326461643,0.9,701,0,false
1332,10548108,1000,0.4780108300037682,0.9,496,0,false
1333,10556027,1000,0.14910159585997462,0.9,140,0,false
1334,10563946,1000,0.3424007778521627,0.9,337,0,false
1335,10571865,1000,0.15304943709634244,0.9,142,0,false
1336,10579784,1000,0.5843918428290635,0.9,575,0,false
1337,10587703,1000,0.302736651385203,0.9,278,0,false
1338,10595622,1000,0.43650212651118636,0.9,407,0,false
1339,10603541,1000,0.19191425759345293,0.9,199,0,false
1340,10611460,1000,0.935340125579387,0.9,942,0.9999987055583341,true
1341,10619379,1000,0.7881871568970382,0.9,798,0,false
1342,10627298,1000,0.498840105952695,0.9,498,0,false
1343,10635217,1000,0.9938524211756885,0.9,992,1,true
1344,10643136,1000,0.19671258120797575,0.9,197,0,false
1345,10651055,1000,0.9795087228994817,0.9,980,1,true
1346,10658974,1000,0.8197240694426,0.9,838,5.21202414560662e-10,false
1347,10666893,1000,0.20172590343281627,0.9,195,0,false
1348,10674812,1000,0.5258380395825952,0.9,515,0,false
1349,10682731,1000,0.01918105548247695,0.9,19,0,false
1350,10690650,1000,0.8287106824573129,0.9,839,9.197844708097591e-10,false
1351,10698569,1000,0.897519244812429,0.9,884,0.044354507994470715,false
1352,10706488,1000,0.35732773994095623,0.9,369,0,false
1353,10714407,1000,0.9077128579374403,0.9,913,0.9097531744057114,true
1354,10722326,1000,0.01863877265714109,0.9,24,0,false
1355,10730245,1000,0.9080695118755102,0.9,908,0.7869042862390251,true
1356,10738164,1000,0.5369693893007934,0.9,531,0,false
1357,10746083,1000,0.10789051582105458,0.9,101,0,false
1358,10754002,1000,0.9821403746027499,0.9,980,1,true
1359,10761921,1000,0.2634476707316935,0.9,249,0,false
1360,10769840,1000,0.21508798166178167,0.9,213,0,false
1361,10777759,1000,0.19475314649753273,0.9,194,0,false
1362,10785678,1000,0.9833637338597327,0.9,982,1,true
1363,10793597,1000,0.3913821130990982,0.9,382,0,false
1364,10801516,1000,0.5708006585482508,0.9,581,0,false
1365,10809435,1000,0.8174039751756936,0.9,811,0,false
1366,10817354,1000,0.45932126184925437,0.9,458,0,false
1367,10825273,1000,0.4180317490827292,0.9,445,0,false
1368,10833192,1000,0.7964185145683587,0.9,821,1.1546319456101628e-14,false
1369,10841111,1000,0.5690137250348926,0.9,584,0,false
1370,10849030,1000,0.14790334971621633,0.9,146,0,false
1371,10856949,1000,0.888977647293359,0.9,893,0.21616394492158553,false
1372,10864868,1000,0.6001399846281856,0.9,595,0,false
1373,10872787,1000,0.10606692009605467,0.9,112,0,false
1374,10880706,1000,0.8011055465321988,0.9,808,0,false
1375,10888625,1000,0.6294065578840673,0.9,610,0,false
1376,10896544,1000,0.8682417084928602,0.9,873,0.0025940621098530237,false
1377,10904463,1000,0.9020068123936653,0.9,908,0.7869042862390251,true
1378,10912382,1000,0.5623143545817584,0.9,548,0,false
1379,10920301,1000,0.3496651113964617,0.9,346,0,false
1380,10928220,1000,0.37077288748696446,0.9,381,0,false
1381,10936139,1000,0.14748397166840732,0.9,167,0,false
1382,10944058,1000,0.03217861312441528,0.9,19,0,false
1383,10951977,1000,0.5764724251348525,0.9,549,0,false
1384,10959896,1000,0.7854971871711314,0.9,804,0,false
1385,10967815,1000,0.5765920614358038,0.9,565,0,false
1386,10975734,1000,0.11865745740942657,0.9,116,0,false
1387,10983653,1000,0.42611620551906526,0.9,430,0,false
1388,10991572,1000,0.27105276589281857,0.9,291,0,false
1389,10999491,1000,0.7344557566102594,0.9,746,0,false
1390,11007410,1000,0.8988216132856905,0.9,889,0.1159493445144767,false
1391,11015329,1000,0.7078935888130218,0.9,729,0,false
1392,11023248,1000,0.14082239801064134,0.9,138,0,false
1393,11031167,1000,0.6012843472417444,0.9,609,0,false
1394,11039086,1000,0.4288177383132279,0.9,434,0,false
1395,11047005,1000,0.5946330539882183,0.9,555,0,false
1396,11054924,1000,0.35319938766770065,0.9,351,0,false
1397,11062843,1000,0.30620063841342926,0.9,325,0,false
1398,11070762,1000,0.22111636633053422,0.9,222,0,false
1399,11078681,1000,0.7914822702296078,0.9,789,0,false
1400,11086600,1000,0.04471682803705335,0.9,49,0,false
1401,11094519,1000,0.09268093714490533,0.9,88,0,false
1402,11102438,1000,0.690986257744953,0.9,688,0,false
1403,11110357,1000,0.9767071935348213,0.9,983,1,true
1404,11118276,1000,0.18027716921642423,0.9,196,0,false
1405,11126195,1000,0.6629498288966715,0.9,670,0,false
1406,11134114,1000,0.1469173098448664,0.9,144,0,false
1407,11142033,1000,0.03559319954365492,0.9,39,0,false
1408,11149952,1000,0.3785480600781739,0.9,374,0,false
1409,11157871,1000,0.06883347476832569,0.9,69,0,false
1410,11165790,1000,0.8522744255606085,0.9,878,0.010668735050027744,false
1411,11173709,1000,0.016938320361077785,0.9,19,0,false
1412,11181628,1000,0.8609849861823022,0.9,856,0.000004688495141680349,false
1413,11189547,1000,0.4893051132094115,0.9,484,0,false
1414,11197466,1000,0.1522418090607971,0.9,177,0,false
1415,11205385,1000,0.8701069310773164,0.9,873,0.0025940621098530237,false
1416,11213304,1000,0.9289877507835627,0.9,913,0.9097531744057114,true
1417,11221223,1000,0.339604202657938,0.9,334,0,false
1418,11229142,1000,0.7675582699012011,0.9,773,0,false
1419,11237061,1000,0.5167414438910782,0.9,518,0,false
1420,11244980,1000,0.7525359559804201,0.9,731,0,false
1421,11252899,1000,0.008169567445293069,0.9,7,0,false
1422,11260818,1000,0.2477424528915435,0.9,256,0,false
1423,11268737,1000,0.44462630175985396,0.9,425,0,false
1424,11276656,1000,0.8883476774208248,0.9,881,0.022577078565057085,false
1425,11284575,1000,0.23866607528179884,0.9,227,0,false
1426,11292494,1000,0.010641318280249834,0.9,6,0,false
1427,11300413,1000,0.7475556924473494,0.9,749,0,false
1428,11308332,1000,0.4735219234135002,0.9,474,0,false
1429,11316251,1000,0.36951935035176575,0.9,381,0,false
1430,11324170,1000,0.4560549131128937,0.9,486,0,false
1431,11332089,1000,0.8993813791312277,0.9,904,0.6432509411151741,false
1432,11340008,1000,0.20940766227431595,0.9,224,0,false
1433,11347927,1000,0.9631865636911243,0.9,962,0.9999999999998708,true
1434,11355846,1000,0.08588929381221533,0.9,70,0,false
1435,11363765,1000,0.21057042689062655,0.9,212,0,false
1436,11371684,1000,0.04919089050963521,0.9,65,0,false
1437,11379603,1000,0.782342545222491,0.9,784,0,false
1438,11387522,1000,0.35500799119472504,0.9,381,0,false
1439,11395441,1000,0.24138168268837035,0.9,234,0,false
1440,11403360,1000,0.9096789751201868,0.9,915,0.940525389410695,true
1441,11411279,1000,0.7118024055380374,0.9,700,0,false
1442,11419198,1000,0.6609089742414653,0.9,651,0,false
1443,11427117,1000,0.297475274419412,0.9,288,0,false
1444,11435036,1000,0.47125686914660037,0.9,448,0,false
1445,11442955,1000,0.28479825402610004,0.9,268,0,false
1446,11450874,1000,0.4447715680580586,0.9,463,0,false
1447,11458793,1000,0.6764448171015829,0.9,652,0,false
1448,11466712,1000,0.0886200712993741,0.9,89,0,false
1449,11474631,1000,0.4800486583262682,0.9,450,0,false
1450,11482550,1000,0.7277648686431348,0.9,726,0,false
1451,11490469,1000,0.972424358362332,0.9,970,1,true
1452,11498388,1000,0.9092130321078002,0.9,910,0.8442453004076991,true
1453,11506307,1000,0.6295181894674897,0.9,629,0,false
1454,11514226,1000,0.7354703799355775,0.9,723,0,false
1455,11522145,1000,0.8695609152782708,0.9,862,0.00005658041863776386,false
1456,11530064,1000,0.9778668528888375,0.9,985,1,true
1457,11537983,1000,0.6867142997216433,0.9,665,0,false
1458,11545902,1000,0.6193022800143808,0.9,603,0,false
1459,11553821,1000,0.8636400434188545,0.9,848,1.1026361201871282e-7,false
1460,11561740,1000,0.3611906876321882,0.9,365,0,false
1461,11569659,1000,0.8309692793991417,0.9,832,1.4874101950113072e-11,false
1462,11577578,1000,0.6447005909867585,0.9,628,0,false
1463,11585497,1000,0.6327818690333515,0.9,648,0,false
1464,11593416,1000,0.6232941925991327,0.9,613,0,false
1465,11601335,1000,0.41944619407877326,0.9,415,0,false
1466,11609254,1000,0.3494678335264325,0.9,335,0,false
1467,11617173,1000,0.33052844065241516,0.9,333,0,false
1468,11625092,1000,0.5877484129741788,0.9,582,0,false
1469,11633011,1000,0.09817370353266597,0.9,81,0,false
1470,11640930,1000,0.5072810584679246,0.9,518,0,false
1471,11648849,1000,0.031278613954782486,0.9,30,0,false
1472,11656768,1000,0.1657252840232104,0.9,144,0,false
1473,11664687,1000,0.4211222149897367,0.9,438,0,false
1474,11672606,1000,0.5755204693414271,0.9,554,0,false
1475,11680525,1000,0.5715910939034075,0.9,574,0,false
1476,11688444,1000,0.4262011011596769,0.9,433,0,false
1477,11696363,1000,0.750447524478659,0.9,754,0,false
1478,11704282,1000,0.13579637045040727,0.9,132,0,false
1479,11712201,1000,0.4665692935232073,0.9,458,0,false
1480,11720120,1000,0.02342318627052009,0.9,31,0,false
1481,11728039,1000,0.9710039282217622,0.9,970,1,true
1482,11735958,1000,0.4804208083078265,0.9,482,0,false
1483,11743877,1000,0.11294224532321095,0.9,104,0,false
1484,11751796,1000,0.5128968304488808,0.9,516,0,false
1485,11759715,1000,0.8768047129269689,0.9,870,0.001006637170595015,false
1486,11767634,1000,0.7817740296013653,0.9,799,0,false
1487,11775553,1000,0.1038849197793752,0.9,97,0,false
1488,11783472,1000,0.9387760553508997,0.9,930,0.9994451435957012,true
1489,11791391,1000,0.7510282080620527,0.9,761,0,false
1490,11799310,1000,0.9705500388517976,0.9,962,0.9999999999998708,true
1491,11807229,1000,0.2828018043655902,0.9,272,0,false
1492,11815148,1000,0.6689938504714519,0.9,634,0,false
1493,11823067,1000,0.7594415394123644,0.9,739,0,false
1494,11830986,1000,0.24729061592370272,0.9,246,0,false
1495,11838905,1000,0.6340524738188833,0.9,616,0,false
1496,11846824,1000,0.39996877685189247,0.9,412,0,false
1497,11854743,1000,0.8101958390325308,0.9,781,0,false
1498,11862662,1000,0.579893718007952,0.9,602,0,false
1499,11870581,1000,0.26521414681337774,0.9,258,0,false
